Model,DPO4104
Firmware Version,2.68

Waveform Type,ANALOG
Point Format,Y
Horizontal Units,s
Horizontal Scale,1e-05
Horizontal Delay,0.00096833
Sample Interval,1e-08
Record Length,10000
Gating,0.0% to 100.0%
Probe Attenuation,1
Vertical Units,V
Vertical Offset,0
Vertical Scale,0.5
Vertical Position,-1.98
,
,
,
Label,
TIME,CH4
9.183300e-04,0.01
9.183400e-04,0.01
9.183500e-04,0.01
9.183600e-04,0.01
9.183700e-04,0.01
9.183800e-04,0.01
9.183900e-04,0.01
9.184000e-04,0.01
9.184100e-04,0.01
9.184200e-04,0.01
9.184300e-04,0.03
9.184400e-04,0.03
9.184500e-04,0.01
9.184600e-04,0.03
9.184700e-04,0.01
9.184800e-04,0.01
9.184900e-04,0.01
9.185000e-04,0.01
9.185100e-04,0.01
9.185200e-04,0.01
9.185300e-04,-0.01
9.185400e-04,0.01
9.185500e-04,0.03
9.185600e-04,0.01
9.185700e-04,0.03
9.185800e-04,0.01
9.185900e-04,0.03
9.186000e-04,0.03
9.186100e-04,0.03
9.186200e-04,0.01
9.186300e-04,0.01
9.186400e-04,0.01
9.186500e-04,0.01
9.186600e-04,0.01
9.186700e-04,0.03
9.186800e-04,0.01
9.186900e-04,0.01
9.187000e-04,0.03
9.187100e-04,0.01
9.187200e-04,0.01
9.187300e-04,0.01
9.187400e-04,0.01
9.187500e-04,0.03
9.187600e-04,0.01
9.187700e-04,0.03
9.187800e-04,0.03
9.187900e-04,0.01
9.188000e-04,-0.01
9.188100e-04,0.03
9.188200e-04,0.03
9.188300e-04,0.01
9.188400e-04,-0.01
9.188500e-04,0.03
9.188600e-04,0.01
9.188700e-04,0.03
9.188800e-04,0.01
9.188900e-04,-0.01
9.189000e-04,0.01
9.189100e-04,-0.01
9.189200e-04,0.05
9.189300e-04,0.01
9.189400e-04,0.03
9.189500e-04,0.05
9.189600e-04,0.01
9.189700e-04,0.01
9.189800e-04,0.03
9.189900e-04,0.01
9.190000e-04,0.03
9.190100e-04,0.03
9.190200e-04,0.01
9.190300e-04,0.01
9.190400e-04,0.01
9.190500e-04,0.01
9.190600e-04,0.01
9.190700e-04,0.01
9.190800e-04,-0.01
9.190900e-04,0.03
9.191000e-04,-0.01
9.191100e-04,0.01
9.191200e-04,0.01
9.191300e-04,0.01
9.191400e-04,0.01
9.191500e-04,0.01
9.191600e-04,0.01
9.191700e-04,0.01
9.191800e-04,0.03
9.191900e-04,0.01
9.192000e-04,0.03
9.192100e-04,0.03
9.192200e-04,0.01
9.192300e-04,0.01
9.192400e-04,0.01
9.192500e-04,-0.01
9.192600e-04,-0.01
9.192700e-04,0.01
9.192800e-04,-0.03
9.192900e-04,0.01
9.193000e-04,-0.01
9.193100e-04,0.03
9.193200e-04,0.01
9.193300e-04,0.01
9.193400e-04,0.01
9.193500e-04,0.01
9.193600e-04,0.01
9.193700e-04,-0.01
9.193800e-04,0.01
9.193900e-04,0.03
9.194000e-04,0.01
9.194100e-04,-0.01
9.194200e-04,0.01
9.194300e-04,0.01
9.194400e-04,0.03
9.194500e-04,0.01
9.194600e-04,-0.01
9.194700e-04,0.01
9.194800e-04,0.01
9.194900e-04,0.03
9.195000e-04,0.01
9.195100e-04,0.01
9.195200e-04,0.01
9.195300e-04,0.01
9.195400e-04,0.03
9.195500e-04,0.01
9.195600e-04,-0.01
9.195700e-04,0.01
9.195800e-04,0.01
9.195900e-04,0.01
9.196000e-04,0.01
9.196100e-04,0.03
9.196200e-04,-0.01
9.196300e-04,0.01
9.196400e-04,0.01
9.196500e-04,0.01
9.196600e-04,0.03
9.196700e-04,0.01
9.196800e-04,0.03
9.196900e-04,0.03
9.197000e-04,0.01
9.197100e-04,0.01
9.197200e-04,0.03
9.197300e-04,0.03
9.197400e-04,0.03
9.197500e-04,0.01
9.197600e-04,0.01
9.197700e-04,0.01
9.197800e-04,0.03
9.197900e-04,0.03
9.198000e-04,0.01
9.198100e-04,0.03
9.198200e-04,0.03
9.198300e-04,-0.01
9.198400e-04,0.01
9.198500e-04,0.01
9.198600e-04,0.03
9.198700e-04,0.01
9.198800e-04,0.01
9.198900e-04,0.03
9.199000e-04,0.01
9.199100e-04,0.03
9.199200e-04,0.01
9.199300e-04,0.01
9.199400e-04,0.01
9.199500e-04,0.01
9.199600e-04,0.01
9.199700e-04,0.03
9.199800e-04,0.01
9.199900e-04,0.01
9.200000e-04,0.01
9.200100e-04,-0.01
9.200200e-04,0.01
9.200300e-04,0.03
9.200400e-04,0.01
9.200500e-04,0.03
9.200600e-04,0.01
9.200700e-04,0.01
9.200800e-04,0.01
9.200900e-04,0.01
9.201000e-04,0.01
9.201100e-04,0.01
9.201200e-04,0.01
9.201300e-04,0.01
9.201400e-04,0.03
9.201500e-04,-0.01
9.201600e-04,0.01
9.201700e-04,0.01
9.201800e-04,0.01
9.201900e-04,0.01
9.202000e-04,0.03
9.202100e-04,0.01
9.202200e-04,-0.01
9.202300e-04,0.03
9.202400e-04,0.01
9.202500e-04,0.01
9.202600e-04,0.01
9.202700e-04,0.03
9.202800e-04,0.01
9.202900e-04,0.03
9.203000e-04,0.01
9.203100e-04,-0.01
9.203200e-04,0.01
9.203300e-04,0.01
9.203400e-04,0.03
9.203500e-04,0.01
9.203600e-04,-0.01
9.203700e-04,0.03
9.203800e-04,0.03
9.203900e-04,0.01
9.204000e-04,0.01
9.204100e-04,0.01
9.204200e-04,0.03
9.204300e-04,0.03
9.204400e-04,0.03
9.204500e-04,0.01
9.204600e-04,0.05
9.204700e-04,0.03
9.204800e-04,-0.01
9.204900e-04,0.01
9.205000e-04,0.01
9.205100e-04,0.03
9.205200e-04,0.01
9.205300e-04,0.03
9.205400e-04,-0.01
9.205500e-04,0.03
9.205600e-04,0.01
9.205700e-04,0.01
9.205800e-04,0.01
9.205900e-04,0.03
9.206000e-04,-0.01
9.206100e-04,0.03
9.206200e-04,0.01
9.206300e-04,0.01
9.206400e-04,0.01
9.206500e-04,0.01
9.206600e-04,0.01
9.206700e-04,0.03
9.206800e-04,0.01
9.206900e-04,0.03
9.207000e-04,0.03
9.207100e-04,0.01
9.207200e-04,0.03
9.207300e-04,0.03
9.207400e-04,0.01
9.207500e-04,0.01
9.207600e-04,-0.01
9.207700e-04,0.03
9.207800e-04,0.03
9.207900e-04,0.01
9.208000e-04,0.01
9.208100e-04,0.01
9.208200e-04,0.03
9.208300e-04,0.01
9.208400e-04,0.01
9.208500e-04,0.01
9.208600e-04,0.05
9.208700e-04,0.01
9.208800e-04,0.03
9.208900e-04,-0.01
9.209000e-04,0.01
9.209100e-04,0.03
9.209200e-04,0.03
9.209300e-04,0.01
9.209400e-04,0.01
9.209500e-04,0.03
9.209600e-04,0.03
9.209700e-04,-0.01
9.209800e-04,0.03
9.209900e-04,0.01
9.210000e-04,-0.01
9.210100e-04,0.01
9.210200e-04,0.01
9.210300e-04,0.03
9.210400e-04,0.01
9.210500e-04,0.03
9.210600e-04,0.01
9.210700e-04,0.03
9.210800e-04,0.01
9.210900e-04,0.03
9.211000e-04,-0.01
9.211100e-04,0.03
9.211200e-04,0.01
9.211300e-04,0.03
9.211400e-04,-0.01
9.211500e-04,0.03
9.211600e-04,0.05
9.211700e-04,0.01
9.211800e-04,0.03
9.211900e-04,0.05
9.212000e-04,0.01
9.212100e-04,0.01
9.212200e-04,0.01
9.212300e-04,0.01
9.212400e-04,0.01
9.212500e-04,0.03
9.212600e-04,0.03
9.212700e-04,-0.01
9.212800e-04,0.01
9.212900e-04,0.01
9.213000e-04,-0.01
9.213100e-04,0.01
9.213200e-04,-0.01
9.213300e-04,0.01
9.213400e-04,0.03
9.213500e-04,0.01
9.213600e-04,-0.01
9.213700e-04,0.03
9.213800e-04,0.03
9.213900e-04,0.03
9.214000e-04,0.03
9.214100e-04,0.03
9.214200e-04,0.01
9.214300e-04,0.01
9.214400e-04,0.01
9.214500e-04,0.03
9.214600e-04,0.01
9.214700e-04,0.01
9.214800e-04,0.03
9.214900e-04,0.01
9.215000e-04,-0.01
9.215100e-04,0.03
9.215200e-04,-0.01
9.215300e-04,0.03
9.215400e-04,0.01
9.215500e-04,0.03
9.215600e-04,0.01
9.215700e-04,0.01
9.215800e-04,0.01
9.215900e-04,-0.01
9.216000e-04,0.01
9.216100e-04,0.01
9.216200e-04,-0.03
9.216300e-04,0.01
9.216400e-04,0.01
9.216500e-04,0.01
9.216600e-04,0.01
9.216700e-04,0.01
9.216800e-04,0.03
9.216900e-04,0.03
9.217000e-04,0.01
9.217100e-04,0.01
9.217200e-04,-0.01
9.217300e-04,0.03
9.217400e-04,0.03
9.217500e-04,0.03
9.217600e-04,0.01
9.217700e-04,0.01
9.217800e-04,0.03
9.217900e-04,0.03
9.218000e-04,0.01
9.218100e-04,0.01
9.218200e-04,0.03
9.218300e-04,0.03
9.218400e-04,0.01
9.218500e-04,0.01
9.218600e-04,0.03
9.218700e-04,0.01
9.218800e-04,0.01
9.218900e-04,0.01
9.219000e-04,0.01
9.219100e-04,-0.03
9.219200e-04,0.03
9.219300e-04,0.01
9.219400e-04,0.01
9.219500e-04,-0.01
9.219600e-04,0.01
9.219700e-04,0.01
9.219800e-04,-0.01
9.219900e-04,0.01
9.220000e-04,0.03
9.220100e-04,0.03
9.220200e-04,0.01
9.220300e-04,0.01
9.220400e-04,0.01
9.220500e-04,0.01
9.220600e-04,0.03
9.220700e-04,0.01
9.220800e-04,0.01
9.220900e-04,0.01
9.221000e-04,0.01
9.221100e-04,0.01
9.221200e-04,0.01
9.221300e-04,0.03
9.221400e-04,0.03
9.221500e-04,0.01
9.221600e-04,0.01
9.221700e-04,0.01
9.221800e-04,0.01
9.221900e-04,0.03
9.222000e-04,0.01
9.222100e-04,0.03
9.222200e-04,0.01
9.222300e-04,0.01
9.222400e-04,0.01
9.222500e-04,0.01
9.222600e-04,0.01
9.222700e-04,0.03
9.222800e-04,0.01
9.222900e-04,0.01
9.223000e-04,0.01
9.223100e-04,-0.01
9.223200e-04,0.01
9.223300e-04,0.01
9.223400e-04,0.01
9.223500e-04,0.01
9.223600e-04,0.01
9.223700e-04,0.01
9.223800e-04,0.01
9.223900e-04,-0.01
9.224000e-04,0.01
9.224100e-04,-0.01
9.224200e-04,0.01
9.224300e-04,0.01
9.224400e-04,-0.01
9.224500e-04,0.03
9.224600e-04,0.03
9.224700e-04,0.03
9.224800e-04,0.03
9.224900e-04,0.03
9.225000e-04,0.01
9.225100e-04,-0.01
9.225200e-04,-0.01
9.225300e-04,0.01
9.225400e-04,0.03
9.225500e-04,0.01
9.225600e-04,0.01
9.225700e-04,-0.01
9.225800e-04,-0.01
9.225900e-04,0.01
9.226000e-04,0.01
9.226100e-04,0.01
9.226200e-04,0.03
9.226300e-04,0.01
9.226400e-04,0.03
9.226500e-04,0.03
9.226600e-04,0.01
9.226700e-04,-0.01
9.226800e-04,0.01
9.226900e-04,0.03
9.227000e-04,-0.01
9.227100e-04,0.01
9.227200e-04,0.05
9.227300e-04,0.03
9.227400e-04,0.01
9.227500e-04,0.01
9.227600e-04,0.01
9.227700e-04,0.01
9.227800e-04,0.03
9.227900e-04,0.03
9.228000e-04,0.07
9.228100e-04,0.01
9.228200e-04,0.01
9.228300e-04,0.03
9.228400e-04,0.01
9.228500e-04,0.03
9.228600e-04,0.03
9.228700e-04,0.01
9.228800e-04,-0.03
9.228900e-04,0.01
9.229000e-04,0.01
9.229100e-04,0.01
9.229200e-04,0.01
9.229300e-04,0.01
9.229400e-04,0.01
9.229500e-04,-0.01
9.229600e-04,0.03
9.229700e-04,0.03
9.229800e-04,0.01
9.229900e-04,0.01
9.230000e-04,0.01
9.230100e-04,0.01
9.230200e-04,0.03
9.230300e-04,0.01
9.230400e-04,0.03
9.230500e-04,0.01
9.230600e-04,-0.01
9.230700e-04,0.01
9.230800e-04,0.01
9.230900e-04,0.01
9.231000e-04,0.01
9.231100e-04,0.01
9.231200e-04,0.01
9.231300e-04,-0.03
9.231400e-04,0.01
9.231500e-04,0.01
9.231600e-04,0.01
9.231700e-04,0.03
9.231800e-04,0.01
9.231900e-04,0.01
9.232000e-04,-0.01
9.232100e-04,0.01
9.232200e-04,0.03
9.232300e-04,0.03
9.232400e-04,0.01
9.232500e-04,-0.01
9.232600e-04,0.01
9.232700e-04,0.05
9.232800e-04,0.03
9.232900e-04,0.03
9.233000e-04,0.01
9.233100e-04,0.01
9.233200e-04,0.01
9.233300e-04,0.01
9.233400e-04,0.03
9.233500e-04,0.03
9.233600e-04,0.01
9.233700e-04,0.03
9.233800e-04,0.01
9.233900e-04,0.03
9.234000e-04,0.03
9.234100e-04,0.01
9.234200e-04,0.03
9.234300e-04,0.01
9.234400e-04,0.01
9.234500e-04,0.03
9.234600e-04,0.03
9.234700e-04,0.01
9.234800e-04,0.01
9.234900e-04,0.01
9.235000e-04,0.03
9.235100e-04,0.01
9.235200e-04,0.03
9.235300e-04,0.03
9.235400e-04,-0.01
9.235500e-04,0.03
9.235600e-04,0.01
9.235700e-04,0.01
9.235800e-04,0.01
9.235900e-04,0.01
9.236000e-04,0.01
9.236100e-04,0.01
9.236200e-04,0.01
9.236300e-04,0.01
9.236400e-04,0.01
9.236500e-04,0.01
9.236600e-04,0.01
9.236700e-04,0.01
9.236800e-04,0.03
9.236900e-04,0.03
9.237000e-04,0.01
9.237100e-04,0.01
9.237200e-04,0.03
9.237300e-04,0.01
9.237400e-04,-0.01
9.237500e-04,-0.01
9.237600e-04,0.03
9.237700e-04,0.01
9.237800e-04,0.01
9.237900e-04,0.01
9.238000e-04,0.01
9.238100e-04,0.01
9.238200e-04,0.01
9.238300e-04,0.01
9.238400e-04,0.01
9.238500e-04,0.01
9.238600e-04,0.03
9.238700e-04,-0.03
9.238800e-04,0.03
9.238900e-04,0.01
9.239000e-04,0.03
9.239100e-04,0.01
9.239200e-04,0.01
9.239300e-04,0.01
9.239400e-04,0.01
9.239500e-04,0.03
9.239600e-04,0.01
9.239700e-04,0.03
9.239800e-04,0.01
9.239900e-04,0.01
9.240000e-04,0.01
9.240100e-04,0.03
9.240200e-04,0.01
9.240300e-04,0.01
9.240400e-04,-0.01
9.240500e-04,0.01
9.240600e-04,-0.01
9.240700e-04,0.01
9.240800e-04,0.01
9.240900e-04,0.01
9.241000e-04,0.01
9.241100e-04,-0.01
9.241200e-04,0.01
9.241300e-04,0.01
9.241400e-04,0.03
9.241500e-04,0.01
9.241600e-04,0.03
9.241700e-04,0.01
9.241800e-04,0.01
9.241900e-04,0.01
9.242000e-04,0.01
9.242100e-04,0.01
9.242200e-04,-0.03
9.242300e-04,-0.01
9.242400e-04,0.03
9.242500e-04,0.03
9.242600e-04,0.01
9.242700e-04,0.01
9.242800e-04,0.03
9.242900e-04,0.01
9.243000e-04,0.01
9.243100e-04,0.03
9.243200e-04,0.03
9.243300e-04,0.01
9.243400e-04,0.01
9.243500e-04,0.01
9.243600e-04,0.03
9.243700e-04,0.01
9.243800e-04,0.01
9.243900e-04,-0.01
9.244000e-04,-0.01
9.244100e-04,0.01
9.244200e-04,0.03
9.244300e-04,0.03
9.244400e-04,0.03
9.244500e-04,0.01
9.244600e-04,0.01
9.244700e-04,0.01
9.244800e-04,0.03
9.244900e-04,-0.03
9.245000e-04,-0.01
9.245100e-04,0.03
9.245200e-04,0.03
9.245300e-04,0.01
9.245400e-04,0.03
9.245500e-04,0.01
9.245600e-04,0.01
9.245700e-04,-0.01
9.245800e-04,0.01
9.245900e-04,0.03
9.246000e-04,0.05
9.246100e-04,0.01
9.246200e-04,0.01
9.246300e-04,0.05
9.246400e-04,-0.01
9.246500e-04,0.01
9.246600e-04,0.03
9.246700e-04,0.01
9.246800e-04,0.01
9.246900e-04,0.01
9.247000e-04,0.03
9.247100e-04,0.01
9.247200e-04,0.03
9.247300e-04,0.01
9.247400e-04,0.01
9.247500e-04,0.01
9.247600e-04,0.03
9.247700e-04,0.01
9.247800e-04,0.01
9.247900e-04,0.03
9.248000e-04,0.03
9.248100e-04,0.01
9.248200e-04,0.01
9.248300e-04,0.01
9.248400e-04,0.03
9.248500e-04,0.01
9.248600e-04,0.01
9.248700e-04,-0.01
9.248800e-04,-0.01
9.248900e-04,0.01
9.249000e-04,0.01
9.249100e-04,0.01
9.249200e-04,-0.01
9.249300e-04,0.03
9.249400e-04,-0.01
9.249500e-04,0.01
9.249600e-04,0.03
9.249700e-04,0.03
9.249800e-04,0.03
9.249900e-04,-0.01
9.250000e-04,-0.01
9.250100e-04,0.01
9.250200e-04,0.05
9.250300e-04,0.01
9.250400e-04,-0.01
9.250500e-04,0.01
9.250600e-04,0.01
9.250700e-04,0.01
9.250800e-04,0.01
9.250900e-04,0.03
9.251000e-04,0.01
9.251100e-04,0.01
9.251200e-04,0.01
9.251300e-04,0.01
9.251400e-04,0.01
9.251500e-04,0.01
9.251600e-04,0.01
9.251700e-04,0.05
9.251800e-04,0.01
9.251900e-04,0.01
9.252000e-04,0.01
9.252100e-04,0.01
9.252200e-04,0.01
9.252300e-04,0.03
9.252400e-04,0.03
9.252500e-04,0.01
9.252600e-04,0.01
9.252700e-04,0.01
9.252800e-04,0.05
9.252900e-04,-0.01
9.253000e-04,0.01
9.253100e-04,0.03
9.253200e-04,0.03
9.253300e-04,0.01
9.253400e-04,0.03
9.253500e-04,0.03
9.253600e-04,0.03
9.253700e-04,0.05
9.253800e-04,0.01
9.253900e-04,0.01
9.254000e-04,-0.01
9.254100e-04,0.03
9.254200e-04,0.03
9.254300e-04,0.01
9.254400e-04,-0.01
9.254500e-04,0.01
9.254600e-04,0.01
9.254700e-04,0.01
9.254800e-04,0.03
9.254900e-04,0.01
9.255000e-04,0.03
9.255100e-04,0.01
9.255200e-04,0.01
9.255300e-04,0.03
9.255400e-04,0.03
9.255500e-04,0.01
9.255600e-04,0.01
9.255700e-04,0.03
9.255800e-04,0.01
9.255900e-04,0.01
9.256000e-04,0.01
9.256100e-04,0.01
9.256200e-04,0.01
9.256300e-04,0.03
9.256400e-04,0.01
9.256500e-04,0.03
9.256600e-04,0.01
9.256700e-04,0.01
9.256800e-04,0.03
9.256900e-04,0.01
9.257000e-04,0.01
9.257100e-04,0.01
9.257200e-04,0.03
9.257300e-04,0.03
9.257400e-04,0.01
9.257500e-04,-0.01
9.257600e-04,-0.01
9.257700e-04,0.03
9.257800e-04,0.01
9.257900e-04,0.03
9.258000e-04,0.03
9.258100e-04,-0.01
9.258200e-04,0.01
9.258300e-04,0.01
9.258400e-04,0.03
9.258500e-04,0.03
9.258600e-04,0.01
9.258700e-04,0.01
9.258800e-04,0.01
9.258900e-04,0.01
9.259000e-04,0.01
9.259100e-04,0.03
9.259200e-04,0.01
9.259300e-04,0.01
9.259400e-04,0.03
9.259500e-04,0.01
9.259600e-04,0.03
9.259700e-04,0.03
9.259800e-04,0.01
9.259900e-04,0.01
9.260000e-04,0.03
9.260100e-04,0.01
9.260200e-04,0.01
9.260300e-04,0.01
9.260400e-04,0.03
9.260500e-04,0.03
9.260600e-04,0.01
9.260700e-04,0.01
9.260800e-04,0.03
9.260900e-04,0.01
9.261000e-04,0.03
9.261100e-04,0.03
9.261200e-04,0.01
9.261300e-04,0.03
9.261400e-04,0.01
9.261500e-04,0.01
9.261600e-04,0.01
9.261700e-04,0.01
9.261800e-04,0.01
9.261900e-04,0.03
9.262000e-04,0.01
9.262100e-04,-0.01
9.262200e-04,0.01
9.262300e-04,0.03
9.262400e-04,0.01
9.262500e-04,0.03
9.262600e-04,-0.01
9.262700e-04,0.01
9.262800e-04,0.01
9.262900e-04,0.01
9.263000e-04,0.01
9.263100e-04,0.01
9.263200e-04,0.03
9.263300e-04,0.03
9.263400e-04,0.01
9.263500e-04,0.03
9.263600e-04,0.03
9.263700e-04,0.03
9.263800e-04,0.01
9.263900e-04,0.01
9.264000e-04,0.01
9.264100e-04,0.01
9.264200e-04,0.01
9.264300e-04,0.01
9.264400e-04,0.01
9.264500e-04,0.01
9.264600e-04,0.03
9.264700e-04,0.03
9.264800e-04,0.01
9.264900e-04,0.03
9.265000e-04,0.03
9.265100e-04,0.03
9.265200e-04,0.01
9.265300e-04,0.03
9.265400e-04,0.01
9.265500e-04,0.03
9.265600e-04,0.03
9.265700e-04,0.01
9.265800e-04,0.01
9.265900e-04,0.01
9.266000e-04,0.01
9.266100e-04,-0.01
9.266200e-04,0.01
9.266300e-04,-0.01
9.266400e-04,0.01
9.266500e-04,0.03
9.266600e-04,0.01
9.266700e-04,0.01
9.266800e-04,0.03
9.266900e-04,0.05
9.267000e-04,0.01
9.267100e-04,0.03
9.267200e-04,0.03
9.267300e-04,0.01
9.267400e-04,0.03
9.267500e-04,0.01
9.267600e-04,0.01
9.267700e-04,0.01
9.267800e-04,0.01
9.267900e-04,0.01
9.268000e-04,0.01
9.268100e-04,0.01
9.268200e-04,0.03
9.268300e-04,0.01
9.268400e-04,0.01
9.268500e-04,0.03
9.268600e-04,0.03
9.268700e-04,0.01
9.268800e-04,-0.01
9.268900e-04,0.01
9.269000e-04,0.01
9.269100e-04,0.01
9.269200e-04,0.01
9.269300e-04,0.05
9.269400e-04,0.01
9.269500e-04,0.01
9.269600e-04,0.03
9.269700e-04,0.03
9.269800e-04,0.03
9.269900e-04,0.01
9.270000e-04,-0.01
9.270100e-04,0.03
9.270200e-04,0.01
9.270300e-04,0.01
9.270400e-04,0.01
9.270500e-04,-0.01
9.270600e-04,0.03
9.270700e-04,0.01
9.270800e-04,0.01
9.270900e-04,0.01
9.271000e-04,0.01
9.271100e-04,0.01
9.271200e-04,0.03
9.271300e-04,0.03
9.271400e-04,-0.01
9.271500e-04,0.01
9.271600e-04,0.01
9.271700e-04,-0.01
9.271800e-04,0.01
9.271900e-04,0.03
9.272000e-04,0.01
9.272100e-04,0.01
9.272200e-04,0.01
9.272300e-04,0.03
9.272400e-04,0.03
9.272500e-04,0.03
9.272600e-04,0.01
9.272700e-04,0.01
9.272800e-04,0.03
9.272900e-04,0.01
9.273000e-04,0.01
9.273100e-04,0.01
9.273200e-04,0.01
9.273300e-04,0.01
9.273400e-04,0.01
9.273500e-04,0.01
9.273600e-04,0.01
9.273700e-04,0.01
9.273800e-04,0.01
9.273900e-04,0.01
9.274000e-04,0.01
9.274100e-04,0.03
9.274200e-04,0.01
9.274300e-04,0.03
9.274400e-04,0.01
9.274500e-04,0.01
9.274600e-04,-0.01
9.274700e-04,0.01
9.274800e-04,0.01
9.274900e-04,0.01
9.275000e-04,0.01
9.275100e-04,0.01
9.275200e-04,0.01
9.275300e-04,0.01
9.275400e-04,0.01
9.275500e-04,0.01
9.275600e-04,0.03
9.275700e-04,0.05
9.275800e-04,0.03
9.275900e-04,0.05
9.276000e-04,0.01
9.276100e-04,0.01
9.276200e-04,-0.01
9.276300e-04,0.01
9.276400e-04,0.01
9.276500e-04,0.03
9.276600e-04,0.01
9.276700e-04,0.01
9.276800e-04,0.01
9.276900e-04,0.03
9.277000e-04,0.01
9.277100e-04,-0.01
9.277200e-04,0.03
9.277300e-04,0.01
9.277400e-04,0.01
9.277500e-04,0.01
9.277600e-04,0.03
9.277700e-04,0.03
9.277800e-04,0.01
9.277900e-04,0.01
9.278000e-04,0.01
9.278100e-04,0.01
9.278200e-04,0.05
9.278300e-04,0.01
9.278400e-04,0.01
9.278500e-04,-0.01
9.278600e-04,0.03
9.278700e-04,0.01
9.278800e-04,-0.01
9.278900e-04,0.01
9.279000e-04,0.01
9.279100e-04,0.03
9.279200e-04,-0.01
9.279300e-04,0.01
9.279400e-04,0.03
9.279500e-04,0.01
9.279600e-04,0.01
9.279700e-04,-0.01
9.279800e-04,0.01
9.279900e-04,0.01
9.280000e-04,0.01
9.280100e-04,0.01
9.280200e-04,0.01
9.280300e-04,0.03
9.280400e-04,0.03
9.280500e-04,0.01
9.280600e-04,0.01
9.280700e-04,0.03
9.280800e-04,0.01
9.280900e-04,0.05
9.281000e-04,0.03
9.281100e-04,-0.01
9.281200e-04,0.03
9.281300e-04,0.01
9.281400e-04,0.01
9.281500e-04,0.03
9.281600e-04,-0.01
9.281700e-04,0.01
9.281800e-04,0.01
9.281900e-04,0.01
9.282000e-04,0.03
9.282100e-04,0.01
9.282200e-04,0.01
9.282300e-04,-0.01
9.282400e-04,0.01
9.282500e-04,-0.01
9.282600e-04,0.01
9.282700e-04,0.01
9.282800e-04,0.03
9.282900e-04,0.01
9.283000e-04,0.01
9.283100e-04,0.01
9.283200e-04,0.01
9.283300e-04,0.03
9.283400e-04,0.03
9.283500e-04,0.01
9.283600e-04,0.01
9.283700e-04,0.03
9.283800e-04,-0.01
9.283900e-04,0.01
9.284000e-04,0.01
9.284100e-04,0.03
9.284200e-04,0.01
9.284300e-04,0.01
9.284400e-04,0.03
9.284500e-04,0.03
9.284600e-04,0.01
9.284700e-04,0.03
9.284800e-04,0.01
9.284900e-04,-0.01
9.285000e-04,-0.01
9.285100e-04,0.03
9.285200e-04,0.03
9.285300e-04,0.01
9.285400e-04,0.03
9.285500e-04,0.01
9.285600e-04,0.01
9.285700e-04,0.01
9.285800e-04,0.01
9.285900e-04,0.01
9.286000e-04,0.01
9.286100e-04,-0.01
9.286200e-04,0.01
9.286300e-04,0.01
9.286400e-04,0.01
9.286500e-04,0.01
9.286600e-04,0.03
9.286700e-04,0.01
9.286800e-04,0.03
9.286900e-04,0.01
9.287000e-04,-0.01
9.287100e-04,0.01
9.287200e-04,0.01
9.287300e-04,0.03
9.287400e-04,0.01
9.287500e-04,0.01
9.287600e-04,0.01
9.287700e-04,0.01
9.287800e-04,0.01
9.287900e-04,0.03
9.288000e-04,0.03
9.288100e-04,0.03
9.288200e-04,-0.01
9.288300e-04,0.03
9.288400e-04,0.03
9.288500e-04,0.03
9.288600e-04,0.03
9.288700e-04,0.01
9.288800e-04,0.03
9.288900e-04,0.03
9.289000e-04,0.01
9.289100e-04,0.01
9.289200e-04,0.01
9.289300e-04,0.01
9.289400e-04,0.01
9.289500e-04,0.03
9.289600e-04,-0.01
9.289700e-04,0.03
9.289800e-04,0.01
9.289900e-04,0.01
9.290000e-04,0.03
9.290100e-04,0.01
9.290200e-04,0.01
9.290300e-04,0.03
9.290400e-04,0.01
9.290500e-04,0.01
9.290600e-04,0.03
9.290700e-04,0.01
9.290800e-04,0.03
9.290900e-04,0.01
9.291000e-04,0.01
9.291100e-04,0.01
9.291200e-04,0.01
9.291300e-04,0.03
9.291400e-04,0.01
9.291500e-04,0.01
9.291600e-04,0.01
9.291700e-04,-0.01
9.291800e-04,0.03
9.291900e-04,0.03
9.292000e-04,0.01
9.292100e-04,0.03
9.292200e-04,0.01
9.292300e-04,0.01
9.292400e-04,0.01
9.292500e-04,-0.01
9.292600e-04,-0.01
9.292700e-04,0.03
9.292800e-04,0.01
9.292900e-04,0.01
9.293000e-04,0.03
9.293100e-04,0.03
9.293200e-04,0.01
9.293300e-04,0.01
9.293400e-04,0.03
9.293500e-04,0.01
9.293600e-04,0.01
9.293700e-04,-0.01
9.293800e-04,0.01
9.293900e-04,0.01
9.294000e-04,0.01
9.294100e-04,0.01
9.294200e-04,0.01
9.294300e-04,0.01
9.294400e-04,0.01
9.294500e-04,0.01
9.294600e-04,0.05
9.294700e-04,0.01
9.294800e-04,0.01
9.294900e-04,0.03
9.295000e-04,0.03
9.295100e-04,0.01
9.295200e-04,0.01
9.295300e-04,0.01
9.295400e-04,0.03
9.295500e-04,0.01
9.295600e-04,0.01
9.295700e-04,0.01
9.295800e-04,0.01
9.295900e-04,0.03
9.296000e-04,-0.01
9.296100e-04,0.01
9.296200e-04,0.01
9.296300e-04,0.03
9.296400e-04,0.01
9.296500e-04,0.01
9.296600e-04,0.03
9.296700e-04,0.01
9.296800e-04,0.01
9.296900e-04,0.01
9.297000e-04,0.03
9.297100e-04,0.03
9.297200e-04,-0.01
9.297300e-04,0.03
9.297400e-04,0.01
9.297500e-04,0.01
9.297600e-04,0.01
9.297700e-04,0.01
9.297800e-04,0.01
9.297900e-04,-0.01
9.298000e-04,0.01
9.298100e-04,0.03
9.298200e-04,0.03
9.298300e-04,-0.01
9.298400e-04,0.01
9.298500e-04,0.01
9.298600e-04,0.01
9.298700e-04,0.01
9.298800e-04,0.03
9.298900e-04,0.01
9.299000e-04,0.01
9.299100e-04,0.01
9.299200e-04,0.03
9.299300e-04,0.03
9.299400e-04,0.03
9.299500e-04,0.03
9.299600e-04,0.01
9.299700e-04,0.03
9.299800e-04,0.01
9.299900e-04,-0.01
9.300000e-04,0.03
9.300100e-04,0.01
9.300200e-04,0.03
9.300300e-04,0.03
9.300400e-04,-0.01
9.300500e-04,0.01
9.300600e-04,-0.01
9.300700e-04,0.01
9.300800e-04,-0.01
9.300900e-04,-0.01
9.301000e-04,0.01
9.301100e-04,0.01
9.301200e-04,0.01
9.301300e-04,0.01
9.301400e-04,0.01
9.301500e-04,0.01
9.301600e-04,0.03
9.301700e-04,0.01
9.301800e-04,0.01
9.301900e-04,0.03
9.302000e-04,-0.01
9.302100e-04,0.01
9.302200e-04,0.03
9.302300e-04,0.01
9.302400e-04,0.03
9.302500e-04,0.03
9.302600e-04,0.01
9.302700e-04,0.01
9.302800e-04,0.03
9.302900e-04,0.01
9.303000e-04,0.01
9.303100e-04,0.01
9.303200e-04,0.01
9.303300e-04,0.03
9.303400e-04,0.01
9.303500e-04,0.03
9.303600e-04,0.01
9.303700e-04,0.01
9.303800e-04,-0.01
9.303900e-04,-0.01
9.304000e-04,-0.01
9.304100e-04,0.03
9.304200e-04,-0.01
9.304300e-04,0.03
9.304400e-04,0.01
9.304500e-04,0.03
9.304600e-04,0.01
9.304700e-04,0.03
9.304800e-04,0.01
9.304900e-04,0.03
9.305000e-04,0.01
9.305100e-04,0.01
9.305200e-04,0.03
9.305300e-04,0.01
9.305400e-04,0.03
9.305500e-04,0.03
9.305600e-04,0.01
9.305700e-04,0.05
9.305800e-04,0.01
9.305900e-04,0.01
9.306000e-04,0.03
9.306100e-04,0.01
9.306200e-04,0.01
9.306300e-04,0.03
9.306400e-04,-0.01
9.306500e-04,0.03
9.306600e-04,0.01
9.306700e-04,0.03
9.306800e-04,0.01
9.306900e-04,0.01
9.307000e-04,0.01
9.307100e-04,0.03
9.307200e-04,0.01
9.307300e-04,0.03
9.307400e-04,0.01
9.307500e-04,0.01
9.307600e-04,0.05
9.307700e-04,0.03
9.307800e-04,0.03
9.307900e-04,0.01
9.308000e-04,0.03
9.308100e-04,0.01
9.308200e-04,0.01
9.308300e-04,-0.01
9.308400e-04,0.03
9.308500e-04,0.03
9.308600e-04,0.01
9.308700e-04,-0.01
9.308800e-04,0.03
9.308900e-04,0.03
9.309000e-04,0.03
9.309100e-04,0.01
9.309200e-04,0.01
9.309300e-04,0.03
9.309400e-04,0.01
9.309500e-04,0.01
9.309600e-04,-0.01
9.309700e-04,0.01
9.309800e-04,0.01
9.309900e-04,0.05
9.310000e-04,0.01
9.310100e-04,0.03
9.310200e-04,-0.01
9.310300e-04,0.03
9.310400e-04,0.01
9.310500e-04,-0.01
9.310600e-04,0.01
9.310700e-04,0.01
9.310800e-04,0.01
9.310900e-04,-0.01
9.311000e-04,0.01
9.311100e-04,0.01
9.311200e-04,0.01
9.311300e-04,0.01
9.311400e-04,-0.01
9.311500e-04,0.01
9.311600e-04,0.01
9.311700e-04,0.01
9.311800e-04,0.01
9.311900e-04,-0.01
9.312000e-04,0.03
9.312100e-04,0.01
9.312200e-04,0.03
9.312300e-04,0.01
9.312400e-04,0.01
9.312500e-04,0.01
9.312600e-04,0.03
9.312700e-04,0.03
9.312800e-04,0.03
9.312900e-04,0.01
9.313000e-04,0.03
9.313100e-04,0.01
9.313200e-04,0.01
9.313300e-04,0.01
9.313400e-04,0.03
9.313500e-04,0.01
9.313600e-04,0.01
9.313700e-04,0.01
9.313800e-04,0.05
9.313900e-04,0.03
9.314000e-04,-0.01
9.314100e-04,0.01
9.314200e-04,0.01
9.314300e-04,0.01
9.314400e-04,0.01
9.314500e-04,0.01
9.314600e-04,0.01
9.314700e-04,0.03
9.314800e-04,-0.01
9.314900e-04,0.01
9.315000e-04,-0.01
9.315100e-04,0.01
9.315200e-04,0.01
9.315300e-04,-0.01
9.315400e-04,0.03
9.315500e-04,-0.01
9.315600e-04,0.01
9.315700e-04,0.01
9.315800e-04,0.01
9.315900e-04,0.01
9.316000e-04,-0.01
9.316100e-04,0.01
9.316200e-04,0.03
9.316300e-04,0.01
9.316400e-04,0.05
9.316500e-04,0.01
9.316600e-04,0.01
9.316700e-04,0.01
9.316800e-04,0.01
9.316900e-04,-0.01
9.317000e-04,-0.01
9.317100e-04,0.03
9.317200e-04,0.05
9.317300e-04,0.01
9.317400e-04,0.01
9.317500e-04,0.01
9.317600e-04,0.01
9.317700e-04,0.01
9.317800e-04,0.03
9.317900e-04,0.07
9.318000e-04,0.01
9.318100e-04,0.03
9.318200e-04,0.01
9.318300e-04,0.01
9.318400e-04,0.01
9.318500e-04,0.01
9.318600e-04,0.01
9.318700e-04,0.01
9.318800e-04,0.03
9.318900e-04,0.01
9.319000e-04,0.01
9.319100e-04,0.07
9.319200e-04,0.01
9.319300e-04,0.01
9.319400e-04,-0.01
9.319500e-04,0.01
9.319600e-04,0.03
9.319700e-04,0.03
9.319800e-04,0.01
9.319900e-04,0.03
9.320000e-04,0.01
9.320100e-04,0.01
9.320200e-04,0.01
9.320300e-04,0.01
9.320400e-04,-0.01
9.320500e-04,0.01
9.320600e-04,0.03
9.320700e-04,-0.03
9.320800e-04,0.01
9.320900e-04,0.01
9.321000e-04,0.01
9.321100e-04,0.01
9.321200e-04,0.01
9.321300e-04,0.05
9.321400e-04,0.03
9.321500e-04,0.01
9.321600e-04,0.01
9.321700e-04,0.01
9.321800e-04,-0.01
9.321900e-04,0.03
9.322000e-04,0.01
9.322100e-04,0.01
9.322200e-04,0.01
9.322300e-04,0.03
9.322400e-04,0.01
9.322500e-04,-0.01
9.322600e-04,0.03
9.322700e-04,0.01
9.322800e-04,0.01
9.322900e-04,0.01
9.323000e-04,0.03
9.323100e-04,0.03
9.323200e-04,0.01
9.323300e-04,0.03
9.323400e-04,0.01
9.323500e-04,0.01
9.323600e-04,-0.01
9.323700e-04,0.01
9.323800e-04,0.03
9.323900e-04,0.01
9.324000e-04,-0.01
9.324100e-04,-0.01
9.324200e-04,0.01
9.324300e-04,0.01
9.324400e-04,0.01
9.324500e-04,0.01
9.324600e-04,0.01
9.324700e-04,0.03
9.324800e-04,0.03
9.324900e-04,0.03
9.325000e-04,-0.01
9.325100e-04,-0.03
9.325200e-04,0.01
9.325300e-04,0.03
9.325400e-04,-0.01
9.325500e-04,0.01
9.325600e-04,0.01
9.325700e-04,-0.01
9.325800e-04,0.03
9.325900e-04,0.01
9.326000e-04,0.03
9.326100e-04,0.03
9.326200e-04,0.01
9.326300e-04,0.01
9.326400e-04,0.01
9.326500e-04,0.01
9.326600e-04,0.01
9.326700e-04,-0.01
9.326800e-04,-0.01
9.326900e-04,0.01
9.327000e-04,0.03
9.327100e-04,0.01
9.327200e-04,-0.01
9.327300e-04,-0.03
9.327400e-04,0.01
9.327500e-04,0.03
9.327600e-04,0.01
9.327700e-04,0.01
9.327800e-04,-0.01
9.327900e-04,0.03
9.328000e-04,0.01
9.328100e-04,-0.01
9.328200e-04,0.01
9.328300e-04,0.01
9.328400e-04,-0.01
9.328500e-04,0.03
9.328600e-04,0.01
9.328700e-04,0.01
9.328800e-04,0.01
9.328900e-04,0.01
9.329000e-04,0.01
9.329100e-04,0.03
9.329200e-04,0.01
9.329300e-04,0.01
9.329400e-04,0.01
9.329500e-04,0.03
9.329600e-04,0.01
9.329700e-04,0.03
9.329800e-04,0.01
9.329900e-04,0.01
9.330000e-04,0.03
9.330100e-04,0.03
9.330200e-04,-0.01
9.330300e-04,-0.01
9.330400e-04,0.03
9.330500e-04,0.01
9.330600e-04,0.03
9.330700e-04,0.03
9.330800e-04,0.01
9.330900e-04,0.01
9.331000e-04,0.01
9.331100e-04,0.01
9.331200e-04,0.03
9.331300e-04,0.03
9.331400e-04,0.01
9.331500e-04,0.01
9.331600e-04,-0.01
9.331700e-04,0.01
9.331800e-04,0.01
9.331900e-04,0.03
9.332000e-04,0.03
9.332100e-04,0.01
9.332200e-04,0.03
9.332300e-04,0.01
9.332400e-04,0.01
9.332500e-04,0.03
9.332600e-04,0.01
9.332700e-04,0.05
9.332800e-04,-0.01
9.332900e-04,0.01
9.333000e-04,0.01
9.333100e-04,0.01
9.333200e-04,0.01
9.333300e-04,0.01
9.333400e-04,0.03
9.333500e-04,0.03
9.333600e-04,0.01
9.333700e-04,0.03
9.333800e-04,0.01
9.333900e-04,0.01
9.334000e-04,0.01
9.334100e-04,0.03
9.334200e-04,0.01
9.334300e-04,0.01
9.334400e-04,0.03
9.334500e-04,0.03
9.334600e-04,0.03
9.334700e-04,0.01
9.334800e-04,0.01
9.334900e-04,0.03
9.335000e-04,0.01
9.335100e-04,0.03
9.335200e-04,0.01
9.335300e-04,0.01
9.335400e-04,-0.01
9.335500e-04,0.01
9.335600e-04,0.03
9.335700e-04,0.01
9.335800e-04,0.01
9.335900e-04,-0.01
9.336000e-04,0.01
9.336100e-04,0.03
9.336200e-04,0.01
9.336300e-04,0.01
9.336400e-04,0.03
9.336500e-04,0.03
9.336600e-04,0.03
9.336700e-04,0.01
9.336800e-04,-0.01
9.336900e-04,0.01
9.337000e-04,0.01
9.337100e-04,0.01
9.337200e-04,0.03
9.337300e-04,0.01
9.337400e-04,0.01
9.337500e-04,0.01
9.337600e-04,0.01
9.337700e-04,0.03
9.337800e-04,0.01
9.337900e-04,0.01
9.338000e-04,-0.01
9.338100e-04,0.01
9.338200e-04,0.03
9.338300e-04,0.01
9.338400e-04,0.01
9.338500e-04,0.01
9.338600e-04,0.01
9.338700e-04,0.01
9.338800e-04,0.01
9.338900e-04,-0.01
9.339000e-04,0.01
9.339100e-04,-0.01
9.339200e-04,0.03
9.339300e-04,0.03
9.339400e-04,0.01
9.339500e-04,0.03
9.339600e-04,0.05
9.339700e-04,0.03
9.339800e-04,0.01
9.339900e-04,0.03
9.340000e-04,0.01
9.340100e-04,0.01
9.340200e-04,0.01
9.340300e-04,0.03
9.340400e-04,0.03
9.340500e-04,0.01
9.340600e-04,0.03
9.340700e-04,-0.01
9.340800e-04,0.03
9.340900e-04,0.01
9.341000e-04,-0.01
9.341100e-04,0.01
9.341200e-04,0.01
9.341300e-04,0.01
9.341400e-04,0.01
9.341500e-04,0.01
9.341600e-04,0.03
9.341700e-04,0.03
9.341800e-04,0.01
9.341900e-04,0.03
9.342000e-04,0.03
9.342100e-04,-0.01
9.342200e-04,0.01
9.342300e-04,0.01
9.342400e-04,0.01
9.342500e-04,0.03
9.342600e-04,0.01
9.342700e-04,0.01
9.342800e-04,0.01
9.342900e-04,0.01
9.343000e-04,0.03
9.343100e-04,0.01
9.343200e-04,0.01
9.343300e-04,0.03
9.343400e-04,0.01
9.343500e-04,0.01
9.343600e-04,0.03
9.343700e-04,-0.01
9.343800e-04,0.03
9.343900e-04,0.03
9.344000e-04,0.01
9.344100e-04,0.01
9.344200e-04,-0.01
9.344300e-04,0.03
9.344400e-04,0.01
9.344500e-04,0.03
9.344600e-04,0.01
9.344700e-04,0.01
9.344800e-04,-0.01
9.344900e-04,0.01
9.345000e-04,0.01
9.345100e-04,0.01
9.345200e-04,-0.01
9.345300e-04,0.03
9.345400e-04,0.01
9.345500e-04,0.01
9.345600e-04,0.01
9.345700e-04,0.03
9.345800e-04,0.01
9.345900e-04,0.03
9.346000e-04,0.01
9.346100e-04,0.01
9.346200e-04,0.01
9.346300e-04,0.01
9.346400e-04,0.03
9.346500e-04,0.01
9.346600e-04,0.01
9.346700e-04,0.03
9.346800e-04,0.01
9.346900e-04,0.01
9.347000e-04,0.03
9.347100e-04,0.01
9.347200e-04,0.01
9.347300e-04,0.01
9.347400e-04,0.03
9.347500e-04,-0.01
9.347600e-04,0.01
9.347700e-04,0.01
9.347800e-04,-0.01
9.347900e-04,0.01
9.348000e-04,0.01
9.348100e-04,0.03
9.348200e-04,0.01
9.348300e-04,0.01
9.348400e-04,-0.01
9.348500e-04,0.03
9.348600e-04,0.01
9.348700e-04,0.05
9.348800e-04,0.03
9.348900e-04,0.01
9.349000e-04,0.01
9.349100e-04,0.01
9.349200e-04,0.01
9.349300e-04,0.03
9.349400e-04,0.01
9.349500e-04,0.01
9.349600e-04,0.03
9.349700e-04,0.01
9.349800e-04,0.01
9.349900e-04,0.01
9.350000e-04,0.01
9.350100e-04,0.03
9.350200e-04,0.03
9.350300e-04,-0.01
9.350400e-04,0.03
9.350500e-04,0.03
9.350600e-04,0.01
9.350700e-04,-0.01
9.350800e-04,0.01
9.350900e-04,0.03
9.351000e-04,0.01
9.351100e-04,-0.01
9.351200e-04,0.01
9.351300e-04,0.03
9.351400e-04,0.03
9.351500e-04,0.03
9.351600e-04,0.01
9.351700e-04,0.01
9.351800e-04,0.03
9.351900e-04,0.03
9.352000e-04,-0.01
9.352100e-04,0.01
9.352200e-04,0.03
9.352300e-04,0.01
9.352400e-04,0.01
9.352500e-04,0.03
9.352600e-04,0.05
9.352700e-04,0.01
9.352800e-04,0.01
9.352900e-04,0.03
9.353000e-04,0.01
9.353100e-04,0.03
9.353200e-04,0.03
9.353300e-04,0.01
9.353400e-04,-0.01
9.353500e-04,0.01
9.353600e-04,0.01
9.353700e-04,0.03
9.353800e-04,0.01
9.353900e-04,0.03
9.354000e-04,0.03
9.354100e-04,0.01
9.354200e-04,0.03
9.354300e-04,0.01
9.354400e-04,0.01
9.354500e-04,-0.01
9.354600e-04,0.01
9.354700e-04,-0.01
9.354800e-04,-0.01
9.354900e-04,0.05
9.355000e-04,0.01
9.355100e-04,0.01
9.355200e-04,0.03
9.355300e-04,0.01
9.355400e-04,0.01
9.355500e-04,0.01
9.355600e-04,-0.01
9.355700e-04,0.03
9.355800e-04,0.01
9.355900e-04,0.03
9.356000e-04,0.01
9.356100e-04,0.03
9.356200e-04,0.01
9.356300e-04,0.01
9.356400e-04,-0.01
9.356500e-04,0.01
9.356600e-04,0.01
9.356700e-04,0.01
9.356800e-04,0.01
9.356900e-04,0.01
9.357000e-04,-0.01
9.357100e-04,0.03
9.357200e-04,-0.01
9.357300e-04,0.03
9.357400e-04,-0.01
9.357500e-04,-0.01
9.357600e-04,0.03
9.357700e-04,0.01
9.357800e-04,0.01
9.357900e-04,0.01
9.358000e-04,0.01
9.358100e-04,-0.01
9.358200e-04,0.01
9.358300e-04,0.03
9.358400e-04,0.01
9.358500e-04,0.01
9.358600e-04,0.01
9.358700e-04,-0.01
9.358800e-04,-0.01
9.358900e-04,0.01
9.359000e-04,0.01
9.359100e-04,0.01
9.359200e-04,0.01
9.359300e-04,0.01
9.359400e-04,0.01
9.359500e-04,0.01
9.359600e-04,0.03
9.359700e-04,0.01
9.359800e-04,0.03
9.359900e-04,0.01
9.360000e-04,0.01
9.360100e-04,0.03
9.360200e-04,0.01
9.360300e-04,0.01
9.360400e-04,0.01
9.360500e-04,-0.01
9.360600e-04,0.03
9.360700e-04,0.03
9.360800e-04,0.03
9.360900e-04,0.03
9.361000e-04,0.01
9.361100e-04,0.01
9.361200e-04,-0.01
9.361300e-04,0.03
9.361400e-04,0.01
9.361500e-04,0.03
9.361600e-04,0.01
9.361700e-04,-0.01
9.361800e-04,0.01
9.361900e-04,0.01
9.362000e-04,0.03
9.362100e-04,0.03
9.362200e-04,0.01
9.362300e-04,0.01
9.362400e-04,0.01
9.362500e-04,0.01
9.362600e-04,0.01
9.362700e-04,0.03
9.362800e-04,0.01
9.362900e-04,0.01
9.363000e-04,-0.01
9.363100e-04,0.01
9.363200e-04,0.01
9.363300e-04,0.01
9.363400e-04,-0.01
9.363500e-04,0.03
9.363600e-04,0.03
9.363700e-04,0.03
9.363800e-04,0.01
9.363900e-04,0.01
9.364000e-04,0.01
9.364100e-04,-0.01
9.364200e-04,0.01
9.364300e-04,0.03
9.364400e-04,0.03
9.364500e-04,0.03
9.364600e-04,0.01
9.364700e-04,0.01
9.364800e-04,0.01
9.364900e-04,0.01
9.365000e-04,0.01
9.365100e-04,0.03
9.365200e-04,0.03
9.365300e-04,-0.01
9.365400e-04,0.01
9.365500e-04,-0.01
9.365600e-04,0.01
9.365700e-04,0.01
9.365800e-04,0.03
9.365900e-04,0.03
9.366000e-04,0.03
9.366100e-04,0.01
9.366200e-04,0.01
9.366300e-04,0.03
9.366400e-04,0.01
9.366500e-04,-0.01
9.366600e-04,0.01
9.366700e-04,0.01
9.366800e-04,0.03
9.366900e-04,0.01
9.367000e-04,0.03
9.367100e-04,0.01
9.367200e-04,0.01
9.367300e-04,0.03
9.367400e-04,0.01
9.367500e-04,-0.01
9.367600e-04,0.05
9.367700e-04,0.03
9.367800e-04,0.03
9.367900e-04,0.03
9.368000e-04,0.01
9.368100e-04,0.01
9.368200e-04,0.01
9.368300e-04,0.01
9.368400e-04,0.03
9.368500e-04,0.01
9.368600e-04,-0.01
9.368700e-04,0.01
9.368800e-04,0.01
9.368900e-04,-0.01
9.369000e-04,0.03
9.369100e-04,0.01
9.369200e-04,-0.01
9.369300e-04,-0.03
9.369400e-04,0.01
9.369500e-04,0.03
9.369600e-04,0.01
9.369700e-04,0.01
9.369800e-04,0.05
9.369900e-04,0.01
9.370000e-04,0.01
9.370100e-04,0.01
9.370200e-04,0.03
9.370300e-04,0.03
9.370400e-04,0.03
9.370500e-04,0.03
9.370600e-04,0.01
9.370700e-04,0.01
9.370800e-04,0.01
9.370900e-04,0.03
9.371000e-04,0.01
9.371100e-04,0.01
9.371200e-04,0.03
9.371300e-04,0.01
9.371400e-04,-0.01
9.371500e-04,0.03
9.371600e-04,0.01
9.371700e-04,0.01
9.371800e-04,0.03
9.371900e-04,0.01
9.372000e-04,0.01
9.372100e-04,0.01
9.372200e-04,0.01
9.372300e-04,0.03
9.372400e-04,0.01
9.372500e-04,0.01
9.372600e-04,0.01
9.372700e-04,0.01
9.372800e-04,-0.01
9.372900e-04,0.03
9.373000e-04,0.01
9.373100e-04,0.03
9.373200e-04,0.01
9.373300e-04,0.01
9.373400e-04,0.03
9.373500e-04,0.01
9.373600e-04,0.03
9.373700e-04,0.03
9.373800e-04,0.01
9.373900e-04,0.03
9.374000e-04,0.03
9.374100e-04,0.03
9.374200e-04,0.01
9.374300e-04,0.03
9.374400e-04,0.01
9.374500e-04,0.01
9.374600e-04,0.01
9.374700e-04,0.03
9.374800e-04,0.01
9.374900e-04,0.01
9.375000e-04,-0.01
9.375100e-04,0.01
9.375200e-04,-0.01
9.375300e-04,0.03
9.375400e-04,0.01
9.375500e-04,0.03
9.375600e-04,-0.01
9.375700e-04,-0.01
9.375800e-04,0.01
9.375900e-04,-0.01
9.376000e-04,0.01
9.376100e-04,0.03
9.376200e-04,0.03
9.376300e-04,0.03
9.376400e-04,0.03
9.376500e-04,0.01
9.376600e-04,0.01
9.376700e-04,0.01
9.376800e-04,0.01
9.376900e-04,0.01
9.377000e-04,0.01
9.377100e-04,0.01
9.377200e-04,0.01
9.377300e-04,-0.03
9.377400e-04,0.03
9.377500e-04,0.01
9.377600e-04,0.01
9.377700e-04,-0.01
9.377800e-04,0.01
9.377900e-04,0.01
9.378000e-04,0.03
9.378100e-04,0.01
9.378200e-04,0.03
9.378300e-04,0.01
9.378400e-04,0.03
9.378500e-04,0.01
9.378600e-04,0.01
9.378700e-04,0.01
9.378800e-04,0.01
9.378900e-04,0.01
9.379000e-04,0.01
9.379100e-04,0.03
9.379200e-04,0.01
9.379300e-04,0.03
9.379400e-04,0.01
9.379500e-04,-0.03
9.379600e-04,0.01
9.379700e-04,-0.01
9.379800e-04,0.01
9.379900e-04,-0.01
9.380000e-04,0.03
9.380100e-04,0.03
9.380200e-04,0.01
9.380300e-04,0.01
9.380400e-04,0.03
9.380500e-04,0.01
9.380600e-04,0.01
9.380700e-04,0.01
9.380800e-04,0.03
9.380900e-04,0.01
9.381000e-04,0.03
9.381100e-04,0.01
9.381200e-04,0.03
9.381300e-04,0.03
9.381400e-04,0.03
9.381500e-04,0.01
9.381600e-04,0.01
9.381700e-04,0.01
9.381800e-04,0.01
9.381900e-04,0.01
9.382000e-04,0.01
9.382100e-04,-0.01
9.382200e-04,0.01
9.382300e-04,0.03
9.382400e-04,-0.01
9.382500e-04,0.01
9.382600e-04,0.03
9.382700e-04,0.01
9.382800e-04,0.01
9.382900e-04,0.01
9.383000e-04,0.03
9.383100e-04,0.03
9.383200e-04,0.03
9.383300e-04,0.01
9.383400e-04,0.03
9.383500e-04,-0.01
9.383600e-04,0.03
9.383700e-04,0.01
9.383800e-04,0.03
9.383900e-04,0.03
9.384000e-04,0.03
9.384100e-04,0.03
9.384200e-04,0.01
9.384300e-04,0.01
9.384400e-04,0.03
9.384500e-04,-0.01
9.384600e-04,0.01
9.384700e-04,0.03
9.384800e-04,0.01
9.384900e-04,0.03
9.385000e-04,0.01
9.385100e-04,0.01
9.385200e-04,0.01
9.385300e-04,0.03
9.385400e-04,0.03
9.385500e-04,0.03
9.385600e-04,0.01
9.385700e-04,0.01
9.385800e-04,0.03
9.385900e-04,0.01
9.386000e-04,0.03
9.386100e-04,0.03
9.386200e-04,0.03
9.386300e-04,0.01
9.386400e-04,0.01
9.386500e-04,0.05
9.386600e-04,-0.03
9.386700e-04,0.03
9.386800e-04,0.03
9.386900e-04,-0.01
9.387000e-04,-0.01
9.387100e-04,-0.01
9.387200e-04,0.03
9.387300e-04,0.01
9.387400e-04,0.03
9.387500e-04,-0.01
9.387600e-04,0.03
9.387700e-04,0.01
9.387800e-04,0.01
9.387900e-04,0.03
9.388000e-04,0.03
9.388100e-04,0.01
9.388200e-04,0.01
9.388300e-04,0.01
9.388400e-04,0.01
9.388500e-04,0.01
9.388600e-04,0.03
9.388700e-04,0.01
9.388800e-04,0.03
9.388900e-04,0.01
9.389000e-04,0.01
9.389100e-04,-0.01
9.389200e-04,0.03
9.389300e-04,0.01
9.389400e-04,0.01
9.389500e-04,0.01
9.389600e-04,0.03
9.389700e-04,0.03
9.389800e-04,0.01
9.389900e-04,0.03
9.390000e-04,0.01
9.390100e-04,0.03
9.390200e-04,0.03
9.390300e-04,0.03
9.390400e-04,0.01
9.390500e-04,0.03
9.390600e-04,0.01
9.390700e-04,0.03
9.390800e-04,0.03
9.390900e-04,0.03
9.391000e-04,0.01
9.391100e-04,0.01
9.391200e-04,0.03
9.391300e-04,0.03
9.391400e-04,0.01
9.391500e-04,-0.01
9.391600e-04,0.01
9.391700e-04,0.03
9.391800e-04,0.03
9.391900e-04,0.01
9.392000e-04,0.01
9.392100e-04,0.03
9.392200e-04,0.01
9.392300e-04,0.01
9.392400e-04,0.03
9.392500e-04,0.03
9.392600e-04,0.01
9.392700e-04,-0.01
9.392800e-04,0.01
9.392900e-04,0.01
9.393000e-04,0.03
9.393100e-04,-0.03
9.393200e-04,0.01
9.393300e-04,0.01
9.393400e-04,0.01
9.393500e-04,0.01
9.393600e-04,-0.01
9.393700e-04,0.01
9.393800e-04,-0.01
9.393900e-04,0.01
9.394000e-04,0.01
9.394100e-04,0.03
9.394200e-04,0.03
9.394300e-04,0.03
9.394400e-04,0.01
9.394500e-04,0.01
9.394600e-04,-0.01
9.394700e-04,0.01
9.394800e-04,0.01
9.394900e-04,0.03
9.395000e-04,-0.01
9.395100e-04,0.01
9.395200e-04,0.03
9.395300e-04,0.01
9.395400e-04,0.01
9.395500e-04,0.03
9.395600e-04,0.03
9.395700e-04,0.01
9.395800e-04,0.01
9.395900e-04,0.05
9.396000e-04,0.01
9.396100e-04,0.01
9.396200e-04,0.03
9.396300e-04,0.01
9.396400e-04,0.01
9.396500e-04,0.01
9.396600e-04,0.01
9.396700e-04,0.03
9.396800e-04,0.05
9.396900e-04,0.01
9.397000e-04,0.01
9.397100e-04,0.01
9.397200e-04,0.01
9.397300e-04,0.01
9.397400e-04,0.03
9.397500e-04,0.01
9.397600e-04,0.01
9.397700e-04,0.03
9.397800e-04,0.01
9.397900e-04,0.03
9.398000e-04,0.01
9.398100e-04,0.01
9.398200e-04,0.01
9.398300e-04,-0.01
9.398400e-04,0.03
9.398500e-04,0.03
9.398600e-04,-0.01
9.398700e-04,0.01
9.398800e-04,0.01
9.398900e-04,0.01
9.399000e-04,0.01
9.399100e-04,0.03
9.399200e-04,0.01
9.399300e-04,0.01
9.399400e-04,0.01
9.399500e-04,0.03
9.399600e-04,0.03
9.399700e-04,0.01
9.399800e-04,0.03
9.399900e-04,0.01
9.400000e-04,0.01
9.400100e-04,0.01
9.400200e-04,0.01
9.400300e-04,0.03
9.400400e-04,0.03
9.400500e-04,0.03
9.400600e-04,0.01
9.400700e-04,0.01
9.400800e-04,0.01
9.400900e-04,0.01
9.401000e-04,-0.01
9.401100e-04,0.01
9.401200e-04,0.01
9.401300e-04,0.01
9.401400e-04,0.01
9.401500e-04,0.03
9.401600e-04,0.01
9.401700e-04,0.01
9.401800e-04,0.03
9.401900e-04,0.03
9.402000e-04,0.01
9.402100e-04,0.01
9.402200e-04,0.01
9.402300e-04,0.01
9.402400e-04,0.01
9.402500e-04,0.01
9.402600e-04,0.01
9.402700e-04,0.01
9.402800e-04,0.03
9.402900e-04,0.01
9.403000e-04,-0.01
9.403100e-04,-0.01
9.403200e-04,0.01
9.403300e-04,0.01
9.403400e-04,0.01
9.403500e-04,0.03
9.403600e-04,0.01
9.403700e-04,0.01
9.403800e-04,0.01
9.403900e-04,0.03
9.404000e-04,0.03
9.404100e-04,0.03
9.404200e-04,0.01
9.404300e-04,0.01
9.404400e-04,0.01
9.404500e-04,0.01
9.404600e-04,0.01
9.404700e-04,0.01
9.404800e-04,-0.01
9.404900e-04,0.01
9.405000e-04,0.01
9.405100e-04,0.03
9.405200e-04,0.03
9.405300e-04,0.03
9.405400e-04,0.01
9.405500e-04,0.01
9.405600e-04,-0.01
9.405700e-04,0.01
9.405800e-04,0.03
9.405900e-04,0.05
9.406000e-04,0.05
9.406100e-04,0.01
9.406200e-04,-0.01
9.406300e-04,0.03
9.406400e-04,0.03
9.406500e-04,0.03
9.406600e-04,0.01
9.406700e-04,0.01
9.406800e-04,0.03
9.406900e-04,0.03
9.407000e-04,-0.01
9.407100e-04,0.03
9.407200e-04,0.01
9.407300e-04,0.01
9.407400e-04,0.01
9.407500e-04,0.03
9.407600e-04,0.03
9.407700e-04,0.01
9.407800e-04,0.01
9.407900e-04,0.01
9.408000e-04,0.01
9.408100e-04,0.01
9.408200e-04,0.01
9.408300e-04,0.01
9.408400e-04,0.01
9.408500e-04,0.01
9.408600e-04,0.01
9.408700e-04,0.01
9.408800e-04,0.03
9.408900e-04,0.01
9.409000e-04,0.03
9.409100e-04,-0.01
9.409200e-04,0.01
9.409300e-04,0.01
9.409400e-04,0.01
9.409500e-04,0.01
9.409600e-04,0.01
9.409700e-04,0.01
9.409800e-04,0.03
9.409900e-04,0.01
9.410000e-04,0.03
9.410100e-04,0.03
9.410200e-04,0.03
9.410300e-04,0.01
9.410400e-04,0.01
9.410500e-04,0.01
9.410600e-04,0.03
9.410700e-04,0.03
9.410800e-04,-0.01
9.410900e-04,-0.03
9.411000e-04,0.01
9.411100e-04,0.03
9.411200e-04,-0.01
9.411300e-04,0.01
9.411400e-04,0.01
9.411500e-04,0.01
9.411600e-04,0.01
9.411700e-04,0.05
9.411800e-04,0.01
9.411900e-04,0.01
9.412000e-04,0.01
9.412100e-04,0.03
9.412200e-04,0.01
9.412300e-04,0.03
9.412400e-04,0.03
9.412500e-04,0.01
9.412600e-04,0.03
9.412700e-04,0.01
9.412800e-04,0.03
9.412900e-04,0.01
9.413000e-04,0.01
9.413100e-04,0.01
9.413200e-04,-0.01
9.413300e-04,0.01
9.413400e-04,0.01
9.413500e-04,-0.01
9.413600e-04,0.01
9.413700e-04,0.01
9.413800e-04,0.01
9.413900e-04,-0.01
9.414000e-04,0.03
9.414100e-04,0.03
9.414200e-04,-0.01
9.414300e-04,-0.01
9.414400e-04,0.01
9.414500e-04,0.01
9.414600e-04,0.01
9.414700e-04,0.03
9.414800e-04,0.01
9.414900e-04,0.03
9.415000e-04,-0.03
9.415100e-04,-0.01
9.415200e-04,0.01
9.415300e-04,0.01
9.415400e-04,-0.01
9.415500e-04,0.03
9.415600e-04,0.01
9.415700e-04,0.03
9.415800e-04,0.01
9.415900e-04,0.01
9.416000e-04,0.01
9.416100e-04,0.01
9.416200e-04,0.03
9.416300e-04,0.03
9.416400e-04,0.03
9.416500e-04,0.01
9.416600e-04,0.01
9.416700e-04,0.03
9.416800e-04,0.01
9.416900e-04,0.01
9.417000e-04,-0.01
9.417100e-04,0.03
9.417200e-04,0.01
9.417300e-04,0.01
9.417400e-04,0.03
9.417500e-04,0.03
9.417600e-04,0.03
9.417700e-04,0.01
9.417800e-04,0.03
9.417900e-04,0.03
9.418000e-04,0.01
9.418100e-04,0.01
9.418200e-04,0.01
9.418300e-04,0.01
9.418400e-04,0.01
9.418500e-04,-0.01
9.418600e-04,0.01
9.418700e-04,0.01
9.418800e-04,0.03
9.418900e-04,0.01
9.419000e-04,0.01
9.419100e-04,-0.01
9.419200e-04,0.05
9.419300e-04,0.01
9.419400e-04,0.01
9.419500e-04,0.03
9.419600e-04,0.01
9.419700e-04,0.03
9.419800e-04,-0.01
9.419900e-04,-0.01
9.420000e-04,0.03
9.420100e-04,0.01
9.420200e-04,0.03
9.420300e-04,0.01
9.420400e-04,-0.01
9.420500e-04,0.03
9.420600e-04,0.03
9.420700e-04,0.01
9.420800e-04,0.03
9.420900e-04,0.01
9.421000e-04,0.03
9.421100e-04,0.01
9.421200e-04,-0.01
9.421300e-04,0.01
9.421400e-04,0.01
9.421500e-04,0.01
9.421600e-04,0.03
9.421700e-04,0.01
9.421800e-04,0.03
9.421900e-04,0.01
9.422000e-04,0.05
9.422100e-04,0.01
9.422200e-04,0.01
9.422300e-04,0.01
9.422400e-04,0.01
9.422500e-04,0.01
9.422600e-04,0.01
9.422700e-04,-0.01
9.422800e-04,-0.01
9.422900e-04,0.01
9.423000e-04,0.01
9.423100e-04,0.01
9.423200e-04,0.03
9.423300e-04,0.01
9.423400e-04,0.01
9.423500e-04,0.01
9.423600e-04,-0.01
9.423700e-04,0.03
9.423800e-04,0.01
9.423900e-04,0.01
9.424000e-04,0.01
9.424100e-04,0.01
9.424200e-04,0.03
9.424300e-04,0.01
9.424400e-04,0.01
9.424500e-04,0.03
9.424600e-04,0.01
9.424700e-04,0.01
9.424800e-04,0.01
9.424900e-04,0.01
9.425000e-04,0.01
9.425100e-04,0.01
9.425200e-04,0.03
9.425300e-04,0.01
9.425400e-04,0.01
9.425500e-04,0.01
9.425600e-04,0.01
9.425700e-04,-0.01
9.425800e-04,0.01
9.425900e-04,0.01
9.426000e-04,0.01
9.426100e-04,0.05
9.426200e-04,0.01
9.426300e-04,0.01
9.426400e-04,0.01
9.426500e-04,0.01
9.426600e-04,-0.01
9.426700e-04,0.01
9.426800e-04,0.03
9.426900e-04,0.01
9.427000e-04,0.03
9.427100e-04,0.01
9.427200e-04,0.03
9.427300e-04,0.01
9.427400e-04,0.01
9.427500e-04,0.01
9.427600e-04,0.01
9.427700e-04,-0.01
9.427800e-04,0.01
9.427900e-04,-0.01
9.428000e-04,0.01
9.428100e-04,0.03
9.428200e-04,0.01
9.428300e-04,0.01
9.428400e-04,0.03
9.428500e-04,0.05
9.428600e-04,0.03
9.428700e-04,0.01
9.428800e-04,0.01
9.428900e-04,-0.01
9.429000e-04,0.03
9.429100e-04,0.03
9.429200e-04,-0.01
9.429300e-04,0.01
9.429400e-04,0.01
9.429500e-04,0.03
9.429600e-04,0.03
9.429700e-04,0.01
9.429800e-04,0.01
9.429900e-04,0.01
9.430000e-04,0.03
9.430100e-04,0.01
9.430200e-04,0.03
9.430300e-04,0.03
9.430400e-04,0.01
9.430500e-04,0.01
9.430600e-04,0.01
9.430700e-04,0.03
9.430800e-04,0.05
9.430900e-04,0.03
9.431000e-04,0.03
9.431100e-04,0.01
9.431200e-04,0.01
9.431300e-04,0.01
9.431400e-04,0.01
9.431500e-04,0.01
9.431600e-04,-0.01
9.431700e-04,0.01
9.431800e-04,0.01
9.431900e-04,0.03
9.432000e-04,0.01
9.432100e-04,0.01
9.432200e-04,0.01
9.432300e-04,0.01
9.432400e-04,0.01
9.432500e-04,0.01
9.432600e-04,0.03
9.432700e-04,0.01
9.432800e-04,0.01
9.432900e-04,0.03
9.433000e-04,0.03
9.433100e-04,0.01
9.433200e-04,0.01
9.433300e-04,0.03
9.433400e-04,0.01
9.433500e-04,0.03
9.433600e-04,0.01
9.433700e-04,0.03
9.433800e-04,0.03
9.433900e-04,0.01
9.434000e-04,0.03
9.434100e-04,0.01
9.434200e-04,0.01
9.434300e-04,0.01
9.434400e-04,0.01
9.434500e-04,0.01
9.434600e-04,0.01
9.434700e-04,0.01
9.434800e-04,0.01
9.434900e-04,0.01
9.435000e-04,0.03
9.435100e-04,0.01
9.435200e-04,0.03
9.435300e-04,0.01
9.435400e-04,-0.01
9.435500e-04,0.01
9.435600e-04,-0.01
9.435700e-04,0.01
9.435800e-04,0.01
9.435900e-04,0.01
9.436000e-04,0.01
9.436100e-04,0.03
9.436200e-04,0.01
9.436300e-04,0.01
9.436400e-04,-0.01
9.436500e-04,0.01
9.436600e-04,0.01
9.436700e-04,0.03
9.436800e-04,0.03
9.436900e-04,-0.01
9.437000e-04,0.01
9.437100e-04,-0.01
9.437200e-04,-0.01
9.437300e-04,0.01
9.437400e-04,0.03
9.437500e-04,0.01
9.437600e-04,0.01
9.437700e-04,0.01
9.437800e-04,0.03
9.437900e-04,0.01
9.438000e-04,0.01
9.438100e-04,0.01
9.438200e-04,0.01
9.438300e-04,0.01
9.438400e-04,0.03
9.438500e-04,0.01
9.438600e-04,0.01
9.438700e-04,0.03
9.438800e-04,0.03
9.438900e-04,-0.01
9.439000e-04,0.01
9.439100e-04,0.01
9.439200e-04,0.01
9.439300e-04,-0.01
9.439400e-04,0.01
9.439500e-04,0.03
9.439600e-04,0.05
9.439700e-04,0.01
9.439800e-04,0.01
9.439900e-04,-0.01
9.440000e-04,0.01
9.440100e-04,0.01
9.440200e-04,0.03
9.440300e-04,-0.01
9.440400e-04,0.03
9.440500e-04,0.01
9.440600e-04,0.01
9.440700e-04,0.01
9.440800e-04,0.03
9.440900e-04,0.01
9.441000e-04,0.01
9.441100e-04,-0.03
9.441200e-04,0.01
9.441300e-04,0.01
9.441400e-04,0.01
9.441500e-04,0.03
9.441600e-04,0.03
9.441700e-04,0.01
9.441800e-04,0.01
9.441900e-04,0.03
9.442000e-04,0.03
9.442100e-04,0.05
9.442200e-04,0.03
9.442300e-04,0.03
9.442400e-04,0.03
9.442500e-04,0.03
9.442600e-04,0.01
9.442700e-04,0.01
9.442800e-04,0.03
9.442900e-04,0.01
9.443000e-04,0.01
9.443100e-04,0.01
9.443200e-04,0.03
9.443300e-04,0.01
9.443400e-04,0.03
9.443500e-04,0.05
9.443600e-04,0.01
9.443700e-04,0.03
9.443800e-04,0.05
9.443900e-04,0.01
9.444000e-04,0.01
9.444100e-04,0.01
9.444200e-04,0.01
9.444300e-04,0.01
9.444400e-04,0.01
9.444500e-04,0.03
9.444600e-04,0.03
9.444700e-04,-0.01
9.444800e-04,0.01
9.444900e-04,0.01
9.445000e-04,0.03
9.445100e-04,0.03
9.445200e-04,0.01
9.445300e-04,0.03
9.445400e-04,0.01
9.445500e-04,0.01
9.445600e-04,0.01
9.445700e-04,-0.03
9.445800e-04,0.03
9.445900e-04,0.03
9.446000e-04,0.03
9.446100e-04,0.01
9.446200e-04,0.03
9.446300e-04,-0.01
9.446400e-04,0.01
9.446500e-04,0.03
9.446600e-04,0.01
9.446700e-04,0.03
9.446800e-04,-0.01
9.446900e-04,0.01
9.447000e-04,0.05
9.447100e-04,0.01
9.447200e-04,0.03
9.447300e-04,0.01
9.447400e-04,0.01
9.447500e-04,0.01
9.447600e-04,0.01
9.447700e-04,0.03
9.447800e-04,0.01
9.447900e-04,0.01
9.448000e-04,-0.01
9.448100e-04,0.01
9.448200e-04,-0.01
9.448300e-04,-0.01
9.448400e-04,0.01
9.448500e-04,0.01
9.448600e-04,0.01
9.448700e-04,0.01
9.448800e-04,0.01
9.448900e-04,0.03
9.449000e-04,0.01
9.449100e-04,0.01
9.449200e-04,0.01
9.449300e-04,0.03
9.449400e-04,0.03
9.449500e-04,0.01
9.449600e-04,0.01
9.449700e-04,0.01
9.449800e-04,0.01
9.449900e-04,0.01
9.450000e-04,0.03
9.450100e-04,-0.01
9.450200e-04,0.01
9.450300e-04,0.03
9.450400e-04,0.01
9.450500e-04,0.01
9.450600e-04,0.01
9.450700e-04,0.03
9.450800e-04,0.01
9.450900e-04,-0.01
9.451000e-04,0.01
9.451100e-04,0.01
9.451200e-04,0.03
9.451300e-04,0.01
9.451400e-04,0.01
9.451500e-04,0.01
9.451600e-04,0.03
9.451700e-04,0.01
9.451800e-04,0.01
9.451900e-04,0.03
9.452000e-04,-0.01
9.452100e-04,0.01
9.452200e-04,0.01
9.452300e-04,0.03
9.452400e-04,0.01
9.452500e-04,0.01
9.452600e-04,0.01
9.452700e-04,0.01
9.452800e-04,0.01
9.452900e-04,0.01
9.453000e-04,0.01
9.453100e-04,0.03
9.453200e-04,0.01
9.453300e-04,0.01
9.453400e-04,0.29
9.453500e-04,0.33
9.453600e-04,1.83
9.453700e-04,0.65
9.453800e-04,0.15
9.453900e-04,0.09
9.454000e-04,0.11
9.454100e-04,0.09
9.454200e-04,0.09
9.454300e-04,0.07
9.454400e-04,0.09
9.454500e-04,0.03
9.454600e-04,0.05
9.454700e-04,0.07
9.454800e-04,0.07
9.454900e-04,0.07
9.455000e-04,0.03
9.455100e-04,0.05
9.455200e-04,0.07
9.455300e-04,0.03
9.455400e-04,0.05
9.455500e-04,0.07
9.455600e-04,0.05
9.455700e-04,0.05
9.455800e-04,0.03
9.455900e-04,0.05
9.456000e-04,0.05
9.456100e-04,0.03
9.456200e-04,0.07
9.456300e-04,0.05
9.456400e-04,0.03
9.456500e-04,0.03
9.456600e-04,0.05
9.456700e-04,0.05
9.456800e-04,0.03
9.456900e-04,0.03
9.457000e-04,0.03
9.457100e-04,0.03
9.457200e-04,0.01
9.457300e-04,0.03
9.457400e-04,0.03
9.457500e-04,0.05
9.457600e-04,0.01
9.457700e-04,0.07
9.457800e-04,0.01
9.457900e-04,0.05
9.458000e-04,0.05
9.458100e-04,0.03
9.458200e-04,0.03
9.458300e-04,0.05
9.458400e-04,0.03
9.458500e-04,0.03
9.458600e-04,0.03
9.458700e-04,0.03
9.458800e-04,0.05
9.458900e-04,0.03
9.459000e-04,0.03
9.459100e-04,0.05
9.459200e-04,0.03
9.459300e-04,0.03
9.459400e-04,0.03
9.459500e-04,0.01
9.459600e-04,0.01
9.459700e-04,0.05
9.459800e-04,0.03
9.459900e-04,0.03
9.460000e-04,0.03
9.460100e-04,0.01
9.460200e-04,0.03
9.460300e-04,0.03
9.460400e-04,0.03
9.460500e-04,0.01
9.460600e-04,0.05
9.460700e-04,0.01
9.460800e-04,0.01
9.460900e-04,0.01
9.461000e-04,0.05
9.461100e-04,0.01
9.461200e-04,0.05
9.461300e-04,0.01
9.461400e-04,0.03
9.461500e-04,0.03
9.461600e-04,0.01
9.461700e-04,0.03
9.461800e-04,0.03
9.461900e-04,0.03
9.462000e-04,0.05
9.462100e-04,0.03
9.462200e-04,0.03
9.462300e-04,0.03
9.462400e-04,0.03
9.462500e-04,0.03
9.462600e-04,0.03
9.462700e-04,0.03
9.462800e-04,0.03
9.462900e-04,0.03
9.463000e-04,0.01
9.463100e-04,-0.01
9.463200e-04,0.01
9.463300e-04,0.03
9.463400e-04,0.01
9.463500e-04,0.03
9.463600e-04,0.01
9.463700e-04,0.03
9.463800e-04,0.03
9.463900e-04,0.03
9.464000e-04,0.05
9.464100e-04,0.03
9.464200e-04,0.01
9.464300e-04,0.01
9.464400e-04,0.05
9.464500e-04,0.01
9.464600e-04,0.01
9.464700e-04,0.03
9.464800e-04,0.01
9.464900e-04,0.03
9.465000e-04,0.03
9.465100e-04,0.03
9.465200e-04,0.03
9.465300e-04,0.03
9.465400e-04,0.03
9.465500e-04,0.03
9.465600e-04,0.01
9.465700e-04,0.01
9.465800e-04,0.03
9.465900e-04,0.01
9.466000e-04,0.05
9.466100e-04,-0.01
9.466200e-04,0.03
9.466300e-04,0.05
9.466400e-04,0.01
9.466500e-04,0.01
9.466600e-04,0.03
9.466700e-04,0.01
9.466800e-04,0.03
9.466900e-04,0.01
9.467000e-04,0.01
9.467100e-04,0.03
9.467200e-04,0.01
9.467300e-04,0.01
9.467400e-04,0.01
9.467500e-04,0.01
9.467600e-04,-0.01
9.467700e-04,0.03
9.467800e-04,0.01
9.467900e-04,0.03
9.468000e-04,-0.01
9.468100e-04,-0.01
9.468200e-04,0.03
9.468300e-04,0.01
9.468400e-04,-0.01
9.468500e-04,0.01
9.468600e-04,0.01
9.468700e-04,0.05
9.468800e-04,0.01
9.468900e-04,0.03
9.469000e-04,0.01
9.469100e-04,0.07
9.469200e-04,0.03
9.469300e-04,0.03
9.469400e-04,0.01
9.469500e-04,0.03
9.469600e-04,0.01
9.469700e-04,0.03
9.469800e-04,0.01
9.469900e-04,0.03
9.470000e-04,0.03
9.470100e-04,0.01
9.470200e-04,-0.01
9.470300e-04,0.01
9.470400e-04,0.01
9.470500e-04,0.01
9.470600e-04,0.01
9.470700e-04,0.01
9.470800e-04,0.01
9.470900e-04,0.03
9.471000e-04,0.01
9.471100e-04,0.03
9.471200e-04,0.03
9.471300e-04,0.03
9.471400e-04,-0.01
9.471500e-04,-0.03
9.471600e-04,0.01
9.471700e-04,0.03
9.471800e-04,0.01
9.471900e-04,-0.03
9.472000e-04,0.03
9.472100e-04,0.03
9.472200e-04,0.01
9.472300e-04,0.01
9.472400e-04,0.03
9.472500e-04,0.01
9.472600e-04,0.01
9.472700e-04,0.03
9.472800e-04,0.03
9.472900e-04,0.01
9.473000e-04,0.03
9.473100e-04,0.01
9.473200e-04,0.03
9.473300e-04,0.01
9.473400e-04,0.01
9.473500e-04,0.01
9.473600e-04,0.01
9.473700e-04,0.03
9.473800e-04,0.03
9.473900e-04,0.01
9.474000e-04,0.03
9.474100e-04,0.03
9.474200e-04,0.01
9.474300e-04,0.03
9.474400e-04,0.03
9.474500e-04,0.01
9.474600e-04,0.01
9.474700e-04,0.01
9.474800e-04,0.01
9.474900e-04,0.01
9.475000e-04,0.03
9.475100e-04,0.01
9.475200e-04,0.01
9.475300e-04,0.01
9.475400e-04,0.01
9.475500e-04,-0.01
9.475600e-04,0.03
9.475700e-04,0.01
9.475800e-04,0.03
9.475900e-04,0.03
9.476000e-04,0.03
9.476100e-04,0.03
9.476200e-04,0.01
9.476300e-04,0.05
9.476400e-04,0.01
9.476500e-04,0.03
9.476600e-04,0.03
9.476700e-04,0.03
9.476800e-04,0.03
9.476900e-04,-0.01
9.477000e-04,0.03
9.477100e-04,0.03
9.477200e-04,0.03
9.477300e-04,-0.01
9.477400e-04,0.03
9.477500e-04,0.03
9.477600e-04,0.01
9.477700e-04,0.01
9.477800e-04,0.03
9.477900e-04,0.01
9.478000e-04,0.03
9.478100e-04,0.01
9.478200e-04,0.01
9.478300e-04,0.03
9.478400e-04,0.03
9.478500e-04,-0.01
9.478600e-04,0.03
9.478700e-04,0.01
9.478800e-04,0.01
9.478900e-04,-0.01
9.479000e-04,0.01
9.479100e-04,0.01
9.479200e-04,0.01
9.479300e-04,-0.03
9.479400e-04,0.03
9.479500e-04,0.01
9.479600e-04,0.01
9.479700e-04,0.03
9.479800e-04,0.03
9.479900e-04,-0.01
9.480000e-04,0.01
9.480100e-04,0.03
9.480200e-04,0.01
9.480300e-04,0.01
9.480400e-04,0.03
9.480500e-04,0.01
9.480600e-04,0.01
9.480700e-04,0.03
9.480800e-04,0.01
9.480900e-04,0.01
9.481000e-04,0.01
9.481100e-04,0.03
9.481200e-04,0.03
9.481300e-04,0.01
9.481400e-04,0.03
9.481500e-04,-0.01
9.481600e-04,0.01
9.481700e-04,0.01
9.481800e-04,0.01
9.481900e-04,0.01
9.482000e-04,0.01
9.482100e-04,0.03
9.482200e-04,0.03
9.482300e-04,0.01
9.482400e-04,0.03
9.482500e-04,0.01
9.482600e-04,0.01
9.482700e-04,0.03
9.482800e-04,0.03
9.482900e-04,0.01
9.483000e-04,0.03
9.483100e-04,0.01
9.483200e-04,0.03
9.483300e-04,0.01
9.483400e-04,0.01
9.483500e-04,0.01
9.483600e-04,0.03
9.483700e-04,0.01
9.483800e-04,0.03
9.483900e-04,0.01
9.484000e-04,0.03
9.484100e-04,0.01
9.484200e-04,0.03
9.484300e-04,-0.01
9.484400e-04,0.01
9.484500e-04,0.03
9.484600e-04,0.01
9.484700e-04,0.01
9.484800e-04,0.01
9.484900e-04,0.03
9.485000e-04,0.01
9.485100e-04,0.03
9.485200e-04,0.01
9.485300e-04,-0.01
9.485400e-04,-0.01
9.485500e-04,-0.01
9.485600e-04,0.05
9.485700e-04,-0.01
9.485800e-04,0.01
9.485900e-04,0.01
9.486000e-04,0.03
9.486100e-04,0.01
9.486200e-04,0.01
9.486300e-04,0.05
9.486400e-04,0.01
9.486500e-04,-0.01
9.486600e-04,0.01
9.486700e-04,0.01
9.486800e-04,0.03
9.486900e-04,0.03
9.487000e-04,0.03
9.487100e-04,0.01
9.487200e-04,-0.01
9.487300e-04,0.01
9.487400e-04,0.03
9.487500e-04,0.01
9.487600e-04,0.01
9.487700e-04,-0.01
9.487800e-04,0.01
9.487900e-04,0.01
9.488000e-04,0.01
9.488100e-04,0.01
9.488200e-04,0.01
9.488300e-04,0.01
9.488400e-04,0.01
9.488500e-04,0.01
9.488600e-04,0.01
9.488700e-04,0.01
9.488800e-04,0.01
9.488900e-04,-0.01
9.489000e-04,0.03
9.489100e-04,0.03
9.489200e-04,0.01
9.489300e-04,0.01
9.489400e-04,0.01
9.489500e-04,0.03
9.489600e-04,0.01
9.489700e-04,0.01
9.489800e-04,0.01
9.489900e-04,0.01
9.490000e-04,0.01
9.490100e-04,0.01
9.490200e-04,0.01
9.490300e-04,0.05
9.490400e-04,0.01
9.490500e-04,0.03
9.490600e-04,0.03
9.490700e-04,0.01
9.490800e-04,0.01
9.490900e-04,0.01
9.491000e-04,-0.01
9.491100e-04,0.03
9.491200e-04,0.01
9.491300e-04,0.03
9.491400e-04,0.01
9.491500e-04,0.01
9.491600e-04,0.01
9.491700e-04,0.03
9.491800e-04,0.03
9.491900e-04,0.01
9.492000e-04,0.03
9.492100e-04,0.01
9.492200e-04,0.03
9.492300e-04,0.01
9.492400e-04,0.03
9.492500e-04,0.01
9.492600e-04,0.03
9.492700e-04,0.01
9.492800e-04,0.01
9.492900e-04,0.01
9.493000e-04,0.03
9.493100e-04,-0.01
9.493200e-04,0.03
9.493300e-04,0.03
9.493400e-04,0.03
9.493500e-04,0.01
9.493600e-04,-0.01
9.493700e-04,0.01
9.493800e-04,0.03
9.493900e-04,-0.01
9.494000e-04,0.01
9.494100e-04,-0.01
9.494200e-04,0.03
9.494300e-04,0.01
9.494400e-04,0.03
9.494500e-04,0.03
9.494600e-04,0.03
9.494700e-04,0.01
9.494800e-04,0.03
9.494900e-04,0.01
9.495000e-04,0.03
9.495100e-04,0.01
9.495200e-04,-0.01
9.495300e-04,0.03
9.495400e-04,-0.01
9.495500e-04,0.01
9.495600e-04,0.03
9.495700e-04,0.05
9.495800e-04,0.01
9.495900e-04,0.01
9.496000e-04,0.03
9.496100e-04,0.03
9.496200e-04,-0.01
9.496300e-04,-0.01
9.496400e-04,0.01
9.496500e-04,0.01
9.496600e-04,0.03
9.496700e-04,-0.01
9.496800e-04,0.01
9.496900e-04,0.01
9.497000e-04,0.01
9.497100e-04,0.01
9.497200e-04,0.03
9.497300e-04,0.03
9.497400e-04,0.01
9.497500e-04,0.03
9.497600e-04,0.01
9.497700e-04,0.03
9.497800e-04,0.01
9.497900e-04,0.01
9.498000e-04,0.03
9.498100e-04,0.01
9.498200e-04,0.03
9.498300e-04,0.01
9.498400e-04,0.01
9.498500e-04,-0.01
9.498600e-04,0.03
9.498700e-04,-0.01
9.498800e-04,0.01
9.498900e-04,0.03
9.499000e-04,0.03
9.499100e-04,0.01
9.499200e-04,0.01
9.499300e-04,0.03
9.499400e-04,0.03
9.499500e-04,0.03
9.499600e-04,0.01
9.499700e-04,-0.03
9.499800e-04,0.01
9.499900e-04,0.01
9.500000e-04,0.03
9.500100e-04,0.03
9.500200e-04,0.01
9.500300e-04,-0.01
9.500400e-04,0.01
9.500500e-04,0.01
9.500600e-04,0.01
9.500700e-04,-0.01
9.500800e-04,0.01
9.500900e-04,0.01
9.501000e-04,0.01
9.501100e-04,0.01
9.501200e-04,0.01
9.501300e-04,0.01
9.501400e-04,0.01
9.501500e-04,-0.01
9.501600e-04,0.05
9.501700e-04,0.01
9.501800e-04,-0.01
9.501900e-04,0.03
9.502000e-04,-0.01
9.502100e-04,0.01
9.502200e-04,0.03
9.502300e-04,0.01
9.502400e-04,0.03
9.502500e-04,0.01
9.502600e-04,0.01
9.502700e-04,0.01
9.502800e-04,0.05
9.502900e-04,0.03
9.503000e-04,0.01
9.503100e-04,0.01
9.503200e-04,0.01
9.503300e-04,-0.01
9.503400e-04,0.01
9.503500e-04,0.03
9.503600e-04,0.03
9.503700e-04,0.01
9.503800e-04,0.01
9.503900e-04,0.01
9.504000e-04,0.01
9.504100e-04,0.01
9.504200e-04,0.03
9.504300e-04,0.01
9.504400e-04,0.03
9.504500e-04,0.01
9.504600e-04,-0.01
9.504700e-04,0.01
9.504800e-04,0.03
9.504900e-04,0.01
9.505000e-04,0.01
9.505100e-04,0.01
9.505200e-04,-0.03
9.505300e-04,0.03
9.505400e-04,0.03
9.505500e-04,0.01
9.505600e-04,-0.01
9.505700e-04,0.03
9.505800e-04,0.01
9.505900e-04,0.01
9.506000e-04,-0.01
9.506100e-04,0.05
9.506200e-04,0.03
9.506300e-04,0.01
9.506400e-04,0.01
9.506500e-04,0.03
9.506600e-04,0.03
9.506700e-04,0.01
9.506800e-04,0.01
9.506900e-04,0.01
9.507000e-04,0.01
9.507100e-04,0.01
9.507200e-04,0.01
9.507300e-04,0.03
9.507400e-04,0.03
9.507500e-04,0.01
9.507600e-04,-0.01
9.507700e-04,0.03
9.507800e-04,-0.01
9.507900e-04,0.01
9.508000e-04,0.03
9.508100e-04,0.01
9.508200e-04,0.01
9.508300e-04,0.01
9.508400e-04,0.01
9.508500e-04,0.01
9.508600e-04,0.01
9.508700e-04,0.01
9.508800e-04,0.01
9.508900e-04,0.03
9.509000e-04,0.01
9.509100e-04,0.03
9.509200e-04,0.01
9.509300e-04,0.01
9.509400e-04,0.01
9.509500e-04,0.05
9.509600e-04,0.03
9.509700e-04,0.01
9.509800e-04,0.01
9.509900e-04,0.01
9.510000e-04,-0.01
9.510100e-04,0.01
9.510200e-04,0.01
9.510300e-04,0.03
9.510400e-04,0.03
9.510500e-04,0.01
9.510600e-04,0.03
9.510700e-04,0.01
9.510800e-04,0.03
9.510900e-04,0.01
9.511000e-04,-0.01
9.511100e-04,0.01
9.511200e-04,0.03
9.511300e-04,-0.01
9.511400e-04,0.01
9.511500e-04,0.01
9.511600e-04,0.01
9.511700e-04,0.01
9.511800e-04,0.01
9.511900e-04,0.03
9.512000e-04,0.03
9.512100e-04,0.01
9.512200e-04,0.03
9.512300e-04,0.01
9.512400e-04,-0.01
9.512500e-04,-0.01
9.512600e-04,-0.01
9.512700e-04,0.01
9.512800e-04,0.01
9.512900e-04,0.03
9.513000e-04,0.03
9.513100e-04,-0.01
9.513200e-04,0.03
9.513300e-04,0.01
9.513400e-04,0.03
9.513500e-04,-0.01
9.513600e-04,0.01
9.513700e-04,0.01
9.513800e-04,0.01
9.513900e-04,0.01
9.514000e-04,0.01
9.514100e-04,0.01
9.514200e-04,0.01
9.514300e-04,0.03
9.514400e-04,0.03
9.514500e-04,-0.01
9.514600e-04,0.01
9.514700e-04,0.01
9.514800e-04,0.03
9.514900e-04,-0.01
9.515000e-04,0.01
9.515100e-04,0.01
9.515200e-04,0.05
9.515300e-04,0.03
9.515400e-04,0.01
9.515500e-04,-0.01
9.515600e-04,0.01
9.515700e-04,0.03
9.515800e-04,0.01
9.515900e-04,0.03
9.516000e-04,0.03
9.516100e-04,0.01
9.516200e-04,0.01
9.516300e-04,0.01
9.516400e-04,0.03
9.516500e-04,0.01
9.516600e-04,0.01
9.516700e-04,0.03
9.516800e-04,0.01
9.516900e-04,0.03
9.517000e-04,0.03
9.517100e-04,0.01
9.517200e-04,0.03
9.517300e-04,0.01
9.517400e-04,0.01
9.517500e-04,0.01
9.517600e-04,0.01
9.517700e-04,-0.01
9.517800e-04,0.01
9.517900e-04,0.03
9.518000e-04,0.03
9.518100e-04,0.05
9.518200e-04,0.01
9.518300e-04,0.03
9.518400e-04,0.01
9.518500e-04,0.05
9.518600e-04,-0.01
9.518700e-04,0.01
9.518800e-04,0.01
9.518900e-04,-0.01
9.519000e-04,0.03
9.519100e-04,0.01
9.519200e-04,-0.01
9.519300e-04,0.01
9.519400e-04,-0.01
9.519500e-04,-0.01
9.519600e-04,0.01
9.519700e-04,0.01
9.519800e-04,0.03
9.519900e-04,0.01
9.520000e-04,0.03
9.520100e-04,0.03
9.520200e-04,0.01
9.520300e-04,0.01
9.520400e-04,0.01
9.520500e-04,0.01
9.520600e-04,0.03
9.520700e-04,0.01
9.520800e-04,0.03
9.520900e-04,0.01
9.521000e-04,0.01
9.521100e-04,0.01
9.521200e-04,-0.01
9.521300e-04,0.03
9.521400e-04,0.01
9.521500e-04,-0.01
9.521600e-04,0.03
9.521700e-04,-0.01
9.521800e-04,0.01
9.521900e-04,0.01
9.522000e-04,0.01
9.522100e-04,0.01
9.522200e-04,0.03
9.522300e-04,0.03
9.522400e-04,0.01
9.522500e-04,0.03
9.522600e-04,0.01
9.522700e-04,0.05
9.522800e-04,0.03
9.522900e-04,0.01
9.523000e-04,0.03
9.523100e-04,0.01
9.523200e-04,0.01
9.523300e-04,0.03
9.523400e-04,0.01
9.523500e-04,0.01
9.523600e-04,0.01
9.523700e-04,0.03
9.523800e-04,0.03
9.523900e-04,0.01
9.524000e-04,0.01
9.524100e-04,-0.03
9.524200e-04,0.03
9.524300e-04,-0.01
9.524400e-04,0.03
9.524500e-04,0.01
9.524600e-04,0.01
9.524700e-04,0.01
9.524800e-04,0.03
9.524900e-04,0.01
9.525000e-04,0.01
9.525100e-04,0.05
9.525200e-04,0.01
9.525300e-04,0.01
9.525400e-04,0.01
9.525500e-04,-0.01
9.525600e-04,-0.01
9.525700e-04,0.01
9.525800e-04,0.03
9.525900e-04,0.03
9.526000e-04,0.01
9.526100e-04,0.01
9.526200e-04,0.03
9.526300e-04,0.03
9.526400e-04,-0.01
9.526500e-04,0.03
9.526600e-04,0.03
9.526700e-04,0.01
9.526800e-04,0.01
9.526900e-04,0.01
9.527000e-04,0.01
9.527100e-04,0.01
9.527200e-04,0.03
9.527300e-04,0.01
9.527400e-04,0.01
9.527500e-04,0.03
9.527600e-04,0.03
9.527700e-04,0.01
9.527800e-04,0.01
9.527900e-04,0.05
9.528000e-04,0.03
9.528100e-04,0.01
9.528200e-04,0.03
9.528300e-04,0.03
9.528400e-04,0.01
9.528500e-04,0.01
9.528600e-04,0.01
9.528700e-04,0.03
9.528800e-04,-0.03
9.528900e-04,-0.01
9.529000e-04,-0.01
9.529100e-04,-0.01
9.529200e-04,0.01
9.529300e-04,-0.01
9.529400e-04,0.03
9.529500e-04,-0.01
9.529600e-04,0.03
9.529700e-04,0.03
9.529800e-04,0.03
9.529900e-04,-0.01
9.530000e-04,0.01
9.530100e-04,0.03
9.530200e-04,0.03
9.530300e-04,0.01
9.530400e-04,0.03
9.530500e-04,0.01
9.530600e-04,0.01
9.530700e-04,0.01
9.530800e-04,0.03
9.530900e-04,0.01
9.531000e-04,0.01
9.531100e-04,0.03
9.531200e-04,0.03
9.531300e-04,0.03
9.531400e-04,0.01
9.531500e-04,0.01
9.531600e-04,0.01
9.531700e-04,0.01
9.531800e-04,0.01
9.531900e-04,-0.01
9.532000e-04,0.01
9.532100e-04,0.01
9.532200e-04,0.03
9.532300e-04,0.01
9.532400e-04,0.03
9.532500e-04,-0.01
9.532600e-04,0.01
9.532700e-04,0.01
9.532800e-04,0.03
9.532900e-04,0.01
9.533000e-04,0.01
9.533100e-04,0.01
9.533200e-04,0.01
9.533300e-04,0.01
9.533400e-04,0.01
9.533500e-04,0.01
9.533600e-04,0.03
9.533700e-04,0.01
9.533800e-04,0.01
9.533900e-04,0.01
9.534000e-04,0.03
9.534100e-04,0.01
9.534200e-04,0.03
9.534300e-04,0.01
9.534400e-04,0.03
9.534500e-04,0.03
9.534600e-04,0.01
9.534700e-04,0.03
9.534800e-04,0.03
9.534900e-04,0.01
9.535000e-04,0.01
9.535100e-04,0.01
9.535200e-04,0.01
9.535300e-04,0.03
9.535400e-04,0.03
9.535500e-04,0.01
9.535600e-04,0.03
9.535700e-04,0.01
9.535800e-04,-0.03
9.535900e-04,0.01
9.536000e-04,-0.03
9.536100e-04,0.01
9.536200e-04,0.03
9.536300e-04,0.01
9.536400e-04,0.01
9.536500e-04,0.01
9.536600e-04,0.03
9.536700e-04,-0.01
9.536800e-04,0.01
9.536900e-04,0.01
9.537000e-04,0.01
9.537100e-04,0.01
9.537200e-04,0.01
9.537300e-04,0.01
9.537400e-04,0.03
9.537500e-04,0.01
9.537600e-04,0.01
9.537700e-04,0.01
9.537800e-04,0.05
9.537900e-04,0.03
9.538000e-04,0.01
9.538100e-04,0.03
9.538200e-04,0.03
9.538300e-04,0.01
9.538400e-04,0.01
9.538500e-04,0.03
9.538600e-04,0.01
9.538700e-04,0.01
9.538800e-04,0.01
9.538900e-04,0.01
9.539000e-04,0.03
9.539100e-04,0.01
9.539200e-04,0.01
9.539300e-04,0.03
9.539400e-04,0.01
9.539500e-04,-0.01
9.539600e-04,0.01
9.539700e-04,0.01
9.539800e-04,0.03
9.539900e-04,0.01
9.540000e-04,0.01
9.540100e-04,0.01
9.540200e-04,0.01
9.540300e-04,0.01
9.540400e-04,0.01
9.540500e-04,0.01
9.540600e-04,0.01
9.540700e-04,0.01
9.540800e-04,0.03
9.540900e-04,0.01
9.541000e-04,-0.01
9.541100e-04,0.03
9.541200e-04,0.01
9.541300e-04,0.03
9.541400e-04,0.01
9.541500e-04,0.03
9.541600e-04,0.03
9.541700e-04,0.03
9.541800e-04,0.01
9.541900e-04,0.01
9.542000e-04,0.01
9.542100e-04,-0.01
9.542200e-04,0.05
9.542300e-04,0.03
9.542400e-04,0.01
9.542500e-04,0.03
9.542600e-04,0.03
9.542700e-04,0.01
9.542800e-04,0.03
9.542900e-04,0.01
9.543000e-04,0.03
9.543100e-04,0.01
9.543200e-04,0.01
9.543300e-04,-0.01
9.543400e-04,0.01
9.543500e-04,0.01
9.543600e-04,0.01
9.543700e-04,0.01
9.543800e-04,-0.01
9.543900e-04,0.01
9.544000e-04,0.01
9.544100e-04,0.03
9.544200e-04,0.01
9.544300e-04,0.01
9.544400e-04,0.01
9.544500e-04,0.01
9.544600e-04,0.03
9.544700e-04,0.01
9.544800e-04,0.01
9.544900e-04,0.01
9.545000e-04,-0.01
9.545100e-04,0.03
9.545200e-04,0.01
9.545300e-04,0.03
9.545400e-04,0.03
9.545500e-04,0.03
9.545600e-04,0.01
9.545700e-04,0.01
9.545800e-04,0.01
9.545900e-04,0.01
9.546000e-04,0.01
9.546100e-04,0.03
9.546200e-04,-0.03
9.546300e-04,0.01
9.546400e-04,0.01
9.546500e-04,-0.03
9.546600e-04,-0.01
9.546700e-04,0.01
9.546800e-04,0.01
9.546900e-04,-0.01
9.547000e-04,0.01
9.547100e-04,0.03
9.547200e-04,0.01
9.547300e-04,0.01
9.547400e-04,0.01
9.547500e-04,-0.01
9.547600e-04,0.01
9.547700e-04,0.01
9.547800e-04,0.01
9.547900e-04,0.01
9.548000e-04,0.01
9.548100e-04,0.01
9.548200e-04,0.01
9.548300e-04,0.01
9.548400e-04,0.01
9.548500e-04,0.01
9.548600e-04,0.03
9.548700e-04,0.01
9.548800e-04,0.01
9.548900e-04,-0.01
9.549000e-04,0.01
9.549100e-04,0.03
9.549200e-04,0.01
9.549300e-04,0.01
9.549400e-04,0.01
9.549500e-04,0.01
9.549600e-04,0.01
9.549700e-04,-0.01
9.549800e-04,0.01
9.549900e-04,0.01
9.550000e-04,0.01
9.550100e-04,0.01
9.550200e-04,-0.01
9.550300e-04,0.01
9.550400e-04,0.01
9.550500e-04,0.03
9.550600e-04,0.03
9.550700e-04,0.01
9.550800e-04,0.01
9.550900e-04,0.03
9.551000e-04,0.03
9.551100e-04,0.01
9.551200e-04,0.01
9.551300e-04,0.01
9.551400e-04,0.03
9.551500e-04,-0.01
9.551600e-04,0.03
9.551700e-04,0.03
9.551800e-04,0.03
9.551900e-04,0.01
9.552000e-04,-0.01
9.552100e-04,0.01
9.552200e-04,0.01
9.552300e-04,0.03
9.552400e-04,0.01
9.552500e-04,0.01
9.552600e-04,0.03
9.552700e-04,0.01
9.552800e-04,0.01
9.552900e-04,0.03
9.553000e-04,-0.01
9.553100e-04,0.01
9.553200e-04,0.01
9.553300e-04,0.03
9.553400e-04,0.03
9.553500e-04,0.05
9.553600e-04,-0.01
9.553700e-04,0.03
9.553800e-04,0.01
9.553900e-04,-0.01
9.554000e-04,0.01
9.554100e-04,0.03
9.554200e-04,0.03
9.554300e-04,0.03
9.554400e-04,0.03
9.554500e-04,0.01
9.554600e-04,0.03
9.554700e-04,0.03
9.554800e-04,0.03
9.554900e-04,-0.03
9.555000e-04,0.01
9.555100e-04,-0.01
9.555200e-04,0.01
9.555300e-04,0.05
9.555400e-04,0.01
9.555500e-04,0.03
9.555600e-04,0.01
9.555700e-04,0.01
9.555800e-04,0.01
9.555900e-04,0.01
9.556000e-04,0.03
9.556100e-04,0.03
9.556200e-04,0.03
9.556300e-04,-0.01
9.556400e-04,0.01
9.556500e-04,0.01
9.556600e-04,0.03
9.556700e-04,0.01
9.556800e-04,0.01
9.556900e-04,0.03
9.557000e-04,-0.01
9.557100e-04,0.01
9.557200e-04,-0.01
9.557300e-04,0.03
9.557400e-04,0.01
9.557500e-04,0.01
9.557600e-04,-0.03
9.557700e-04,0.03
9.557800e-04,0.01
9.557900e-04,0.01
9.558000e-04,0.01
9.558100e-04,0.01
9.558200e-04,0.03
9.558300e-04,0.01
9.558400e-04,0.01
9.558500e-04,0.01
9.558600e-04,0.01
9.558700e-04,0.03
9.558800e-04,0.01
9.558900e-04,0.01
9.559000e-04,0.01
9.559100e-04,0.01
9.559200e-04,0.03
9.559300e-04,0.01
9.559400e-04,0.01
9.559500e-04,-0.01
9.559600e-04,0.01
9.559700e-04,-0.01
9.559800e-04,-0.01
9.559900e-04,0.01
9.560000e-04,0.03
9.560100e-04,-0.01
9.560200e-04,0.03
9.560300e-04,0.01
9.560400e-04,0.01
9.560500e-04,0.03
9.560600e-04,0.03
9.560700e-04,0.01
9.560800e-04,0.01
9.560900e-04,0.01
9.561000e-04,0.03
9.561100e-04,0.01
9.561200e-04,0.01
9.561300e-04,0.01
9.561400e-04,0.03
9.561500e-04,0.01
9.561600e-04,0.03
9.561700e-04,0.03
9.561800e-04,0.01
9.561900e-04,0.01
9.562000e-04,0.01
9.562100e-04,0.01
9.562200e-04,0.01
9.562300e-04,0.01
9.562400e-04,0.03
9.562500e-04,0.03
9.562600e-04,0.05
9.562700e-04,0.01
9.562800e-04,0.01
9.562900e-04,0.01
9.563000e-04,0.01
9.563100e-04,0.01
9.563200e-04,0.01
9.563300e-04,0.03
9.563400e-04,0.01
9.563500e-04,0.01
9.563600e-04,0.01
9.563700e-04,0.03
9.563800e-04,0.03
9.563900e-04,0.03
9.564000e-04,-0.01
9.564100e-04,0.01
9.564200e-04,0.03
9.564300e-04,0.03
9.564400e-04,0.01
9.564500e-04,0.01
9.564600e-04,-0.01
9.564700e-04,0.03
9.564800e-04,-0.01
9.564900e-04,-0.01
9.565000e-04,0.01
9.565100e-04,0.01
9.565200e-04,0.01
9.565300e-04,0.01
9.565400e-04,0.01
9.565500e-04,0.03
9.565600e-04,0.01
9.565700e-04,0.01
9.565800e-04,0.01
9.565900e-04,0.01
9.566000e-04,0.01
9.566100e-04,0.01
9.566200e-04,0.01
9.566300e-04,0.03
9.566400e-04,0.01
9.566500e-04,0.03
9.566600e-04,0.03
9.566700e-04,0.01
9.566800e-04,0.01
9.566900e-04,0.01
9.567000e-04,0.03
9.567100e-04,0.01
9.567200e-04,0.03
9.567300e-04,0.01
9.567400e-04,0.01
9.567500e-04,0.01
9.567600e-04,0.01
9.567700e-04,0.05
9.567800e-04,-0.01
9.567900e-04,0.03
9.568000e-04,0.01
9.568100e-04,0.01
9.568200e-04,0.03
9.568300e-04,0.03
9.568400e-04,-0.01
9.568500e-04,0.01
9.568600e-04,0.01
9.568700e-04,0.01
9.568800e-04,0.01
9.568900e-04,-0.01
9.569000e-04,0.01
9.569100e-04,0.03
9.569200e-04,0.01
9.569300e-04,0.01
9.569400e-04,0.01
9.569500e-04,0.03
9.569600e-04,-0.01
9.569700e-04,0.03
9.569800e-04,0.03
9.569900e-04,0.01
9.570000e-04,0.01
9.570100e-04,0.01
9.570200e-04,0.03
9.570300e-04,0.01
9.570400e-04,0.01
9.570500e-04,0.01
9.570600e-04,0.03
9.570700e-04,0.01
9.570800e-04,0.01
9.570900e-04,0.01
9.571000e-04,0.01
9.571100e-04,0.01
9.571200e-04,-0.01
9.571300e-04,0.01
9.571400e-04,0.03
9.571500e-04,0.01
9.571600e-04,0.03
9.571700e-04,0.03
9.571800e-04,-0.01
9.571900e-04,0.01
9.572000e-04,0.01
9.572100e-04,0.01
9.572200e-04,0.03
9.572300e-04,0.03
9.572400e-04,0.03
9.572500e-04,0.01
9.572600e-04,0.03
9.572700e-04,0.01
9.572800e-04,0.03
9.572900e-04,0.03
9.573000e-04,-0.01
9.573100e-04,0.01
9.573200e-04,0.01
9.573300e-04,0.03
9.573400e-04,0.01
9.573500e-04,-0.01
9.573600e-04,0.03
9.573700e-04,0.01
9.573800e-04,0.03
9.573900e-04,0.03
9.574000e-04,0.01
9.574100e-04,0.01
9.574200e-04,0.03
9.574300e-04,0.01
9.574400e-04,-0.01
9.574500e-04,0.01
9.574600e-04,-0.01
9.574700e-04,0.01
9.574800e-04,0.01
9.574900e-04,-0.01
9.575000e-04,0.03
9.575100e-04,0.01
9.575200e-04,0.01
9.575300e-04,0.01
9.575400e-04,0.01
9.575500e-04,0.01
9.575600e-04,0.03
9.575700e-04,0.03
9.575800e-04,0.01
9.575900e-04,0.01
9.576000e-04,0.01
9.576100e-04,0.01
9.576200e-04,0.03
9.576300e-04,0.01
9.576400e-04,0.01
9.576500e-04,-0.01
9.576600e-04,0.01
9.576700e-04,0.01
9.576800e-04,-0.03
9.576900e-04,0.01
9.577000e-04,0.03
9.577100e-04,-0.01
9.577200e-04,0.03
9.577300e-04,0.01
9.577400e-04,0.03
9.577500e-04,0.01
9.577600e-04,0.03
9.577700e-04,0.01
9.577800e-04,0.01
9.577900e-04,0.01
9.578000e-04,0.03
9.578100e-04,0.01
9.578200e-04,-0.01
9.578300e-04,-0.01
9.578400e-04,0.01
9.578500e-04,0.05
9.578600e-04,0.01
9.578700e-04,0.01
9.578800e-04,0.01
9.578900e-04,0.03
9.579000e-04,0.03
9.579100e-04,0.01
9.579200e-04,0.01
9.579300e-04,0.03
9.579400e-04,0.01
9.579500e-04,0.03
9.579600e-04,0.03
9.579700e-04,0.03
9.579800e-04,0.03
9.579900e-04,0.01
9.580000e-04,0.01
9.580100e-04,-0.01
9.580200e-04,0.01
9.580300e-04,0.01
9.580400e-04,0.01
9.580500e-04,0.01
9.580600e-04,0.01
9.580700e-04,-0.01
9.580800e-04,0.01
9.580900e-04,0.01
9.581000e-04,0.03
9.581100e-04,0.03
9.581200e-04,0.01
9.581300e-04,0.01
9.581400e-04,0.01
9.581500e-04,0.03
9.581600e-04,0.01
9.581700e-04,0.01
9.581800e-04,0.03
9.581900e-04,0.01
9.582000e-04,0.01
9.582100e-04,0.01
9.582200e-04,0.03
9.582300e-04,0.01
9.582400e-04,0.01
9.582500e-04,0.03
9.582600e-04,0.01
9.582700e-04,0.03
9.582800e-04,0.03
9.582900e-04,0.03
9.583000e-04,0.01
9.583100e-04,0.03
9.583200e-04,0.03
9.583300e-04,0.01
9.583400e-04,0.01
9.583500e-04,0.01
9.583600e-04,0.01
9.583700e-04,0.01
9.583800e-04,0.03
9.583900e-04,0.01
9.584000e-04,0.01
9.584100e-04,0.01
9.584200e-04,0.01
9.584300e-04,-0.01
9.584400e-04,0.03
9.584500e-04,-0.01
9.584600e-04,0.03
9.584700e-04,-0.01
9.584800e-04,0.03
9.584900e-04,0.01
9.585000e-04,0.01
9.585100e-04,0.01
9.585200e-04,0.01
9.585300e-04,0.01
9.585400e-04,0.01
9.585500e-04,0.01
9.585600e-04,0.03
9.585700e-04,0.03
9.585800e-04,0.01
9.585900e-04,0.01
9.586000e-04,0.03
9.586100e-04,0.01
9.586200e-04,0.01
9.586300e-04,0.01
9.586400e-04,0.05
9.586500e-04,0.01
9.586600e-04,0.01
9.586700e-04,0.01
9.586800e-04,0.01
9.586900e-04,0.03
9.587000e-04,0.03
9.587100e-04,0.01
9.587200e-04,0.01
9.587300e-04,0.01
9.587400e-04,0.01
9.587500e-04,0.03
9.587600e-04,0.01
9.587700e-04,0.01
9.587800e-04,0.03
9.587900e-04,0.01
9.588000e-04,0.05
9.588100e-04,0.01
9.588200e-04,0.01
9.588300e-04,0.03
9.588400e-04,0.03
9.588500e-04,0.01
9.588600e-04,0.01
9.588700e-04,0.01
9.588800e-04,0.03
9.588900e-04,0.01
9.589000e-04,0.01
9.589100e-04,0.03
9.589200e-04,0.03
9.589300e-04,0.03
9.589400e-04,0.01
9.589500e-04,-0.01
9.589600e-04,0.05
9.589700e-04,0.01
9.589800e-04,0.01
9.589900e-04,0.03
9.590000e-04,-0.01
9.590100e-04,0.01
9.590200e-04,0.01
9.590300e-04,0.01
9.590400e-04,0.01
9.590500e-04,0.01
9.590600e-04,0.01
9.590700e-04,0.03
9.590800e-04,0.03
9.590900e-04,0.03
9.591000e-04,0.03
9.591100e-04,0.01
9.591200e-04,0.01
9.591300e-04,0.03
9.591400e-04,-0.01
9.591500e-04,0.01
9.591600e-04,0.01
9.591700e-04,0.03
9.591800e-04,0.03
9.591900e-04,0.03
9.592000e-04,0.01
9.592100e-04,0.03
9.592200e-04,0.01
9.592300e-04,0.01
9.592400e-04,0.01
9.592500e-04,0.01
9.592600e-04,0.01
9.592700e-04,-0.01
9.592800e-04,0.01
9.592900e-04,0.01
9.593000e-04,0.03
9.593100e-04,0.01
9.593200e-04,0.01
9.593300e-04,0.03
9.593400e-04,-0.01
9.593500e-04,0.03
9.593600e-04,0.01
9.593700e-04,0.01
9.593800e-04,0.01
9.593900e-04,0.01
9.594000e-04,0.03
9.594100e-04,0.01
9.594200e-04,0.03
9.594300e-04,0.01
9.594400e-04,0.01
9.594500e-04,-0.01
9.594600e-04,-0.01
9.594700e-04,0.01
9.594800e-04,0.01
9.594900e-04,-0.01
9.595000e-04,0.03
9.595100e-04,-0.01
9.595200e-04,0.03
9.595300e-04,0.03
9.595400e-04,0.01
9.595500e-04,0.03
9.595600e-04,0.03
9.595700e-04,0.03
9.595800e-04,0.03
9.595900e-04,-0.01
9.596000e-04,0.03
9.596100e-04,-0.01
9.596200e-04,0.03
9.596300e-04,0.03
9.596400e-04,0.01
9.596500e-04,0.03
9.596600e-04,-0.01
9.596700e-04,0.03
9.596800e-04,0.07
9.596900e-04,0.03
9.597000e-04,0.01
9.597100e-04,0.01
9.597200e-04,0.05
9.597300e-04,0.01
9.597400e-04,-0.01
9.597500e-04,0.01
9.597600e-04,0.03
9.597700e-04,0.03
9.597800e-04,0.03
9.597900e-04,0.01
9.598000e-04,0.03
9.598100e-04,0.03
9.598200e-04,0.01
9.598300e-04,0.03
9.598400e-04,0.01
9.598500e-04,-0.01
9.598600e-04,0.01
9.598700e-04,0.01
9.598800e-04,0.01
9.598900e-04,0.01
9.599000e-04,0.01
9.599100e-04,-0.01
9.599200e-04,0.05
9.599300e-04,0.01
9.599400e-04,0.03
9.599500e-04,0.03
9.599600e-04,0.03
9.599700e-04,0.01
9.599800e-04,0.03
9.599900e-04,0.01
9.600000e-04,0.01
9.600100e-04,0.03
9.600200e-04,-0.01
9.600300e-04,0.01
9.600400e-04,0.03
9.600500e-04,0.05
9.600600e-04,0.01
9.600700e-04,0.03
9.600800e-04,0.01
9.600900e-04,0.03
9.601000e-04,0.01
9.601100e-04,0.03
9.601200e-04,0.01
9.601300e-04,0.01
9.601400e-04,0.01
9.601500e-04,0.01
9.601600e-04,0.03
9.601700e-04,0.03
9.601800e-04,0.01
9.601900e-04,0.01
9.602000e-04,0.01
9.602100e-04,0.05
9.602200e-04,0.01
9.602300e-04,0.03
9.602400e-04,0.03
9.602500e-04,0.01
9.602600e-04,0.01
9.602700e-04,0.01
9.602800e-04,0.01
9.602900e-04,0.01
9.603000e-04,0.01
9.603100e-04,0.01
9.603200e-04,0.01
9.603300e-04,0.03
9.603400e-04,0.01
9.603500e-04,0.01
9.603600e-04,0.01
9.603700e-04,0.01
9.603800e-04,0.01
9.603900e-04,-0.01
9.604000e-04,0.03
9.604100e-04,0.01
9.604200e-04,0.01
9.604300e-04,0.01
9.604400e-04,-0.01
9.604500e-04,0.01
9.604600e-04,0.01
9.604700e-04,0.01
9.604800e-04,0.03
9.604900e-04,0.03
9.605000e-04,0.01
9.605100e-04,0.03
9.605200e-04,0.01
9.605300e-04,-0.01
9.605400e-04,0.03
9.605500e-04,0.01
9.605600e-04,0.01
9.605700e-04,0.03
9.605800e-04,0.03
9.605900e-04,0.01
9.606000e-04,0.03
9.606100e-04,0.05
9.606200e-04,0.01
9.606300e-04,0.01
9.606400e-04,0.01
9.606500e-04,-0.01
9.606600e-04,-0.01
9.606700e-04,-0.01
9.606800e-04,0.01
9.606900e-04,0.03
9.607000e-04,0.01
9.607100e-04,0.01
9.607200e-04,0.03
9.607300e-04,-0.01
9.607400e-04,0.01
9.607500e-04,0.01
9.607600e-04,0.01
9.607700e-04,0.01
9.607800e-04,0.01
9.607900e-04,0.03
9.608000e-04,0.01
9.608100e-04,0.01
9.608200e-04,0.01
9.608300e-04,0.01
9.608400e-04,0.01
9.608500e-04,0.01
9.608600e-04,0.01
9.608700e-04,-0.01
9.608800e-04,0.03
9.608900e-04,0.01
9.609000e-04,0.01
9.609100e-04,0.03
9.609200e-04,0.01
9.609300e-04,0.01
9.609400e-04,0.01
9.609500e-04,0.03
9.609600e-04,0.01
9.609700e-04,0.03
9.609800e-04,0.03
9.609900e-04,0.01
9.610000e-04,0.01
9.610100e-04,-0.03
9.610200e-04,0.01
9.610300e-04,0.01
9.610400e-04,0.01
9.610500e-04,-0.01
9.610600e-04,0.01
9.610700e-04,0.03
9.610800e-04,0.03
9.610900e-04,0.01
9.611000e-04,-0.01
9.611100e-04,0.03
9.611200e-04,-0.01
9.611300e-04,-0.01
9.611400e-04,0.03
9.611500e-04,0.01
9.611600e-04,0.01
9.611700e-04,0.01
9.611800e-04,0.03
9.611900e-04,0.01
9.612000e-04,0.03
9.612100e-04,0.01
9.612200e-04,-0.01
9.612300e-04,0.01
9.612400e-04,0.01
9.612500e-04,0.01
9.612600e-04,0.01
9.612700e-04,0.01
9.612800e-04,0.01
9.612900e-04,0.03
9.613000e-04,0.01
9.613100e-04,0.01
9.613200e-04,0.03
9.613300e-04,0.03
9.613400e-04,0.03
9.613500e-04,0.01
9.613600e-04,-0.01
9.613700e-04,0.03
9.613800e-04,0.01
9.613900e-04,0.03
9.614000e-04,0.01
9.614100e-04,0.01
9.614200e-04,0.03
9.614300e-04,0.01
9.614400e-04,0.03
9.614500e-04,0.01
9.614600e-04,0.01
9.614700e-04,0.01
9.614800e-04,0.03
9.614900e-04,0.03
9.615000e-04,0.03
9.615100e-04,0.01
9.615200e-04,0.01
9.615300e-04,0.03
9.615400e-04,0.05
9.615500e-04,0.05
9.615600e-04,0.03
9.615700e-04,0.01
9.615800e-04,-0.01
9.615900e-04,0.01
9.616000e-04,0.03
9.616100e-04,0.01
9.616200e-04,0.03
9.616300e-04,0.01
9.616400e-04,0.01
9.616500e-04,0.03
9.616600e-04,0.01
9.616700e-04,0.01
9.616800e-04,0.01
9.616900e-04,-0.03
9.617000e-04,0.01
9.617100e-04,0.03
9.617200e-04,0.01
9.617300e-04,0.03
9.617400e-04,-0.01
9.617500e-04,0.03
9.617600e-04,-0.01
9.617700e-04,0.01
9.617800e-04,0.03
9.617900e-04,-0.01
9.618000e-04,0.03
9.618100e-04,0.01
9.618200e-04,0.01
9.618300e-04,-0.01
9.618400e-04,-0.01
9.618500e-04,0.03
9.618600e-04,0.01
9.618700e-04,0.03
9.618800e-04,0.01
9.618900e-04,0.01
9.619000e-04,0.05
9.619100e-04,0.01
9.619200e-04,0.01
9.619300e-04,0.03
9.619400e-04,0.01
9.619500e-04,0.01
9.619600e-04,-0.01
9.619700e-04,0.01
9.619800e-04,0.03
9.619900e-04,0.01
9.620000e-04,0.01
9.620100e-04,0.01
9.620200e-04,0.03
9.620300e-04,0.03
9.620400e-04,0.01
9.620500e-04,0.03
9.620600e-04,0.03
9.620700e-04,0.01
9.620800e-04,0.03
9.620900e-04,0.03
9.621000e-04,0.01
9.621100e-04,0.01
9.621200e-04,0.01
9.621300e-04,0.03
9.621400e-04,0.01
9.621500e-04,0.03
9.621600e-04,0.03
9.621700e-04,0.03
9.621800e-04,0.03
9.621900e-04,0.03
9.622000e-04,0.01
9.622100e-04,0.01
9.622200e-04,0.01
9.622300e-04,0.01
9.622400e-04,0.01
9.622500e-04,0.01
9.622600e-04,0.01
9.622700e-04,0.03
9.622800e-04,0.03
9.622900e-04,0.01
9.623000e-04,-0.01
9.623100e-04,0.03
9.623200e-04,0.03
9.623300e-04,0.01
9.623400e-04,0.01
9.623500e-04,0.03
9.623600e-04,0.01
9.623700e-04,0.01
9.623800e-04,0.01
9.623900e-04,0.03
9.624000e-04,0.01
9.624100e-04,0.05
9.624200e-04,0.01
9.624300e-04,0.01
9.624400e-04,0.01
9.624500e-04,0.03
9.624600e-04,0.01
9.624700e-04,0.01
9.624800e-04,0.01
9.624900e-04,0.01
9.625000e-04,0.01
9.625100e-04,0.01
9.625200e-04,0.01
9.625300e-04,0.03
9.625400e-04,-0.01
9.625500e-04,0.01
9.625600e-04,0.01
9.625700e-04,0.01
9.625800e-04,0.01
9.625900e-04,0.03
9.626000e-04,0.01
9.626100e-04,-0.01
9.626200e-04,0.01
9.626300e-04,0.01
9.626400e-04,0.03
9.626500e-04,-0.01
9.626600e-04,-0.01
9.626700e-04,0.01
9.626800e-04,0.01
9.626900e-04,0.01
9.627000e-04,-0.01
9.627100e-04,0.01
9.627200e-04,0.01
9.627300e-04,0.01
9.627400e-04,0.03
9.627500e-04,0.03
9.627600e-04,-0.01
9.627700e-04,-0.01
9.627800e-04,0.03
9.627900e-04,0.01
9.628000e-04,0.03
9.628100e-04,0.01
9.628200e-04,-0.01
9.628300e-04,0.03
9.628400e-04,0.01
9.628500e-04,0.01
9.628600e-04,0.03
9.628700e-04,0.03
9.628800e-04,0.01
9.628900e-04,0.03
9.629000e-04,0.01
9.629100e-04,0.01
9.629200e-04,0.03
9.629300e-04,0.01
9.629400e-04,0.03
9.629500e-04,0.01
9.629600e-04,0.01
9.629700e-04,-0.01
9.629800e-04,0.01
9.629900e-04,0.03
9.630000e-04,0.01
9.630100e-04,0.01
9.630200e-04,0.01
9.630300e-04,0.01
9.630400e-04,0.03
9.630500e-04,0.03
9.630600e-04,0.01
9.630700e-04,0.01
9.630800e-04,0.01
9.630900e-04,0.01
9.631000e-04,0.01
9.631100e-04,0.01
9.631200e-04,0.01
9.631300e-04,0.03
9.631400e-04,0.03
9.631500e-04,-0.01
9.631600e-04,0.03
9.631700e-04,0.01
9.631800e-04,-0.01
9.631900e-04,0.03
9.632000e-04,0.01
9.632100e-04,-0.03
9.632200e-04,0.01
9.632300e-04,0.01
9.632400e-04,0.03
9.632500e-04,0.01
9.632600e-04,0.01
9.632700e-04,0.03
9.632800e-04,0.01
9.632900e-04,0.03
9.633000e-04,0.01
9.633100e-04,0.01
9.633200e-04,0.03
9.633300e-04,0.01
9.633400e-04,0.01
9.633500e-04,0.01
9.633600e-04,0.01
9.633700e-04,0.01
9.633800e-04,0.01
9.633900e-04,0.01
9.634000e-04,0.03
9.634100e-04,0.03
9.634200e-04,0.01
9.634300e-04,0.03
9.634400e-04,0.01
9.634500e-04,-0.01
9.634600e-04,0.03
9.634700e-04,-0.01
9.634800e-04,0.01
9.634900e-04,0.01
9.635000e-04,0.01
9.635100e-04,0.03
9.635200e-04,0.03
9.635300e-04,0.01
9.635400e-04,0.03
9.635500e-04,0.03
9.635600e-04,0.01
9.635700e-04,0.01
9.635800e-04,0.03
9.635900e-04,0.01
9.636000e-04,-0.01
9.636100e-04,-0.01
9.636200e-04,0.01
9.636300e-04,0.01
9.636400e-04,0.01
9.636500e-04,0.03
9.636600e-04,0.03
9.636700e-04,0.03
9.636800e-04,0.01
9.636900e-04,0.03
9.637000e-04,0.03
9.637100e-04,0.05
9.637200e-04,0.01
9.637300e-04,-0.01
9.637400e-04,-0.01
9.637500e-04,0.01
9.637600e-04,0.03
9.637700e-04,0.01
9.637800e-04,0.01
9.637900e-04,0.01
9.638000e-04,0.03
9.638100e-04,0.03
9.638200e-04,-0.01
9.638300e-04,0.01
9.638400e-04,0.01
9.638500e-04,0.01
9.638600e-04,0.01
9.638700e-04,0.03
9.638800e-04,0.01
9.638900e-04,0.01
9.639000e-04,0.01
9.639100e-04,0.01
9.639200e-04,0.01
9.639300e-04,0.01
9.639400e-04,0.01
9.639500e-04,0.01
9.639600e-04,0.01
9.639700e-04,0.01
9.639800e-04,0.01
9.639900e-04,0.01
9.640000e-04,0.03
9.640100e-04,0.01
9.640200e-04,0.03
9.640300e-04,0.03
9.640400e-04,0.03
9.640500e-04,0.01
9.640600e-04,0.01
9.640700e-04,-0.01
9.640800e-04,-0.01
9.640900e-04,0.03
9.641000e-04,0.01
9.641100e-04,0.01
9.641200e-04,0.01
9.641300e-04,0.03
9.641400e-04,0.01
9.641500e-04,0.05
9.641600e-04,0.05
9.641700e-04,0.01
9.641800e-04,0.01
9.641900e-04,0.01
9.642000e-04,0.01
9.642100e-04,-0.01
9.642200e-04,0.01
9.642300e-04,0.01
9.642400e-04,0.01
9.642500e-04,0.01
9.642600e-04,0.01
9.642700e-04,0.01
9.642800e-04,0.01
9.642900e-04,0.01
9.643000e-04,0.03
9.643100e-04,0.01
9.643200e-04,0.01
9.643300e-04,0.01
9.643400e-04,0.01
9.643500e-04,0.03
9.643600e-04,0.01
9.643700e-04,0.01
9.643800e-04,0.01
9.643900e-04,0.01
9.644000e-04,0.01
9.644100e-04,0.05
9.644200e-04,0.03
9.644300e-04,0.01
9.644400e-04,0.01
9.644500e-04,0.01
9.644600e-04,0.01
9.644700e-04,0.01
9.644800e-04,0.01
9.644900e-04,0.03
9.645000e-04,0.03
9.645100e-04,0.01
9.645200e-04,0.01
9.645300e-04,0.01
9.645400e-04,-0.01
9.645500e-04,0.01
9.645600e-04,0.03
9.645700e-04,0.01
9.645800e-04,0.01
9.645900e-04,0.03
9.646000e-04,0.01
9.646100e-04,0.01
9.646200e-04,0.01
9.646300e-04,0.01
9.646400e-04,0.01
9.646500e-04,0.01
9.646600e-04,0.05
9.646700e-04,0.01
9.646800e-04,0.01
9.646900e-04,0.01
9.647000e-04,0.01
9.647100e-04,0.03
9.647200e-04,-0.01
9.647300e-04,0.01
9.647400e-04,0.01
9.647500e-04,0.03
9.647600e-04,0.01
9.647700e-04,0.03
9.647800e-04,0.03
9.647900e-04,0.01
9.648000e-04,0.01
9.648100e-04,0.03
9.648200e-04,-0.03
9.648300e-04,-0.01
9.648400e-04,0.01
9.648500e-04,0.01
9.648600e-04,0.03
9.648700e-04,0.01
9.648800e-04,0.03
9.648900e-04,0.01
9.649000e-04,0.03
9.649100e-04,0.01
9.649200e-04,0.01
9.649300e-04,0.01
9.649400e-04,0.03
9.649500e-04,0.03
9.649600e-04,0.01
9.649700e-04,0.01
9.649800e-04,0.01
9.649900e-04,0.03
9.650000e-04,0.03
9.650100e-04,0.01
9.650200e-04,0.03
9.650300e-04,0.01
9.650400e-04,0.01
9.650500e-04,0.01
9.650600e-04,-0.01
9.650700e-04,0.03
9.650800e-04,0.01
9.650900e-04,0.03
9.651000e-04,0.01
9.651100e-04,-0.03
9.651200e-04,0.01
9.651300e-04,0.01
9.651400e-04,0.01
9.651500e-04,0.01
9.651600e-04,0.01
9.651700e-04,0.01
9.651800e-04,-0.01
9.651900e-04,0.01
9.652000e-04,0.01
9.652100e-04,0.01
9.652200e-04,0.01
9.652300e-04,0.03
9.652400e-04,0.01
9.652500e-04,-0.01
9.652600e-04,0.03
9.652700e-04,-0.01
9.652800e-04,0.01
9.652900e-04,0.03
9.653000e-04,0.01
9.653100e-04,0.01
9.653200e-04,0.03
9.653300e-04,0.01
9.653400e-04,0.01
9.653500e-04,0.01
9.653600e-04,0.01
9.653700e-04,0.03
9.653800e-04,0.01
9.653900e-04,0.03
9.654000e-04,0.01
9.654100e-04,-0.01
9.654200e-04,0.01
9.654300e-04,0.01
9.654400e-04,0.01
9.654500e-04,0.01
9.654600e-04,0.01
9.654700e-04,0.01
9.654800e-04,-0.01
9.654900e-04,0.03
9.655000e-04,0.01
9.655100e-04,0.01
9.655200e-04,0.01
9.655300e-04,-0.01
9.655400e-04,0.01
9.655500e-04,-0.01
9.655600e-04,0.03
9.655700e-04,0.01
9.655800e-04,-0.01
9.655900e-04,0.03
9.656000e-04,0.01
9.656100e-04,0.01
9.656200e-04,0.03
9.656300e-04,0.01
9.656400e-04,0.01
9.656500e-04,0.03
9.656600e-04,0.01
9.656700e-04,0.01
9.656800e-04,0.01
9.656900e-04,0.01
9.657000e-04,-0.03
9.657100e-04,0.03
9.657200e-04,0.01
9.657300e-04,-0.01
9.657400e-04,0.01
9.657500e-04,0.03
9.657600e-04,-0.01
9.657700e-04,-0.01
9.657800e-04,0.01
9.657900e-04,-0.03
9.658000e-04,0.01
9.658100e-04,0.01
9.658200e-04,0.01
9.658300e-04,0.01
9.658400e-04,0.03
9.658500e-04,0.01
9.658600e-04,0.05
9.658700e-04,0.03
9.658800e-04,0.01
9.658900e-04,0.01
9.659000e-04,0.03
9.659100e-04,0.05
9.659200e-04,0.01
9.659300e-04,0.01
9.659400e-04,0.03
9.659500e-04,0.05
9.659600e-04,0.01
9.659700e-04,0.03
9.659800e-04,0.01
9.659900e-04,0.01
9.660000e-04,0.01
9.660100e-04,0.01
9.660200e-04,0.01
9.660300e-04,0.03
9.660400e-04,0.03
9.660500e-04,0.01
9.660600e-04,-0.01
9.660700e-04,0.01
9.660800e-04,0.01
9.660900e-04,0.03
9.661000e-04,0.03
9.661100e-04,0.01
9.661200e-04,0.01
9.661300e-04,0.01
9.661400e-04,0.03
9.661500e-04,0.03
9.661600e-04,0.01
9.661700e-04,0.03
9.661800e-04,0.03
9.661900e-04,0.03
9.662000e-04,0.01
9.662100e-04,0.01
9.662200e-04,0.03
9.662300e-04,0.01
9.662400e-04,-0.01
9.662500e-04,0.01
9.662600e-04,0.01
9.662700e-04,0.01
9.662800e-04,0.03
9.662900e-04,0.01
9.663000e-04,0.01
9.663100e-04,0.03
9.663200e-04,0.01
9.663300e-04,0.03
9.663400e-04,0.01
9.663500e-04,0.01
9.663600e-04,0.03
9.663700e-04,0.01
9.663800e-04,0.01
9.663900e-04,0.03
9.664000e-04,0.01
9.664100e-04,0.01
9.664200e-04,0.01
9.664300e-04,0.01
9.664400e-04,-0.01
9.664500e-04,0.03
9.664600e-04,0.01
9.664700e-04,0.01
9.664800e-04,0.03
9.664900e-04,0.03
9.665000e-04,0.03
9.665100e-04,0.03
9.665200e-04,0.03
9.665300e-04,0.01
9.665400e-04,0.01
9.665500e-04,0.01
9.665600e-04,0.01
9.665700e-04,-0.03
9.665800e-04,0.01
9.665900e-04,0.01
9.666000e-04,0.01
9.666100e-04,-0.01
9.666200e-04,0.01
9.666300e-04,0.01
9.666400e-04,0.01
9.666500e-04,0.01
9.666600e-04,0.01
9.666700e-04,0.03
9.666800e-04,0.03
9.666900e-04,0.01
9.667000e-04,0.01
9.667100e-04,0.01
9.667200e-04,0.01
9.667300e-04,0.03
9.667400e-04,0.01
9.667500e-04,0.01
9.667600e-04,0.01
9.667700e-04,0.01
9.667800e-04,0.01
9.667900e-04,0.01
9.668000e-04,0.03
9.668100e-04,0.01
9.668200e-04,0.01
9.668300e-04,-0.01
9.668400e-04,0.01
9.668500e-04,0.01
9.668600e-04,0.03
9.668700e-04,0.03
9.668800e-04,0.03
9.668900e-04,0.01
9.669000e-04,0.01
9.669100e-04,0.01
9.669200e-04,0.01
9.669300e-04,0.01
9.669400e-04,-0.01
9.669500e-04,0.01
9.669600e-04,0.01
9.669700e-04,0.01
9.669800e-04,0.03
9.669900e-04,0.01
9.670000e-04,0.01
9.670100e-04,0.03
9.670200e-04,-0.01
9.670300e-04,0.01
9.670400e-04,0.03
9.670500e-04,0.01
9.670600e-04,0.05
9.670700e-04,-0.01
9.670800e-04,0.01
9.670900e-04,-0.01
9.671000e-04,0.03
9.671100e-04,0.01
9.671200e-04,-0.03
9.671300e-04,0.01
9.671400e-04,0.03
9.671500e-04,0.01
9.671600e-04,0.01
9.671700e-04,0.03
9.671800e-04,-0.01
9.671900e-04,0.03
9.672000e-04,-0.01
9.672100e-04,0.03
9.672200e-04,0.01
9.672300e-04,0.03
9.672400e-04,0.01
9.672500e-04,0.03
9.672600e-04,0.01
9.672700e-04,0.03
9.672800e-04,0.01
9.672900e-04,0.03
9.673000e-04,0.03
9.673100e-04,0.01
9.673200e-04,0.01
9.673300e-04,-0.03
9.673400e-04,0.01
9.673500e-04,0.03
9.673600e-04,0.01
9.673700e-04,0.01
9.673800e-04,0.01
9.673900e-04,0.01
9.674000e-04,0.01
9.674100e-04,0.01
9.674200e-04,0.03
9.674300e-04,0.03
9.674400e-04,0.01
9.674500e-04,0.01
9.674600e-04,0.01
9.674700e-04,0.05
9.674800e-04,0.01
9.674900e-04,0.01
9.675000e-04,0.01
9.675100e-04,0.03
9.675200e-04,0.01
9.675300e-04,0.01
9.675400e-04,0.01
9.675500e-04,0.03
9.675600e-04,0.03
9.675700e-04,0.01
9.675800e-04,0.03
9.675900e-04,0.03
9.676000e-04,0.03
9.676100e-04,0.03
9.676200e-04,0.03
9.676300e-04,0.01
9.676400e-04,0.01
9.676500e-04,0.03
9.676600e-04,0.01
9.676700e-04,0.01
9.676800e-04,-0.03
9.676900e-04,0.01
9.677000e-04,0.01
9.677100e-04,0.05
9.677200e-04,0.01
9.677300e-04,-0.01
9.677400e-04,0.03
9.677500e-04,0.01
9.677600e-04,0.01
9.677700e-04,0.03
9.677800e-04,0.05
9.677900e-04,0.01
9.678000e-04,0.03
9.678100e-04,0.01
9.678200e-04,-0.01
9.678300e-04,-0.01
9.678400e-04,0.01
9.678500e-04,0.01
9.678600e-04,0.01
9.678700e-04,0.03
9.678800e-04,0.01
9.678900e-04,0.03
9.679000e-04,0.03
9.679100e-04,0.01
9.679200e-04,0.01
9.679300e-04,0.01
9.679400e-04,0.01
9.679500e-04,0.01
9.679600e-04,0.01
9.679700e-04,0.01
9.679800e-04,0.03
9.679900e-04,0.01
9.680000e-04,0.01
9.680100e-04,0.01
9.680200e-04,0.01
9.680300e-04,-0.01
9.680400e-04,0.01
9.680500e-04,0.03
9.680600e-04,0.01
9.680700e-04,0.01
9.680800e-04,0.01
9.680900e-04,0.03
9.681000e-04,0.01
9.681100e-04,0.03
9.681200e-04,0.03
9.681300e-04,0.01
9.681400e-04,0.03
9.681500e-04,0.01
9.681600e-04,0.05
9.681700e-04,0.03
9.681800e-04,0.01
9.681900e-04,0.03
9.682000e-04,0.01
9.682100e-04,0.01
9.682200e-04,0.01
9.682300e-04,0.01
9.682400e-04,0.01
9.682500e-04,0.01
9.682600e-04,0.01
9.682700e-04,0.01
9.682800e-04,0.01
9.682900e-04,0.03
9.683000e-04,0.03
9.683100e-04,0.01
9.683200e-04,0.01
9.683300e-04,0.01
9.683400e-04,0.01
9.683500e-04,0.01
9.683600e-04,0.01
9.683700e-04,0.03
9.683800e-04,-0.01
9.683900e-04,0.03
9.684000e-04,0.01
9.684100e-04,0.01
9.684200e-04,0.01
9.684300e-04,0.01
9.684400e-04,0.03
9.684500e-04,0.01
9.684600e-04,0.01
9.684700e-04,0.05
9.684800e-04,0.01
9.684900e-04,0.01
9.685000e-04,0.01
9.685100e-04,0.01
9.685200e-04,0.01
9.685300e-04,0.01
9.685400e-04,0.01
9.685500e-04,0.01
9.685600e-04,0.01
9.685700e-04,0.03
9.685800e-04,0.01
9.685900e-04,0.01
9.686000e-04,0.01
9.686100e-04,-0.01
9.686200e-04,0.03
9.686300e-04,0.01
9.686400e-04,0.01
9.686500e-04,0.01
9.686600e-04,-0.01
9.686700e-04,0.03
9.686800e-04,0.03
9.686900e-04,0.03
9.687000e-04,0.01
9.687100e-04,0.01
9.687200e-04,0.03
9.687300e-04,0.01
9.687400e-04,-0.01
9.687500e-04,0.01
9.687600e-04,0.01
9.687700e-04,0.01
9.687800e-04,0.03
9.687900e-04,0.03
9.688000e-04,0.01
9.688100e-04,0.01
9.688200e-04,0.01
9.688300e-04,0.03
9.688400e-04,0.01
9.688500e-04,0.01
9.688600e-04,0.01
9.688700e-04,0.01
9.688800e-04,0.01
9.688900e-04,0.01
9.689000e-04,0.03
9.689100e-04,0.03
9.689200e-04,0.01
9.689300e-04,0.03
9.689400e-04,0.01
9.689500e-04,0.01
9.689600e-04,0.01
9.689700e-04,0.01
9.689800e-04,0.03
9.689900e-04,-0.01
9.690000e-04,0.01
9.690100e-04,0.03
9.690200e-04,0.01
9.690300e-04,-0.01
9.690400e-04,0.01
9.690500e-04,0.03
9.690600e-04,0.01
9.690700e-04,-0.01
9.690800e-04,0.01
9.690900e-04,0.01
9.691000e-04,0.01
9.691100e-04,0.03
9.691200e-04,0.01
9.691300e-04,0.01
9.691400e-04,0.01
9.691500e-04,-0.01
9.691600e-04,0.01
9.691700e-04,0.03
9.691800e-04,-0.01
9.691900e-04,0.01
9.692000e-04,0.03
9.692100e-04,0.01
9.692200e-04,0.01
9.692300e-04,-0.01
9.692400e-04,0.01
9.692500e-04,0.01
9.692600e-04,0.05
9.692700e-04,-0.01
9.692800e-04,0.03
9.692900e-04,0.03
9.693000e-04,0.01
9.693100e-04,0.01
9.693200e-04,0.01
9.693300e-04,0.01
9.693400e-04,0.01
9.693500e-04,0.01
9.693600e-04,0.01
9.693700e-04,-0.01
9.693800e-04,0.01
9.693900e-04,0.01
9.694000e-04,0.01
9.694100e-04,0.01
9.694200e-04,0.03
9.694300e-04,0.01
9.694400e-04,-0.01
9.694500e-04,0.03
9.694600e-04,0.03
9.694700e-04,0.03
9.694800e-04,-0.01
9.694900e-04,0.01
9.695000e-04,0.01
9.695100e-04,0.01
9.695200e-04,0.03
9.695300e-04,0.01
9.695400e-04,0.03
9.695500e-04,0.03
9.695600e-04,0.05
9.695700e-04,-0.01
9.695800e-04,0.01
9.695900e-04,0.01
9.696000e-04,0.01
9.696100e-04,0.01
9.696200e-04,0.01
9.696300e-04,0.01
9.696400e-04,0.01
9.696500e-04,0.01
9.696600e-04,0.01
9.696700e-04,0.05
9.696800e-04,-0.01
9.696900e-04,-0.01
9.697000e-04,0.03
9.697100e-04,0.01
9.697200e-04,0.01
9.697300e-04,0.03
9.697400e-04,0.01
9.697500e-04,0.01
9.697600e-04,0.01
9.697700e-04,0.05
9.697800e-04,-0.03
9.697900e-04,0.03
9.698000e-04,-0.01
9.698100e-04,0.01
9.698200e-04,0.01
9.698300e-04,0.03
9.698400e-04,0.03
9.698500e-04,-0.01
9.698600e-04,-0.01
9.698700e-04,0.01
9.698800e-04,0.03
9.698900e-04,0.01
9.699000e-04,0.01
9.699100e-04,0.03
9.699200e-04,0.01
9.699300e-04,0.01
9.699400e-04,0.01
9.699500e-04,0.03
9.699600e-04,-0.01
9.699700e-04,0.01
9.699800e-04,0.01
9.699900e-04,0.01
9.700000e-04,0.01
9.700100e-04,0.03
9.700200e-04,0.03
9.700300e-04,0.01
9.700400e-04,0.03
9.700500e-04,0.01
9.700600e-04,0.01
9.700700e-04,0.01
9.700800e-04,0.01
9.700900e-04,0.03
9.701000e-04,-0.01
9.701100e-04,0.03
9.701200e-04,0.01
9.701300e-04,0.01
9.701400e-04,0.01
9.701500e-04,0.01
9.701600e-04,0.01
9.701700e-04,0.03
9.701800e-04,0.03
9.701900e-04,0.03
9.702000e-04,0.01
9.702100e-04,0.03
9.702200e-04,0.01
9.702300e-04,0.01
9.702400e-04,0.01
9.702500e-04,-0.01
9.702600e-04,0.01
9.702700e-04,0.01
9.702800e-04,0.01
9.702900e-04,0.01
9.703000e-04,0.03
9.703100e-04,0.03
9.703200e-04,0.01
9.703300e-04,0.01
9.703400e-04,0.03
9.703500e-04,0.01
9.703600e-04,0.01
9.703700e-04,0.03
9.703800e-04,0.01
9.703900e-04,0.03
9.704000e-04,0.01
9.704100e-04,0.03
9.704200e-04,-0.01
9.704300e-04,0.01
9.704400e-04,0.01
9.704500e-04,0.01
9.704600e-04,0.01
9.704700e-04,0.01
9.704800e-04,0.01
9.704900e-04,0.03
9.705000e-04,0.01
9.705100e-04,0.01
9.705200e-04,0.05
9.705300e-04,0.01
9.705400e-04,-0.01
9.705500e-04,0.03
9.705600e-04,0.01
9.705700e-04,-0.01
9.705800e-04,0.01
9.705900e-04,0.01
9.706000e-04,0.01
9.706100e-04,0.03
9.706200e-04,0.01
9.706300e-04,0.01
9.706400e-04,-0.01
9.706500e-04,0.01
9.706600e-04,0.03
9.706700e-04,0.03
9.706800e-04,0.01
9.706900e-04,0.01
9.707000e-04,0.01
9.707100e-04,0.03
9.707200e-04,0.03
9.707300e-04,0.01
9.707400e-04,-0.03
9.707500e-04,0.03
9.707600e-04,0.01
9.707700e-04,0.03
9.707800e-04,0.01
9.707900e-04,0.01
9.708000e-04,0.03
9.708100e-04,0.01
9.708200e-04,0.01
9.708300e-04,0.01
9.708400e-04,0.01
9.708500e-04,0.01
9.708600e-04,0.01
9.708700e-04,0.03
9.708800e-04,0.01
9.708900e-04,0.03
9.709000e-04,0.01
9.709100e-04,0.01
9.709200e-04,0.03
9.709300e-04,0.01
9.709400e-04,-0.01
9.709500e-04,0.01
9.709600e-04,0.01
9.709700e-04,0.03
9.709800e-04,0.03
9.709900e-04,0.03
9.710000e-04,-0.01
9.710100e-04,0.03
9.710200e-04,0.03
9.710300e-04,0.01
9.710400e-04,0.01
9.710500e-04,0.01
9.710600e-04,-0.01
9.710700e-04,0.01
9.710800e-04,0.03
9.710900e-04,0.03
9.711000e-04,0.01
9.711100e-04,0.01
9.711200e-04,0.03
9.711300e-04,-0.01
9.711400e-04,-0.01
9.711500e-04,0.03
9.711600e-04,0.01
9.711700e-04,0.01
9.711800e-04,0.01
9.711900e-04,0.01
9.712000e-04,0.01
9.712100e-04,0.01
9.712200e-04,0.01
9.712300e-04,0.03
9.712400e-04,0.03
9.712500e-04,0.01
9.712600e-04,0.03
9.712700e-04,0.03
9.712800e-04,0.01
9.712900e-04,0.01
9.713000e-04,0.01
9.713100e-04,0.01
9.713200e-04,0.01
9.713300e-04,0.03
9.713400e-04,0.01
9.713500e-04,0.03
9.713600e-04,0.01
9.713700e-04,0.01
9.713800e-04,0.01
9.713900e-04,0.03
9.714000e-04,-0.01
9.714100e-04,0.03
9.714200e-04,-0.03
9.714300e-04,0.01
9.714400e-04,0.01
9.714500e-04,0.01
9.714600e-04,-0.01
9.714700e-04,0.01
9.714800e-04,0.01
9.714900e-04,0.01
9.715000e-04,0.01
9.715100e-04,0.03
9.715200e-04,0.03
9.715300e-04,-0.01
9.715400e-04,0.01
9.715500e-04,0.03
9.715600e-04,0.01
9.715700e-04,0.01
9.715800e-04,0.03
9.715900e-04,0.01
9.716000e-04,0.01
9.716100e-04,0.01
9.716200e-04,0.03
9.716300e-04,0.03
9.716400e-04,0.01
9.716500e-04,0.01
9.716600e-04,0.01
9.716700e-04,0.01
9.716800e-04,0.03
9.716900e-04,0.01
9.717000e-04,0.03
9.717100e-04,0.03
9.717200e-04,-0.01
9.717300e-04,0.03
9.717400e-04,0.01
9.717500e-04,0.05
9.717600e-04,-0.01
9.717700e-04,0.01
9.717800e-04,-0.01
9.717900e-04,0.03
9.718000e-04,-0.01
9.718100e-04,-0.01
9.718200e-04,-0.01
9.718300e-04,0.01
9.718400e-04,0.01
9.718500e-04,0.01
9.718600e-04,0.03
9.718700e-04,0.01
9.718800e-04,-0.01
9.718900e-04,0.01
9.719000e-04,0.01
9.719100e-04,-0.01
9.719200e-04,0.03
9.719300e-04,0.01
9.719400e-04,0.01
9.719500e-04,0.01
9.719600e-04,0.01
9.719700e-04,0.01
9.719800e-04,0.01
9.719900e-04,0.03
9.720000e-04,0.03
9.720100e-04,0.03
9.720200e-04,0.01
9.720300e-04,0.03
9.720400e-04,0.01
9.720500e-04,0.01
9.720600e-04,-0.01
9.720700e-04,0.01
9.720800e-04,0.01
9.720900e-04,0.03
9.721000e-04,0.03
9.721100e-04,0.01
9.721200e-04,0.01
9.721300e-04,0.01
9.721400e-04,0.03
9.721500e-04,0.03
9.721600e-04,0.01
9.721700e-04,0.03
9.721800e-04,0.01
9.721900e-04,-0.01
9.722000e-04,0.03
9.722100e-04,0.03
9.722200e-04,0.03
9.722300e-04,0.01
9.722400e-04,0.01
9.722500e-04,0.01
9.722600e-04,0.05
9.722700e-04,-0.01
9.722800e-04,0.03
9.722900e-04,0.03
9.723000e-04,0.01
9.723100e-04,0.03
9.723200e-04,0.01
9.723300e-04,0.01
9.723400e-04,0.01
9.723500e-04,0.03
9.723600e-04,0.03
9.723700e-04,0.05
9.723800e-04,0.03
9.723900e-04,0.03
9.724000e-04,0.03
9.724100e-04,0.01
9.724200e-04,0.01
9.724300e-04,0.01
9.724400e-04,0.03
9.724500e-04,-0.03
9.724600e-04,0.03
9.724700e-04,0.01
9.724800e-04,0.03
9.724900e-04,0.01
9.725000e-04,0.01
9.725100e-04,0.03
9.725200e-04,0.01
9.725300e-04,0.01
9.725400e-04,0.01
9.725500e-04,0.03
9.725600e-04,-0.01
9.725700e-04,0.03
9.725800e-04,0.03
9.725900e-04,0.01
9.726000e-04,0.01
9.726100e-04,0.03
9.726200e-04,-0.01
9.726300e-04,0.01
9.726400e-04,0.01
9.726500e-04,-0.01
9.726600e-04,0.01
9.726700e-04,0.01
9.726800e-04,0.01
9.726900e-04,0.01
9.727000e-04,0.01
9.727100e-04,-0.01
9.727200e-04,0.01
9.727300e-04,0.01
9.727400e-04,0.01
9.727500e-04,0.03
9.727600e-04,0.01
9.727700e-04,0.03
9.727800e-04,0.03
9.727900e-04,0.01
9.728000e-04,0.03
9.728100e-04,0.01
9.728200e-04,0.03
9.728300e-04,0.01
9.728400e-04,-0.01
9.728500e-04,0.03
9.728600e-04,0.01
9.728700e-04,0.07
9.728800e-04,0.01
9.728900e-04,0.01
9.729000e-04,0.03
9.729100e-04,0.01
9.729200e-04,0.01
9.729300e-04,-0.01
9.729400e-04,0.01
9.729500e-04,-0.01
9.729600e-04,0.03
9.729700e-04,0.01
9.729800e-04,0.01
9.729900e-04,0.01
9.730000e-04,0.01
9.730100e-04,0.01
9.730200e-04,0.01
9.730300e-04,0.01
9.730400e-04,0.01
9.730500e-04,0.01
9.730600e-04,0.01
9.730700e-04,0.01
9.730800e-04,0.01
9.730900e-04,0.03
9.731000e-04,0.03
9.731100e-04,0.03
9.731200e-04,0.01
9.731300e-04,0.01
9.731400e-04,-0.01
9.731500e-04,0.01
9.731600e-04,-0.01
9.731700e-04,0.01
9.731800e-04,0.03
9.731900e-04,-0.01
9.732000e-04,0.03
9.732100e-04,-0.01
9.732200e-04,0.05
9.732300e-04,0.01
9.732400e-04,0.03
9.732500e-04,0.01
9.732600e-04,0.03
9.732700e-04,0.03
9.732800e-04,0.01
9.732900e-04,0.01
9.733000e-04,0.01
9.733100e-04,0.01
9.733200e-04,0.01
9.733300e-04,0.01
9.733400e-04,0.05
9.733500e-04,0.03
9.733600e-04,0.01
9.733700e-04,0.03
9.733800e-04,0.03
9.733900e-04,0.03
9.734000e-04,0.01
9.734100e-04,0.03
9.734200e-04,0.01
9.734300e-04,-0.01
9.734400e-04,0.01
9.734500e-04,0.01
9.734600e-04,0.01
9.734700e-04,0.01
9.734800e-04,0.01
9.734900e-04,0.01
9.735000e-04,0.03
9.735100e-04,0.01
9.735200e-04,0.03
9.735300e-04,0.01
9.735400e-04,0.03
9.735500e-04,0.01
9.735600e-04,0.03
9.735700e-04,0.01
9.735800e-04,0.01
9.735900e-04,0.01
9.736000e-04,0.03
9.736100e-04,0.01
9.736200e-04,0.01
9.736300e-04,0.01
9.736400e-04,0.01
9.736500e-04,0.03
9.736600e-04,-0.01
9.736700e-04,0.01
9.736800e-04,0.01
9.736900e-04,0.03
9.737000e-04,0.03
9.737100e-04,0.03
9.737200e-04,0.01
9.737300e-04,0.01
9.737400e-04,0.03
9.737500e-04,-0.01
9.737600e-04,0.01
9.737700e-04,0.01
9.737800e-04,0.01
9.737900e-04,0.01
9.738000e-04,0.01
9.738100e-04,0.01
9.738200e-04,0.01
9.738300e-04,0.01
9.738400e-04,0.03
9.738500e-04,0.01
9.738600e-04,0.01
9.738700e-04,0.03
9.738800e-04,0.01
9.738900e-04,0.01
9.739000e-04,0.03
9.739100e-04,0.03
9.739200e-04,0.01
9.739300e-04,0.03
9.739400e-04,0.01
9.739500e-04,0.03
9.739600e-04,0.01
9.739700e-04,0.01
9.739800e-04,0.03
9.739900e-04,0.03
9.740000e-04,-0.01
9.740100e-04,0.01
9.740200e-04,0.01
9.740300e-04,0.01
9.740400e-04,0.01
9.740500e-04,0.01
9.740600e-04,0.01
9.740700e-04,0.03
9.740800e-04,0.01
9.740900e-04,0.01
9.741000e-04,-0.01
9.741100e-04,0.03
9.741200e-04,-0.01
9.741300e-04,-0.01
9.741400e-04,0.01
9.741500e-04,0.03
9.741600e-04,0.01
9.741700e-04,0.01
9.741800e-04,0.01
9.741900e-04,0.01
9.742000e-04,0.03
9.742100e-04,0.01
9.742200e-04,0.05
9.742300e-04,0.01
9.742400e-04,0.01
9.742500e-04,0.01
9.742600e-04,0.01
9.742700e-04,0.03
9.742800e-04,0.01
9.742900e-04,0.03
9.743000e-04,0.01
9.743100e-04,-0.01
9.743200e-04,0.03
9.743300e-04,0.05
9.743400e-04,0.03
9.743500e-04,0.03
9.743600e-04,0.03
9.743700e-04,0.01
9.743800e-04,0.01
9.743900e-04,0.01
9.744000e-04,0.03
9.744100e-04,0.01
9.744200e-04,0.03
9.744300e-04,0.03
9.744400e-04,0.03
9.744500e-04,0.01
9.744600e-04,0.01
9.744700e-04,0.01
9.744800e-04,0.01
9.744900e-04,0.01
9.745000e-04,0.01
9.745100e-04,0.01
9.745200e-04,0.03
9.745300e-04,0.01
9.745400e-04,0.01
9.745500e-04,0.01
9.745600e-04,0.01
9.745700e-04,0.01
9.745800e-04,0.03
9.745900e-04,0.01
9.746000e-04,0.01
9.746100e-04,0.03
9.746200e-04,0.03
9.746300e-04,0.03
9.746400e-04,-0.01
9.746500e-04,0.03
9.746600e-04,0.01
9.746700e-04,0.03
9.746800e-04,0.01
9.746900e-04,0.03
9.747000e-04,0.01
9.747100e-04,0.01
9.747200e-04,-0.01
9.747300e-04,0.05
9.747400e-04,0.01
9.747500e-04,0.03
9.747600e-04,0.03
9.747700e-04,0.01
9.747800e-04,0.03
9.747900e-04,0.01
9.748000e-04,0.03
9.748100e-04,0.03
9.748200e-04,0.03
9.748300e-04,0.03
9.748400e-04,0.03
9.748500e-04,-0.01
9.748600e-04,0.01
9.748700e-04,0.01
9.748800e-04,0.01
9.748900e-04,0.01
9.749000e-04,0.01
9.749100e-04,0.01
9.749200e-04,0.03
9.749300e-04,0.01
9.749400e-04,0.03
9.749500e-04,0.01
9.749600e-04,0.01
9.749700e-04,0.01
9.749800e-04,0.01
9.749900e-04,0.01
9.750000e-04,-0.01
9.750100e-04,0.03
9.750200e-04,0.01
9.750300e-04,0.01
9.750400e-04,-0.01
9.750500e-04,0.01
9.750600e-04,0.03
9.750700e-04,0.03
9.750800e-04,0.01
9.750900e-04,0.03
9.751000e-04,0.01
9.751100e-04,0.01
9.751200e-04,0.03
9.751300e-04,0.01
9.751400e-04,0.03
9.751500e-04,-0.01
9.751600e-04,0.03
9.751700e-04,0.01
9.751800e-04,-0.01
9.751900e-04,0.01
9.752000e-04,0.03
9.752100e-04,0.01
9.752200e-04,0.03
9.752300e-04,-0.01
9.752400e-04,0.01
9.752500e-04,0.01
9.752600e-04,0.01
9.752700e-04,0.01
9.752800e-04,0.03
9.752900e-04,0.01
9.753000e-04,0.03
9.753100e-04,0.05
9.753200e-04,0.01
9.753300e-04,0.03
9.753400e-04,0.03
9.753500e-04,0.01
9.753600e-04,0.01
9.753700e-04,0.03
9.753800e-04,0.03
9.753900e-04,0.03
9.754000e-04,0.05
9.754100e-04,0.01
9.754200e-04,0.01
9.754300e-04,0.01
9.754400e-04,0.01
9.754500e-04,0.01
9.754600e-04,0.01
9.754700e-04,0.03
9.754800e-04,-0.01
9.754900e-04,0.01
9.755000e-04,0.03
9.755100e-04,0.01
9.755200e-04,0.01
9.755300e-04,0.01
9.755400e-04,0.03
9.755500e-04,-0.01
9.755600e-04,0.01
9.755700e-04,0.01
9.755800e-04,0.03
9.755900e-04,-0.01
9.756000e-04,0.03
9.756100e-04,0.03
9.756200e-04,0.03
9.756300e-04,0.01
9.756400e-04,0.01
9.756500e-04,0.01
9.756600e-04,0.01
9.756700e-04,-0.01
9.756800e-04,0.01
9.756900e-04,0.03
9.757000e-04,0.01
9.757100e-04,0.01
9.757200e-04,0.01
9.757300e-04,0.01
9.757400e-04,0.01
9.757500e-04,0.03
9.757600e-04,0.03
9.757700e-04,0.03
9.757800e-04,-0.01
9.757900e-04,0.01
9.758000e-04,0.01
9.758100e-04,0.01
9.758200e-04,0.03
9.758300e-04,0.03
9.758400e-04,0.01
9.758500e-04,-0.01
9.758600e-04,0.01
9.758700e-04,0.03
9.758800e-04,0.01
9.758900e-04,0.01
9.759000e-04,0.01
9.759100e-04,0.01
9.759200e-04,0.03
9.759300e-04,0.03
9.759400e-04,0.01
9.759500e-04,0.03
9.759600e-04,0.03
9.759700e-04,0.03
9.759800e-04,0.01
9.759900e-04,0.03
9.760000e-04,0.03
9.760100e-04,0.03
9.760200e-04,0.05
9.760300e-04,0.01
9.760400e-04,0.03
9.760500e-04,0.01
9.760600e-04,0.01
9.760700e-04,0.01
9.760800e-04,0.01
9.760900e-04,0.01
9.761000e-04,0.01
9.761100e-04,0.01
9.761200e-04,0.03
9.761300e-04,0.03
9.761400e-04,0.01
9.761500e-04,-0.01
9.761600e-04,0.03
9.761700e-04,0.01
9.761800e-04,0.03
9.761900e-04,0.01
9.762000e-04,0.05
9.762100e-04,0.01
9.762200e-04,0.01
9.762300e-04,-0.01
9.762400e-04,0.03
9.762500e-04,0.03
9.762600e-04,0.03
9.762700e-04,0.05
9.762800e-04,0.01
9.762900e-04,0.01
9.763000e-04,0.01
9.763100e-04,-0.03
9.763200e-04,0.03
9.763300e-04,0.01
9.763400e-04,0.01
9.763500e-04,-0.01
9.763600e-04,0.03
9.763700e-04,0.03
9.763800e-04,0.01
9.763900e-04,0.01
9.764000e-04,0.03
9.764100e-04,0.01
9.764200e-04,0.01
9.764300e-04,0.01
9.764400e-04,0.01
9.764500e-04,0.01
9.764600e-04,0.03
9.764700e-04,0.01
9.764800e-04,0.01
9.764900e-04,0.01
9.765000e-04,0.01
9.765100e-04,0.01
9.765200e-04,-0.01
9.765300e-04,0.01
9.765400e-04,0.01
9.765500e-04,0.01
9.765600e-04,0.01
9.765700e-04,0.01
9.765800e-04,0.01
9.765900e-04,0.03
9.766000e-04,0.03
9.766100e-04,-0.01
9.766200e-04,0.01
9.766300e-04,0.03
9.766400e-04,0.01
9.766500e-04,0.01
9.766600e-04,0.03
9.766700e-04,0.01
9.766800e-04,0.01
9.766900e-04,0.03
9.767000e-04,0.01
9.767100e-04,0.01
9.767200e-04,0.01
9.767300e-04,0.03
9.767400e-04,0.03
9.767500e-04,-0.01
9.767600e-04,-0.01
9.767700e-04,0.01
9.767800e-04,0.01
9.767900e-04,0.01
9.768000e-04,0.01
9.768100e-04,-0.01
9.768200e-04,-0.01
9.768300e-04,0.01
9.768400e-04,0.03
9.768500e-04,0.01
9.768600e-04,-0.01
9.768700e-04,0.01
9.768800e-04,0.03
9.768900e-04,-0.01
9.769000e-04,0.01
9.769100e-04,0.01
9.769200e-04,0.03
9.769300e-04,0.01
9.769400e-04,0.01
9.769500e-04,0.01
9.769600e-04,0.01
9.769700e-04,0.01
9.769800e-04,0.03
9.769900e-04,0.01
9.770000e-04,-0.01
9.770100e-04,0.01
9.770200e-04,0.01
9.770300e-04,0.01
9.770400e-04,0.01
9.770500e-04,0.03
9.770600e-04,0.03
9.770700e-04,-0.01
9.770800e-04,0.03
9.770900e-04,0.03
9.771000e-04,0.07
9.771100e-04,0.03
9.771200e-04,-0.01
9.771300e-04,0.01
9.771400e-04,0.01
9.771500e-04,0.03
9.771600e-04,0.03
9.771700e-04,-0.03
9.771800e-04,0.01
9.771900e-04,0.03
9.772000e-04,0.03
9.772100e-04,0.03
9.772200e-04,0.01
9.772300e-04,0.01
9.772400e-04,0.01
9.772500e-04,0.01
9.772600e-04,0.03
9.772700e-04,0.01
9.772800e-04,0.03
9.772900e-04,0.01
9.773000e-04,0.01
9.773100e-04,0.01
9.773200e-04,0.03
9.773300e-04,0.01
9.773400e-04,-0.01
9.773500e-04,0.01
9.773600e-04,0.03
9.773700e-04,0.01
9.773800e-04,0.01
9.773900e-04,-0.01
9.774000e-04,0.03
9.774100e-04,0.01
9.774200e-04,0.01
9.774300e-04,0.01
9.774400e-04,0.03
9.774500e-04,0.01
9.774600e-04,0.01
9.774700e-04,0.03
9.774800e-04,0.01
9.774900e-04,0.01
9.775000e-04,0.01
9.775100e-04,0.01
9.775200e-04,0.01
9.775300e-04,0.01
9.775400e-04,-0.01
9.775500e-04,0.03
9.775600e-04,-0.01
9.775700e-04,0.01
9.775800e-04,0.01
9.775900e-04,0.01
9.776000e-04,0.01
9.776100e-04,-0.01
9.776200e-04,0.03
9.776300e-04,0.01
9.776400e-04,0.01
9.776500e-04,0.01
9.776600e-04,0.03
9.776700e-04,-0.01
9.776800e-04,0.03
9.776900e-04,-0.01
9.777000e-04,0.01
9.777100e-04,0.03
9.777200e-04,0.01
9.777300e-04,0.01
9.777400e-04,0.01
9.777500e-04,0.01
9.777600e-04,0.01
9.777700e-04,0.01
9.777800e-04,0.01
9.777900e-04,0.01
9.778000e-04,-0.01
9.778100e-04,0.03
9.778200e-04,0.03
9.778300e-04,0.05
9.778400e-04,-0.03
9.778500e-04,-0.01
9.778600e-04,0.03
9.778700e-04,0.03
9.778800e-04,0.01
9.778900e-04,0.01
9.779000e-04,-0.01
9.779100e-04,0.01
9.779200e-04,0.01
9.779300e-04,0.01
9.779400e-04,0.01
9.779500e-04,0.01
9.779600e-04,0.01
9.779700e-04,0.01
9.779800e-04,0.03
9.779900e-04,-0.01
9.780000e-04,0.01
9.780100e-04,0.03
9.780200e-04,0.01
9.780300e-04,0.01
9.780400e-04,0.01
9.780500e-04,-0.03
9.780600e-04,0.01
9.780700e-04,0.03
9.780800e-04,0.01
9.780900e-04,0.01
9.781000e-04,0.01
9.781100e-04,-0.01
9.781200e-04,0.01
9.781300e-04,0.01
9.781400e-04,0.01
9.781500e-04,0.01
9.781600e-04,0.05
9.781700e-04,0.01
9.781800e-04,0.03
9.781900e-04,0.03
9.782000e-04,0.01
9.782100e-04,0.01
9.782200e-04,0.01
9.782300e-04,0.03
9.782400e-04,0.03
9.782500e-04,0.03
9.782600e-04,0.01
9.782700e-04,0.03
9.782800e-04,0.03
9.782900e-04,0.03
9.783000e-04,0.01
9.783100e-04,0.01
9.783200e-04,0.01
9.783300e-04,0.01
9.783400e-04,0.03
9.783500e-04,0.01
9.783600e-04,0.03
9.783700e-04,0.01
9.783800e-04,-0.01
9.783900e-04,0.01
9.784000e-04,0.03
9.784100e-04,0.03
9.784200e-04,0.01
9.784300e-04,0.01
9.784400e-04,0.01
9.784500e-04,0.01
9.784600e-04,0.01
9.784700e-04,0.01
9.784800e-04,-0.01
9.784900e-04,0.05
9.785000e-04,0.01
9.785100e-04,-0.01
9.785200e-04,0.03
9.785300e-04,0.03
9.785400e-04,0.01
9.785500e-04,0.01
9.785600e-04,0.03
9.785700e-04,0.03
9.785800e-04,0.01
9.785900e-04,0.01
9.786000e-04,0.03
9.786100e-04,0.01
9.786200e-04,0.01
9.786300e-04,0.01
9.786400e-04,0.01
9.786500e-04,0.01
9.786600e-04,0.03
9.786700e-04,0.01
9.786800e-04,0.01
9.786900e-04,0.01
9.787000e-04,0.01
9.787100e-04,0.01
9.787200e-04,0.03
9.787300e-04,0.01
9.787400e-04,-0.01
9.787500e-04,0.03
9.787600e-04,0.01
9.787700e-04,-0.01
9.787800e-04,0.01
9.787900e-04,0.03
9.788000e-04,0.03
9.788100e-04,0.01
9.788200e-04,0.01
9.788300e-04,0.03
9.788400e-04,0.01
9.788500e-04,0.01
9.788600e-04,0.01
9.788700e-04,0.03
9.788800e-04,0.01
9.788900e-04,0.01
9.789000e-04,0.01
9.789100e-04,0.01
9.789200e-04,0.01
9.789300e-04,0.03
9.789400e-04,0.05
9.789500e-04,-0.01
9.789600e-04,0.01
9.789700e-04,0.01
9.789800e-04,0.01
9.789900e-04,-0.01
9.790000e-04,0.01
9.790100e-04,0.01
9.790200e-04,0.01
9.790300e-04,0.03
9.790400e-04,0.01
9.790500e-04,0.01
9.790600e-04,0.03
9.790700e-04,-0.01
9.790800e-04,0.01
9.790900e-04,0.01
9.791000e-04,0.03
9.791100e-04,0.01
9.791200e-04,0.01
9.791300e-04,-0.03
9.791400e-04,0.01
9.791500e-04,0.01
9.791600e-04,-0.03
9.791700e-04,0.01
9.791800e-04,0.03
9.791900e-04,0.01
9.792000e-04,-0.03
9.792100e-04,0.01
9.792200e-04,0.01
9.792300e-04,0.01
9.792400e-04,0.01
9.792500e-04,0.03
9.792600e-04,0.01
9.792700e-04,0.03
9.792800e-04,0.01
9.792900e-04,0.01
9.793000e-04,0.01
9.793100e-04,0.01
9.793200e-04,0.03
9.793300e-04,0.01
9.793400e-04,0.01
9.793500e-04,0.01
9.793600e-04,0.03
9.793700e-04,0.05
9.793800e-04,0.01
9.793900e-04,0.03
9.794000e-04,0.03
9.794100e-04,0.01
9.794200e-04,0.03
9.794300e-04,0.01
9.794400e-04,0.03
9.794500e-04,0.03
9.794600e-04,-0.01
9.794700e-04,0.01
9.794800e-04,0.01
9.794900e-04,0.01
9.795000e-04,-0.01
9.795100e-04,0.01
9.795200e-04,0.01
9.795300e-04,-0.01
9.795400e-04,0.03
9.795500e-04,0.03
9.795600e-04,0.01
9.795700e-04,0.03
9.795800e-04,0.01
9.795900e-04,0.01
9.796000e-04,0.01
9.796100e-04,0.01
9.796200e-04,0.01
9.796300e-04,0.01
9.796400e-04,0.01
9.796500e-04,0.01
9.796600e-04,0.01
9.796700e-04,0.03
9.796800e-04,0.03
9.796900e-04,0.01
9.797000e-04,0.01
9.797100e-04,0.03
9.797200e-04,0.01
9.797300e-04,0.01
9.797400e-04,-0.01
9.797500e-04,0.01
9.797600e-04,0.01
9.797700e-04,0.01
9.797800e-04,0.01
9.797900e-04,-0.01
9.798000e-04,0.03
9.798100e-04,0.01
9.798200e-04,0.01
9.798300e-04,0.03
9.798400e-04,0.03
9.798500e-04,-0.01
9.798600e-04,-0.03
9.798700e-04,0.03
9.798800e-04,0.01
9.798900e-04,0.01
9.799000e-04,0.03
9.799100e-04,0.01
9.799200e-04,0.03
9.799300e-04,0.01
9.799400e-04,0.03
9.799500e-04,0.01
9.799600e-04,0.01
9.799700e-04,0.01
9.799800e-04,0.03
9.799900e-04,0.01
9.800000e-04,0.03
9.800100e-04,0.03
9.800200e-04,0.01
9.800300e-04,0.03
9.800400e-04,-0.01
9.800500e-04,0.01
9.800600e-04,0.01
9.800700e-04,0.01
9.800800e-04,0.01
9.800900e-04,0.03
9.801000e-04,0.01
9.801100e-04,0.01
9.801200e-04,0.01
9.801300e-04,0.01
9.801400e-04,0.03
9.801500e-04,0.01
9.801600e-04,-0.01
9.801700e-04,0.01
9.801800e-04,-0.01
9.801900e-04,0.03
9.802000e-04,0.01
9.802100e-04,0.01
9.802200e-04,0.01
9.802300e-04,0.03
9.802400e-04,0.03
9.802500e-04,0.03
9.802600e-04,0.01
9.802700e-04,0.03
9.802800e-04,0.01
9.802900e-04,0.01
9.803000e-04,-0.01
9.803100e-04,0.01
9.803200e-04,0.01
9.803300e-04,0.01
9.803400e-04,0.01
9.803500e-04,-0.01
9.803600e-04,0.01
9.803700e-04,0.01
9.803800e-04,0.01
9.803900e-04,0.01
9.804000e-04,0.01
9.804100e-04,0.01
9.804200e-04,0.03
9.804300e-04,0.03
9.804400e-04,-0.01
9.804500e-04,-0.01
9.804600e-04,0.01
9.804700e-04,0.01
9.804800e-04,0.01
9.804900e-04,-0.01
9.805000e-04,0.03
9.805100e-04,0.01
9.805200e-04,0.01
9.805300e-04,0.01
9.805400e-04,0.01
9.805500e-04,0.03
9.805600e-04,0.01
9.805700e-04,0.05
9.805800e-04,0.01
9.805900e-04,0.01
9.806000e-04,0.01
9.806100e-04,0.01
9.806200e-04,0.01
9.806300e-04,0.01
9.806400e-04,0.01
9.806500e-04,0.01
9.806600e-04,0.01
9.806700e-04,0.01
9.806800e-04,0.01
9.806900e-04,0.01
9.807000e-04,0.01
9.807100e-04,0.01
9.807200e-04,0.01
9.807300e-04,0.01
9.807400e-04,0.01
9.807500e-04,0.01
9.807600e-04,0.01
9.807700e-04,0.01
9.807800e-04,-0.01
9.807900e-04,0.03
9.808000e-04,0.01
9.808100e-04,0.01
9.808200e-04,-0.01
9.808300e-04,0.01
9.808400e-04,0.01
9.808500e-04,0.01
9.808600e-04,0.01
9.808700e-04,0.03
9.808800e-04,0.01
9.808900e-04,0.01
9.809000e-04,0.01
9.809100e-04,0.01
9.809200e-04,0.03
9.809300e-04,0.01
9.809400e-04,0.03
9.809500e-04,0.01
9.809600e-04,0.01
9.809700e-04,0.01
9.809800e-04,0.01
9.809900e-04,-0.01
9.810000e-04,0.03
9.810100e-04,0.03
9.810200e-04,0.03
9.810300e-04,0.03
9.810400e-04,0.03
9.810500e-04,0.01
9.810600e-04,0.03
9.810700e-04,0.01
9.810800e-04,0.03
9.810900e-04,0.01
9.811000e-04,-0.01
9.811100e-04,0.01
9.811200e-04,0.03
9.811300e-04,0.01
9.811400e-04,0.01
9.811500e-04,0.01
9.811600e-04,0.03
9.811700e-04,0.01
9.811800e-04,0.01
9.811900e-04,0.01
9.812000e-04,0.01
9.812100e-04,-0.01
9.812200e-04,0.03
9.812300e-04,0.01
9.812400e-04,0.01
9.812500e-04,-0.01
9.812600e-04,0.01
9.812700e-04,0.01
9.812800e-04,0.01
9.812900e-04,0.01
9.813000e-04,0.01
9.813100e-04,0.01
9.813200e-04,0.01
9.813300e-04,0.03
9.813400e-04,0.01
9.813500e-04,0.03
9.813600e-04,0.01
9.813700e-04,0.03
9.813800e-04,0.03
9.813900e-04,0.03
9.814000e-04,0.01
9.814100e-04,0.01
9.814200e-04,0.03
9.814300e-04,0.03
9.814400e-04,0.01
9.814500e-04,0.01
9.814600e-04,0.01
9.814700e-04,-0.03
9.814800e-04,0.03
9.814900e-04,0.01
9.815000e-04,0.01
9.815100e-04,-0.01
9.815200e-04,0.03
9.815300e-04,-0.01
9.815400e-04,0.01
9.815500e-04,0.03
9.815600e-04,-0.01
9.815700e-04,0.01
9.815800e-04,-0.01
9.815900e-04,0.03
9.816000e-04,0.01
9.816100e-04,0.01
9.816200e-04,0.01
9.816300e-04,-0.01
9.816400e-04,0.03
9.816500e-04,0.01
9.816600e-04,0.01
9.816700e-04,0.01
9.816800e-04,0.01
9.816900e-04,0.03
9.817000e-04,0.03
9.817100e-04,0.05
9.817200e-04,0.01
9.817300e-04,0.03
9.817400e-04,-0.01
9.817500e-04,0.03
9.817600e-04,0.03
9.817700e-04,-0.01
9.817800e-04,0.03
9.817900e-04,0.01
9.818000e-04,0.03
9.818100e-04,0.01
9.818200e-04,0.01
9.818300e-04,0.01
9.818400e-04,0.03
9.818500e-04,-0.01
9.818600e-04,0.01
9.818700e-04,0.01
9.818800e-04,0.01
9.818900e-04,0.03
9.819000e-04,-0.01
9.819100e-04,-0.01
9.819200e-04,0.01
9.819300e-04,-0.01
9.819400e-04,0.01
9.819500e-04,0.03
9.819600e-04,0.01
9.819700e-04,0.03
9.819800e-04,0.01
9.819900e-04,0.01
9.820000e-04,0.01
9.820100e-04,0.01
9.820200e-04,0.01
9.820300e-04,0.01
9.820400e-04,0.01
9.820500e-04,0.01
9.820600e-04,0.01
9.820700e-04,0.01
9.820800e-04,0.03
9.820900e-04,-0.01
9.821000e-04,0.03
9.821100e-04,0.01
9.821200e-04,0.01
9.821300e-04,0.03
9.821400e-04,-0.01
9.821500e-04,0.03
9.821600e-04,0.01
9.821700e-04,0.01
9.821800e-04,0.01
9.821900e-04,0.03
9.822000e-04,0.03
9.822100e-04,0.03
9.822200e-04,0.01
9.822300e-04,0.03
9.822400e-04,0.01
9.822500e-04,0.01
9.822600e-04,0.01
9.822700e-04,0.01
9.822800e-04,0.01
9.822900e-04,0.01
9.823000e-04,0.03
9.823100e-04,0.01
9.823200e-04,0.01
9.823300e-04,0.01
9.823400e-04,0.01
9.823500e-04,0.03
9.823600e-04,0.01
9.823700e-04,0.03
9.823800e-04,0.03
9.823900e-04,0.03
9.824000e-04,0.01
9.824100e-04,0.01
9.824200e-04,0.01
9.824300e-04,0.01
9.824400e-04,0.01
9.824500e-04,0.01
9.824600e-04,0.03
9.824700e-04,0.01
9.824800e-04,-0.01
9.824900e-04,0.01
9.825000e-04,0.01
9.825100e-04,0.03
9.825200e-04,0.01
9.825300e-04,0.03
9.825400e-04,-0.01
9.825500e-04,0.01
9.825600e-04,0.01
9.825700e-04,0.03
9.825800e-04,0.01
9.825900e-04,0.01
9.826000e-04,0.01
9.826100e-04,0.01
9.826200e-04,0.01
9.826300e-04,-0.01
9.826400e-04,0.03
9.826500e-04,-0.01
9.826600e-04,0.01
9.826700e-04,0.01
9.826800e-04,0.01
9.826900e-04,0.03
9.827000e-04,0.01
9.827100e-04,-0.01
9.827200e-04,0.01
9.827300e-04,0.01
9.827400e-04,0.03
9.827500e-04,0.01
9.827600e-04,0.01
9.827700e-04,0.01
9.827800e-04,0.01
9.827900e-04,0.01
9.828000e-04,0.01
9.828100e-04,0.01
9.828200e-04,0.03
9.828300e-04,0.03
9.828400e-04,0.03
9.828500e-04,0.01
9.828600e-04,0.01
9.828700e-04,0.01
9.828800e-04,0.03
9.828900e-04,0.01
9.829000e-04,0.01
9.829100e-04,0.01
9.829200e-04,0.01
9.829300e-04,0.01
9.829400e-04,0.03
9.829500e-04,0.01
9.829600e-04,0.03
9.829700e-04,0.03
9.829800e-04,0.03
9.829900e-04,0.03
9.830000e-04,0.03
9.830100e-04,0.01
9.830200e-04,0.03
9.830300e-04,0.01
9.830400e-04,0.03
9.830500e-04,0.01
9.830600e-04,0.01
9.830700e-04,0.03
9.830800e-04,0.01
9.830900e-04,0.03
9.831000e-04,0.03
9.831100e-04,0.01
9.831200e-04,0.01
9.831300e-04,0.01
9.831400e-04,-0.01
9.831500e-04,0.03
9.831600e-04,0.01
9.831700e-04,0.01
9.831800e-04,0.01
9.831900e-04,0.01
9.832000e-04,0.03
9.832100e-04,0.01
9.832200e-04,0.05
9.832300e-04,0.03
9.832400e-04,0.05
9.832500e-04,0.01
9.832600e-04,0.01
9.832700e-04,0.01
9.832800e-04,0.03
9.832900e-04,0.01
9.833000e-04,0.01
9.833100e-04,0.01
9.833200e-04,0.03
9.833300e-04,0.01
9.833400e-04,-0.01
9.833500e-04,0.01
9.833600e-04,0.01
9.833700e-04,0.05
9.833800e-04,0.03
9.833900e-04,0.03
9.834000e-04,0.01
9.834100e-04,0.03
9.834200e-04,0.03
9.834300e-04,0.03
9.834400e-04,0.03
9.834500e-04,0.01
9.834600e-04,0.03
9.834700e-04,0.03
9.834800e-04,0.01
9.834900e-04,0.01
9.835000e-04,0.01
9.835100e-04,0.03
9.835200e-04,0.01
9.835300e-04,0.01
9.835400e-04,0.01
9.835500e-04,0.01
9.835600e-04,0.05
9.835700e-04,-0.01
9.835800e-04,0.03
9.835900e-04,0.01
9.836000e-04,0.05
9.836100e-04,-0.01
9.836200e-04,0.03
9.836300e-04,-0.03
9.836400e-04,0.03
9.836500e-04,0.01
9.836600e-04,0.01
9.836700e-04,-0.01
9.836800e-04,0.01
9.836900e-04,0.03
9.837000e-04,0.01
9.837100e-04,0.01
9.837200e-04,0.01
9.837300e-04,0.01
9.837400e-04,0.01
9.837500e-04,0.03
9.837600e-04,0.03
9.837700e-04,-0.01
9.837800e-04,0.01
9.837900e-04,0.03
9.838000e-04,0.01
9.838100e-04,-0.01
9.838200e-04,-0.01
9.838300e-04,0.03
9.838400e-04,0.01
9.838500e-04,-0.01
9.838600e-04,0.03
9.838700e-04,0.01
9.838800e-04,0.01
9.838900e-04,0.01
9.839000e-04,0.01
9.839100e-04,0.01
9.839200e-04,0.01
9.839300e-04,0.01
9.839400e-04,0.03
9.839500e-04,-0.01
9.839600e-04,0.01
9.839700e-04,0.03
9.839800e-04,-0.01
9.839900e-04,0.03
9.840000e-04,0.01
9.840100e-04,0.01
9.840200e-04,-0.01
9.840300e-04,0.03
9.840400e-04,0.03
9.840500e-04,0.01
9.840600e-04,-0.01
9.840700e-04,-0.01
9.840800e-04,0.03
9.840900e-04,0.01
9.841000e-04,0.01
9.841100e-04,0.01
9.841200e-04,0.01
9.841300e-04,0.01
9.841400e-04,-0.01
9.841500e-04,0.03
9.841600e-04,0.01
9.841700e-04,0.01
9.841800e-04,-0.01
9.841900e-04,0.03
9.842000e-04,-0.01
9.842100e-04,-0.01
9.842200e-04,0.01
9.842300e-04,0.01
9.842400e-04,0.03
9.842500e-04,0.01
9.842600e-04,0.01
9.842700e-04,0.01
9.842800e-04,0.03
9.842900e-04,0.01
9.843000e-04,0.03
9.843100e-04,0.01
9.843200e-04,0.01
9.843300e-04,0.01
9.843400e-04,0.03
9.843500e-04,0.01
9.843600e-04,0.01
9.843700e-04,-0.01
9.843800e-04,0.01
9.843900e-04,0.01
9.844000e-04,0.03
9.844100e-04,0.01
9.844200e-04,0.03
9.844300e-04,0.01
9.844400e-04,0.03
9.844500e-04,0.03
9.844600e-04,0.01
9.844700e-04,0.01
9.844800e-04,0.01
9.844900e-04,0.01
9.845000e-04,0.01
9.845100e-04,0.03
9.845200e-04,0.01
9.845300e-04,0.03
9.845400e-04,0.03
9.845500e-04,0.01
9.845600e-04,0.01
9.845700e-04,0.03
9.845800e-04,0.03
9.845900e-04,-0.03
9.846000e-04,-0.01
9.846100e-04,0.03
9.846200e-04,0.01
9.846300e-04,0.01
9.846400e-04,0.01
9.846500e-04,0.01
9.846600e-04,0.01
9.846700e-04,0.01
9.846800e-04,0.01
9.846900e-04,0.03
9.847000e-04,0.01
9.847100e-04,0.03
9.847200e-04,0.01
9.847300e-04,0.01
9.847400e-04,0.01
9.847500e-04,0.01
9.847600e-04,0.03
9.847700e-04,0.01
9.847800e-04,0.01
9.847900e-04,-0.01
9.848000e-04,0.03
9.848100e-04,0.03
9.848200e-04,0.01
9.848300e-04,0.01
9.848400e-04,0.03
9.848500e-04,0.01
9.848600e-04,0.01
9.848700e-04,0.01
9.848800e-04,0.01
9.848900e-04,0.03
9.849000e-04,0.01
9.849100e-04,0.03
9.849200e-04,0.01
9.849300e-04,0.01
9.849400e-04,0.01
9.849500e-04,0.01
9.849600e-04,0.01
9.849700e-04,0.01
9.849800e-04,0.01
9.849900e-04,0.01
9.850000e-04,0.01
9.850100e-04,0.01
9.850200e-04,0.03
9.850300e-04,-0.01
9.850400e-04,0.03
9.850500e-04,0.01
9.850600e-04,0.03
9.850700e-04,0.03
9.850800e-04,0.01
9.850900e-04,0.05
9.851000e-04,-0.03
9.851100e-04,0.01
9.851200e-04,0.03
9.851300e-04,-0.01
9.851400e-04,0.03
9.851500e-04,0.01
9.851600e-04,0.01
9.851700e-04,0.03
9.851800e-04,0.01
9.851900e-04,0.01
9.852000e-04,0.03
9.852100e-04,0.01
9.852200e-04,0.03
9.852300e-04,0.03
9.852400e-04,0.01
9.852500e-04,0.03
9.852600e-04,0.01
9.852700e-04,0.01
9.852800e-04,0.01
9.852900e-04,0.01
9.853000e-04,0.01
9.853100e-04,0.01
9.853200e-04,0.01
9.853300e-04,0.01
9.853400e-04,0.01
9.853500e-04,0.01
9.853600e-04,0.03
9.853700e-04,0.01
9.853800e-04,0.03
9.853900e-04,0.03
9.854000e-04,0.03
9.854100e-04,0.03
9.854200e-04,0.03
9.854300e-04,0.05
9.854400e-04,0.01
9.854500e-04,0.01
9.854600e-04,0.03
9.854700e-04,0.01
9.854800e-04,0.01
9.854900e-04,0.01
9.855000e-04,0.03
9.855100e-04,0.01
9.855200e-04,0.01
9.855300e-04,0.01
9.855400e-04,0.03
9.855500e-04,0.03
9.855600e-04,0.03
9.855700e-04,0.01
9.855800e-04,0.05
9.855900e-04,0.03
9.856000e-04,0.03
9.856100e-04,-0.01
9.856200e-04,0.01
9.856300e-04,0.01
9.856400e-04,0.03
9.856500e-04,0.03
9.856600e-04,0.05
9.856700e-04,0.01
9.856800e-04,-0.01
9.856900e-04,0.01
9.857000e-04,0.03
9.857100e-04,0.03
9.857200e-04,0.03
9.857300e-04,0.01
9.857400e-04,-0.01
9.857500e-04,0.01
9.857600e-04,-0.01
9.857700e-04,0.03
9.857800e-04,0.01
9.857900e-04,0.01
9.858000e-04,0.01
9.858100e-04,0.03
9.858200e-04,0.01
9.858300e-04,0.01
9.858400e-04,0.01
9.858500e-04,0.01
9.858600e-04,0.05
9.858700e-04,-0.01
9.858800e-04,0.01
9.858900e-04,0.03
9.859000e-04,0.01
9.859100e-04,-0.01
9.859200e-04,0.03
9.859300e-04,0.01
9.859400e-04,-0.01
9.859500e-04,0.03
9.859600e-04,0.01
9.859700e-04,0.01
9.859800e-04,0.01
9.859900e-04,0.01
9.860000e-04,0.01
9.860100e-04,0.01
9.860200e-04,0.01
9.860300e-04,0.01
9.860400e-04,0.01
9.860500e-04,0.01
9.860600e-04,0.03
9.860700e-04,0.01
9.860800e-04,0.01
9.860900e-04,0.03
9.861000e-04,0.01
9.861100e-04,0.05
9.861200e-04,0.05
9.861300e-04,0.01
9.861400e-04,0.01
9.861500e-04,0.03
9.861600e-04,-0.01
9.861700e-04,0.03
9.861800e-04,0.01
9.861900e-04,0.03
9.862000e-04,0.01
9.862100e-04,0.01
9.862200e-04,0.03
9.862300e-04,0.03
9.862400e-04,0.01
9.862500e-04,-0.01
9.862600e-04,0.03
9.862700e-04,0.03
9.862800e-04,0.03
9.862900e-04,0.01
9.863000e-04,0.01
9.863100e-04,0.01
9.863200e-04,0.03
9.863300e-04,0.03
9.863400e-04,0.01
9.863500e-04,0.01
9.863600e-04,0.03
9.863700e-04,0.01
9.863800e-04,0.03
9.863900e-04,0.03
9.864000e-04,0.01
9.864100e-04,0.01
9.864200e-04,0.01
9.864300e-04,0.01
9.864400e-04,0.01
9.864500e-04,0.01
9.864600e-04,-0.03
9.864700e-04,0.01
9.864800e-04,0.03
9.864900e-04,0.01
9.865000e-04,0.03
9.865100e-04,0.03
9.865200e-04,0.03
9.865300e-04,0.03
9.865400e-04,0.03
9.865500e-04,0.03
9.865600e-04,0.01
9.865700e-04,0.01
9.865800e-04,0.01
9.865900e-04,0.03
9.866000e-04,0.01
9.866100e-04,0.01
9.866200e-04,0.01
9.866300e-04,-0.01
9.866400e-04,0.03
9.866500e-04,0.01
9.866600e-04,0.01
9.866700e-04,0.03
9.866800e-04,0.01
9.866900e-04,0.03
9.867000e-04,0.01
9.867100e-04,0.03
9.867200e-04,0.01
9.867300e-04,0.01
9.867400e-04,0.07
9.867500e-04,0.01
9.867600e-04,0.01
9.867700e-04,0.03
9.867800e-04,0.03
9.867900e-04,0.01
9.868000e-04,0.01
9.868100e-04,-0.01
9.868200e-04,0.01
9.868300e-04,0.01
9.868400e-04,0.01
9.868500e-04,-0.01
9.868600e-04,0.01
9.868700e-04,0.01
9.868800e-04,0.03
9.868900e-04,-0.01
9.869000e-04,0.01
9.869100e-04,0.03
9.869200e-04,0.01
9.869300e-04,0.01
9.869400e-04,0.01
9.869500e-04,0.01
9.869600e-04,0.01
9.869700e-04,0.03
9.869800e-04,0.03
9.869900e-04,0.03
9.870000e-04,0.01
9.870100e-04,0.01
9.870200e-04,0.03
9.870300e-04,-0.01
9.870400e-04,0.01
9.870500e-04,0.01
9.870600e-04,0.03
9.870700e-04,0.03
9.870800e-04,0.03
9.870900e-04,0.01
9.871000e-04,0.01
9.871100e-04,0.01
9.871200e-04,0.03
9.871300e-04,-0.01
9.871400e-04,0.01
9.871500e-04,0.01
9.871600e-04,0.01
9.871700e-04,-0.01
9.871800e-04,0.01
9.871900e-04,-0.01
9.872000e-04,0.03
9.872100e-04,0.03
9.872200e-04,0.01
9.872300e-04,0.03
9.872400e-04,0.03
9.872500e-04,0.01
9.872600e-04,0.01
9.872700e-04,0.01
9.872800e-04,0.01
9.872900e-04,0.01
9.873000e-04,0.03
9.873100e-04,0.01
9.873200e-04,0.01
9.873300e-04,0.01
9.873400e-04,0.03
9.873500e-04,-0.03
9.873600e-04,0.01
9.873700e-04,0.03
9.873800e-04,0.01
9.873900e-04,0.03
9.874000e-04,-0.03
9.874100e-04,-0.01
9.874200e-04,0.03
9.874300e-04,0.01
9.874400e-04,0.01
9.874500e-04,0.01
9.874600e-04,0.01
9.874700e-04,0.01
9.874800e-04,0.01
9.874900e-04,0.01
9.875000e-04,-0.01
9.875100e-04,0.03
9.875200e-04,0.01
9.875300e-04,0.01
9.875400e-04,0.01
9.875500e-04,-0.01
9.875600e-04,-0.01
9.875700e-04,0.03
9.875800e-04,0.01
9.875900e-04,-0.01
9.876000e-04,0.03
9.876100e-04,0.01
9.876200e-04,0.01
9.876300e-04,0.01
9.876400e-04,0.01
9.876500e-04,0.03
9.876600e-04,0.01
9.876700e-04,0.01
9.876800e-04,0.03
9.876900e-04,0.01
9.877000e-04,0.03
9.877100e-04,0.01
9.877200e-04,0.03
9.877300e-04,0.03
9.877400e-04,0.03
9.877500e-04,-0.01
9.877600e-04,0.01
9.877700e-04,0.01
9.877800e-04,0.03
9.877900e-04,-0.01
9.878000e-04,0.01
9.878100e-04,0.03
9.878200e-04,0.01
9.878300e-04,-0.01
9.878400e-04,0.01
9.878500e-04,0.01
9.878600e-04,0.01
9.878700e-04,0.03
9.878800e-04,0.01
9.878900e-04,0.01
9.879000e-04,0.03
9.879100e-04,0.01
9.879200e-04,0.01
9.879300e-04,0.03
9.879400e-04,0.01
9.879500e-04,0.01
9.879600e-04,0.03
9.879700e-04,0.03
9.879800e-04,0.03
9.879900e-04,0.03
9.880000e-04,0.03
9.880100e-04,0.01
9.880200e-04,0.03
9.880300e-04,0.05
9.880400e-04,0.01
9.880500e-04,0.03
9.880600e-04,0.01
9.880700e-04,0.01
9.880800e-04,0.01
9.880900e-04,-0.03
9.881000e-04,0.01
9.881100e-04,0.01
9.881200e-04,0.03
9.881300e-04,-0.01
9.881400e-04,0.03
9.881500e-04,-0.01
9.881600e-04,0.01
9.881700e-04,0.03
9.881800e-04,0.01
9.881900e-04,0.01
9.882000e-04,0.01
9.882100e-04,0.03
9.882200e-04,0.01
9.882300e-04,-0.01
9.882400e-04,0.01
9.882500e-04,0.03
9.882600e-04,-0.01
9.882700e-04,0.05
9.882800e-04,0.03
9.882900e-04,0.01
9.883000e-04,0.03
9.883100e-04,0.01
9.883200e-04,0.01
9.883300e-04,0.03
9.883400e-04,0.01
9.883500e-04,0.01
9.883600e-04,0.01
9.883700e-04,0.03
9.883800e-04,0.03
9.883900e-04,0.01
9.884000e-04,0.03
9.884100e-04,0.03
9.884200e-04,0.03
9.884300e-04,-0.01
9.884400e-04,0.01
9.884500e-04,0.01
9.884600e-04,0.01
9.884700e-04,0.01
9.884800e-04,0.03
9.884900e-04,0.01
9.885000e-04,0.03
9.885100e-04,0.03
9.885200e-04,0.01
9.885300e-04,-0.01
9.885400e-04,0.01
9.885500e-04,0.01
9.885600e-04,0.01
9.885700e-04,0.01
9.885800e-04,0.01
9.885900e-04,0.03
9.886000e-04,0.05
9.886100e-04,0.03
9.886200e-04,0.01
9.886300e-04,0.01
9.886400e-04,0.01
9.886500e-04,0.01
9.886600e-04,0.01
9.886700e-04,0.01
9.886800e-04,0.03
9.886900e-04,0.01
9.887000e-04,-0.03
9.887100e-04,0.03
9.887200e-04,0.01
9.887300e-04,0.03
9.887400e-04,0.01
9.887500e-04,0.01
9.887600e-04,0.01
9.887700e-04,0.03
9.887800e-04,0.01
9.887900e-04,0.03
9.888000e-04,0.01
9.888100e-04,0.01
9.888200e-04,0.01
9.888300e-04,0.03
9.888400e-04,0.03
9.888500e-04,0.01
9.888600e-04,0.03
9.888700e-04,-0.01
9.888800e-04,0.03
9.888900e-04,0.01
9.889000e-04,0.01
9.889100e-04,0.01
9.889200e-04,0.03
9.889300e-04,0.03
9.889400e-04,0.01
9.889500e-04,0.01
9.889600e-04,0.03
9.889700e-04,0.01
9.889800e-04,0.01
9.889900e-04,0.03
9.890000e-04,0.01
9.890100e-04,0.01
9.890200e-04,0.05
9.890300e-04,0.01
9.890400e-04,0.01
9.890500e-04,0.01
9.890600e-04,0.01
9.890700e-04,0.01
9.890800e-04,0.01
9.890900e-04,0.01
9.891000e-04,0.03
9.891100e-04,0.01
9.891200e-04,-0.01
9.891300e-04,0.01
9.891400e-04,0.03
9.891500e-04,0.01
9.891600e-04,0.01
9.891700e-04,0.01
9.891800e-04,0.01
9.891900e-04,0.01
9.892000e-04,0.05
9.892100e-04,0.01
9.892200e-04,0.01
9.892300e-04,0.01
9.892400e-04,0.01
9.892500e-04,0.01
9.892600e-04,0.01
9.892700e-04,-0.01
9.892800e-04,0.01
9.892900e-04,0.01
9.893000e-04,-0.01
9.893100e-04,0.01
9.893200e-04,0.03
9.893300e-04,0.01
9.893400e-04,-0.01
9.893500e-04,0.01
9.893600e-04,0.05
9.893700e-04,0.01
9.893800e-04,0.05
9.893900e-04,0.03
9.894000e-04,0.01
9.894100e-04,0.01
9.894200e-04,0.01
9.894300e-04,0.01
9.894400e-04,0.03
9.894500e-04,0.01
9.894600e-04,0.01
9.894700e-04,0.01
9.894800e-04,0.03
9.894900e-04,0.01
9.895000e-04,0.01
9.895100e-04,0.01
9.895200e-04,0.03
9.895300e-04,0.03
9.895400e-04,0.03
9.895500e-04,0.03
9.895600e-04,0.03
9.895700e-04,-0.01
9.895800e-04,0.03
9.895900e-04,-0.01
9.896000e-04,0.03
9.896100e-04,0.01
9.896200e-04,0.03
9.896300e-04,0.03
9.896400e-04,0.01
9.896500e-04,0.01
9.896600e-04,0.01
9.896700e-04,0.01
9.896800e-04,0.01
9.896900e-04,0.01
9.897000e-04,0.01
9.897100e-04,0.01
9.897200e-04,0.01
9.897300e-04,0.01
9.897400e-04,0.01
9.897500e-04,0.01
9.897600e-04,0.01
9.897700e-04,0.03
9.897800e-04,0.01
9.897900e-04,0.03
9.898000e-04,0.03
9.898100e-04,0.03
9.898200e-04,0.05
9.898300e-04,0.03
9.898400e-04,-0.01
9.898500e-04,0.01
9.898600e-04,0.03
9.898700e-04,0.01
9.898800e-04,0.05
9.898900e-04,0.01
9.899000e-04,0.01
9.899100e-04,0.01
9.899200e-04,0.05
9.899300e-04,0.01
9.899400e-04,0.01
9.899500e-04,0.01
9.899600e-04,-0.01
9.899700e-04,0.03
9.899800e-04,0.03
9.899900e-04,0.01
9.900000e-04,-0.01
9.900100e-04,-0.01
9.900200e-04,0.03
9.900300e-04,0.01
9.900400e-04,0.01
9.900500e-04,0.01
9.900600e-04,0.03
9.900700e-04,0.01
9.900800e-04,0.01
9.900900e-04,0.01
9.901000e-04,0.01
9.901100e-04,0.01
9.901200e-04,0.01
9.901300e-04,0.03
9.901400e-04,0.03
9.901500e-04,0.01
9.901600e-04,0.03
9.901700e-04,0.01
9.901800e-04,0.01
9.901900e-04,0.01
9.902000e-04,-0.01
9.902100e-04,0.01
9.902200e-04,0.03
9.902300e-04,0.03
9.902400e-04,0.03
9.902500e-04,0.01
9.902600e-04,0.03
9.902700e-04,0.01
9.902800e-04,-0.01
9.902900e-04,0.05
9.903000e-04,0.03
9.903100e-04,0.03
9.903200e-04,0.01
9.903300e-04,0.01
9.903400e-04,0.03
9.903500e-04,0.03
9.903600e-04,0.03
9.903700e-04,0.01
9.903800e-04,0.01
9.903900e-04,0.03
9.904000e-04,0.01
9.904100e-04,0.03
9.904200e-04,0.03
9.904300e-04,0.01
9.904400e-04,0.01
9.904500e-04,0.03
9.904600e-04,0.01
9.904700e-04,0.01
9.904800e-04,0.01
9.904900e-04,0.01
9.905000e-04,0.03
9.905100e-04,0.03
9.905200e-04,0.01
9.905300e-04,-0.01
9.905400e-04,0.01
9.905500e-04,0.03
9.905600e-04,0.01
9.905700e-04,0.03
9.905800e-04,-0.01
9.905900e-04,0.03
9.906000e-04,0.05
9.906100e-04,-0.01
9.906200e-04,0.03
9.906300e-04,0.01
9.906400e-04,0.01
9.906500e-04,-0.01
9.906600e-04,0.01
9.906700e-04,0.01
9.906800e-04,0.01
9.906900e-04,0.03
9.907000e-04,-0.01
9.907100e-04,0.03
9.907200e-04,0.03
9.907300e-04,0.01
9.907400e-04,0.01
9.907500e-04,0.03
9.907600e-04,0.01
9.907700e-04,0.01
9.907800e-04,0.01
9.907900e-04,0.01
9.908000e-04,0.03
9.908100e-04,0.03
9.908200e-04,0.01
9.908300e-04,0.03
9.908400e-04,0.01
9.908500e-04,0.01
9.908600e-04,0.03
9.908700e-04,0.01
9.908800e-04,0.01
9.908900e-04,-0.01
9.909000e-04,0.01
9.909100e-04,0.03
9.909200e-04,-0.01
9.909300e-04,0.01
9.909400e-04,0.01
9.909500e-04,-0.01
9.909600e-04,0.03
9.909700e-04,0.05
9.909800e-04,0.05
9.909900e-04,0.01
9.910000e-04,0.01
9.910100e-04,0.01
9.910200e-04,0.01
9.910300e-04,0.01
9.910400e-04,0.03
9.910500e-04,0.01
9.910600e-04,0.01
9.910700e-04,0.01
9.910800e-04,0.05
9.910900e-04,0.01
9.911000e-04,0.01
9.911100e-04,0.03
9.911200e-04,0.01
9.911300e-04,0.01
9.911400e-04,0.03
9.911500e-04,0.01
9.911600e-04,0.03
9.911700e-04,0.01
9.911800e-04,0.01
9.911900e-04,0.01
9.912000e-04,0.03
9.912100e-04,0.01
9.912200e-04,0.01
9.912300e-04,0.01
9.912400e-04,0.01
9.912500e-04,0.01
9.912600e-04,0.03
9.912700e-04,-0.01
9.912800e-04,0.03
9.912900e-04,0.01
9.913000e-04,0.03
9.913100e-04,0.03
9.913200e-04,-0.01
9.913300e-04,0.01
9.913400e-04,0.03
9.913500e-04,0.01
9.913600e-04,0.03
9.913700e-04,0.01
9.913800e-04,0.05
9.913900e-04,0.01
9.914000e-04,-0.01
9.914100e-04,0.01
9.914200e-04,0.01
9.914300e-04,0.01
9.914400e-04,0.01
9.914500e-04,0.03
9.914600e-04,0.01
9.914700e-04,0.01
9.914800e-04,0.01
9.914900e-04,0.01
9.915000e-04,0.01
9.915100e-04,-0.01
9.915200e-04,-0.01
9.915300e-04,0.03
9.915400e-04,0.03
9.915500e-04,0.03
9.915600e-04,0.01
9.915700e-04,0.01
9.915800e-04,0.03
9.915900e-04,0.03
9.916000e-04,0.03
9.916100e-04,0.01
9.916200e-04,0.03
9.916300e-04,0.01
9.916400e-04,0.01
9.916500e-04,0.03
9.916600e-04,0.01
9.916700e-04,0.01
9.916800e-04,0.01
9.916900e-04,0.01
9.917000e-04,0.01
9.917100e-04,0.01
9.917200e-04,0.01
9.917300e-04,0.01
9.917400e-04,0.01
9.917500e-04,0.01
9.917600e-04,0.01
9.917700e-04,0.01
9.917800e-04,0.03
9.917900e-04,0.01
9.918000e-04,0.01
9.918100e-04,0.03
9.918200e-04,0.01
9.918300e-04,0.03
9.918400e-04,0.01
9.918500e-04,0.01
9.918600e-04,0.01
9.918700e-04,0.03
9.918800e-04,0.03
9.918900e-04,0.03
9.919000e-04,0.01
9.919100e-04,0.01
9.919200e-04,0.01
9.919300e-04,0.01
9.919400e-04,-0.01
9.919500e-04,0.03
9.919600e-04,0.03
9.919700e-04,0.01
9.919800e-04,0.03
9.919900e-04,0.03
9.920000e-04,0.01
9.920100e-04,0.03
9.920200e-04,0.01
9.920300e-04,0.01
9.920400e-04,-0.01
9.920500e-04,0.01
9.920600e-04,0.03
9.920700e-04,0.01
9.920800e-04,0.01
9.920900e-04,0.03
9.921000e-04,-0.01
9.921100e-04,0.01
9.921200e-04,0.01
9.921300e-04,0.01
9.921400e-04,0.01
9.921500e-04,0.03
9.921600e-04,0.03
9.921700e-04,0.01
9.921800e-04,0.01
9.921900e-04,0.01
9.922000e-04,0.03
9.922100e-04,0.03
9.922200e-04,0.01
9.922300e-04,0.03
9.922400e-04,0.01
9.922500e-04,0.03
9.922600e-04,0.01
9.922700e-04,0.01
9.922800e-04,0.03
9.922900e-04,0.01
9.923000e-04,0.03
9.923100e-04,0.01
9.923200e-04,0.01
9.923300e-04,0.01
9.923400e-04,0.01
9.923500e-04,0.03
9.923600e-04,0.01
9.923700e-04,0.01
9.923800e-04,0.03
9.923900e-04,0.03
9.924000e-04,0.01
9.924100e-04,0.01
9.924200e-04,0.01
9.924300e-04,0.01
9.924400e-04,0.03
9.924500e-04,0.01
9.924600e-04,0.01
9.924700e-04,-0.01
9.924800e-04,0.01
9.924900e-04,-0.01
9.925000e-04,-0.01
9.925100e-04,-0.01
9.925200e-04,0.03
9.925300e-04,0.03
9.925400e-04,0.01
9.925500e-04,0.03
9.925600e-04,0.03
9.925700e-04,0.03
9.925800e-04,0.01
9.925900e-04,0.03
9.926000e-04,0.01
9.926100e-04,0.03
9.926200e-04,0.01
9.926300e-04,0.03
9.926400e-04,0.03
9.926500e-04,0.01
9.926600e-04,0.01
9.926700e-04,0.01
9.926800e-04,0.01
9.926900e-04,0.01
9.927000e-04,0.01
9.927100e-04,-0.01
9.927200e-04,-0.01
9.927300e-04,0.03
9.927400e-04,0.03
9.927500e-04,0.03
9.927600e-04,0.03
9.927700e-04,-0.03
9.927800e-04,0.01
9.927900e-04,0.01
9.928000e-04,0.01
9.928100e-04,0.01
9.928200e-04,0.01
9.928300e-04,0.01
9.928400e-04,0.03
9.928500e-04,0.03
9.928600e-04,0.01
9.928700e-04,0.01
9.928800e-04,0.01
9.928900e-04,0.03
9.929000e-04,0.01
9.929100e-04,0.01
9.929200e-04,0.01
9.929300e-04,-0.01
9.929400e-04,0.03
9.929500e-04,0.05
9.929600e-04,0.01
9.929700e-04,-0.01
9.929800e-04,0.03
9.929900e-04,0.01
9.930000e-04,0.01
9.930100e-04,0.01
9.930200e-04,0.03
9.930300e-04,-0.01
9.930400e-04,0.05
9.930500e-04,0.03
9.930600e-04,0.01
9.930700e-04,0.01
9.930800e-04,0.01
9.930900e-04,0.01
9.931000e-04,0.01
9.931100e-04,0.01
9.931200e-04,0.03
9.931300e-04,0.01
9.931400e-04,0.01
9.931500e-04,0.01
9.931600e-04,0.01
9.931700e-04,0.01
9.931800e-04,0.01
9.931900e-04,0.01
9.932000e-04,0.01
9.932100e-04,0.01
9.932200e-04,0.01
9.932300e-04,0.01
9.932400e-04,0.03
9.932500e-04,0.03
9.932600e-04,0.01
9.932700e-04,-0.01
9.932800e-04,0.01
9.932900e-04,-0.01
9.933000e-04,0.01
9.933100e-04,0.01
9.933200e-04,0.01
9.933300e-04,0.01
9.933400e-04,0.01
9.933500e-04,0.01
9.933600e-04,0.03
9.933700e-04,-0.01
9.933800e-04,0.01
9.933900e-04,0.01
9.934000e-04,0.01
9.934100e-04,0.01
9.934200e-04,-0.01
9.934300e-04,0.01
9.934400e-04,0.01
9.934500e-04,0.03
9.934600e-04,0.01
9.934700e-04,0.03
9.934800e-04,0.03
9.934900e-04,0.01
9.935000e-04,0.01
9.935100e-04,0.01
9.935200e-04,0.01
9.935300e-04,0.03
9.935400e-04,0.03
9.935500e-04,0.03
9.935600e-04,0.01
9.935700e-04,0.03
9.935800e-04,0.03
9.935900e-04,0.01
9.936000e-04,0.03
9.936100e-04,0.01
9.936200e-04,0.01
9.936300e-04,-0.01
9.936400e-04,0.03
9.936500e-04,0.03
9.936600e-04,0.01
9.936700e-04,0.01
9.936800e-04,0.01
9.936900e-04,0.01
9.937000e-04,0.03
9.937100e-04,0.03
9.937200e-04,-0.01
9.937300e-04,0.01
9.937400e-04,0.03
9.937500e-04,0.01
9.937600e-04,0.03
9.937700e-04,0.01
9.937800e-04,-0.01
9.937900e-04,0.05
9.938000e-04,0.01
9.938100e-04,0.03
9.938200e-04,0.03
9.938300e-04,0.01
9.938400e-04,0.03
9.938500e-04,0.03
9.938600e-04,0.03
9.938700e-04,0.03
9.938800e-04,0.03
9.938900e-04,0.01
9.939000e-04,-0.01
9.939100e-04,0.03
9.939200e-04,-0.03
9.939300e-04,0.01
9.939400e-04,0.01
9.939500e-04,0.01
9.939600e-04,-0.01
9.939700e-04,0.01
9.939800e-04,0.01
9.939900e-04,0.01
9.940000e-04,-0.01
9.940100e-04,0.01
9.940200e-04,-0.01
9.940300e-04,0.03
9.940400e-04,0.03
9.940500e-04,0.03
9.940600e-04,0.01
9.940700e-04,0.01
9.940800e-04,-0.01
9.940900e-04,0.03
9.941000e-04,0.01
9.941100e-04,0.03
9.941200e-04,0.01
9.941300e-04,-0.01
9.941400e-04,0.01
9.941500e-04,0.03
9.941600e-04,0.01
9.941700e-04,0.01
9.941800e-04,-0.01
9.941900e-04,0.01
9.942000e-04,0.03
9.942100e-04,0.01
9.942200e-04,0.03
9.942300e-04,0.01
9.942400e-04,0.01
9.942500e-04,0.01
9.942600e-04,0.01
9.942700e-04,0.01
9.942800e-04,0.01
9.942900e-04,0.01
9.943000e-04,0.01
9.943100e-04,0.01
9.943200e-04,0.01
9.943300e-04,0.01
9.943400e-04,0.01
9.943500e-04,0.01
9.943600e-04,-0.01
9.943700e-04,0.01
9.943800e-04,0.01
9.943900e-04,0.03
9.944000e-04,0.01
9.944100e-04,0.01
9.944200e-04,0.01
9.944300e-04,0.01
9.944400e-04,0.01
9.944500e-04,0.01
9.944600e-04,0.01
9.944700e-04,0.01
9.944800e-04,0.01
9.944900e-04,0.01
9.945000e-04,0.01
9.945100e-04,0.01
9.945200e-04,0.03
9.945300e-04,0.01
9.945400e-04,0.03
9.945500e-04,0.01
9.945600e-04,0.01
9.945700e-04,0.01
9.945800e-04,0.01
9.945900e-04,-0.01
9.946000e-04,0.01
9.946100e-04,-0.01
9.946200e-04,0.01
9.946300e-04,0.01
9.946400e-04,-0.01
9.946500e-04,0.01
9.946600e-04,0.01
9.946700e-04,0.03
9.946800e-04,0.03
9.946900e-04,0.01
9.947000e-04,0.03
9.947100e-04,0.01
9.947200e-04,0.03
9.947300e-04,0.01
9.947400e-04,0.03
9.947500e-04,0.01
9.947600e-04,0.03
9.947700e-04,0.01
9.947800e-04,0.03
9.947900e-04,0.01
9.948000e-04,0.03
9.948100e-04,0.03
9.948200e-04,0.01
9.948300e-04,0.03
9.948400e-04,-0.03
9.948500e-04,0.03
9.948600e-04,-0.01
9.948700e-04,0.01
9.948800e-04,0.03
9.948900e-04,0.01
9.949000e-04,0.01
9.949100e-04,0.01
9.949200e-04,0.01
9.949300e-04,0.03
9.949400e-04,0.03
9.949500e-04,0.03
9.949600e-04,0.03
9.949700e-04,0.03
9.949800e-04,0.03
9.949900e-04,0.01
9.950000e-04,0.05
9.950100e-04,-0.01
9.950200e-04,0.01
9.950300e-04,0.03
9.950400e-04,0.01
9.950500e-04,0.03
9.950600e-04,0.21
9.950700e-04,0.35
9.950800e-04,0.29
9.950900e-04,1.59
9.951000e-04,0.21
9.951100e-04,0.11
9.951200e-04,0.09
9.951300e-04,0.07
9.951400e-04,0.09
9.951500e-04,0.07
9.951600e-04,0.07
9.951700e-04,0.07
9.951800e-04,0.05
9.951900e-04,0.07
9.952000e-04,0.05
9.952100e-04,0.05
9.952200e-04,0.03
9.952300e-04,0.03
9.952400e-04,0.03
9.952500e-04,0.03
9.952600e-04,0.07
9.952700e-04,0.05
9.952800e-04,0.03
9.952900e-04,0.07
9.953000e-04,0.03
9.953100e-04,0.05
9.953200e-04,0.03
9.953300e-04,0.05
9.953400e-04,0.03
9.953500e-04,0.03
9.953600e-04,0.01
9.953700e-04,0.03
9.953800e-04,0.07
9.953900e-04,0.05
9.954000e-04,0.03
9.954100e-04,0.03
9.954200e-04,0.03
9.954300e-04,0.03
9.954400e-04,0.07
9.954500e-04,0.03
9.954600e-04,0.03
9.954700e-04,0.03
9.954800e-04,0.03
9.954900e-04,0.03
9.955000e-04,0.03
9.955100e-04,0.01
9.955200e-04,0.05
9.955300e-04,0.03
9.955400e-04,0.05
9.955500e-04,0.03
9.955600e-04,0.01
9.955700e-04,0.01
9.955800e-04,0.03
9.955900e-04,0.03
9.956000e-04,0.03
9.956100e-04,0.05
9.956200e-04,0.05
9.956300e-04,0.03
9.956400e-04,0.01
9.956500e-04,0.03
9.956600e-04,0.03
9.956700e-04,0.03
9.956800e-04,0.01
9.956900e-04,0.03
9.957000e-04,0.01
9.957100e-04,0.03
9.957200e-04,0.03
9.957300e-04,0.01
9.957400e-04,0.03
9.957500e-04,0.03
9.957600e-04,0.01
9.957700e-04,0.01
9.957800e-04,-0.01
9.957900e-04,0.03
9.958000e-04,0.03
9.958100e-04,0.03
9.958200e-04,0.05
9.958300e-04,0.05
9.958400e-04,0.03
9.958500e-04,0.03
9.958600e-04,0.03
9.958700e-04,0.03
9.958800e-04,0.01
9.958900e-04,0.03
9.959000e-04,0.03
9.959100e-04,0.03
9.959200e-04,0.03
9.959300e-04,0.03
9.959400e-04,0.01
9.959500e-04,0.01
9.959600e-04,0.01
9.959700e-04,0.03
9.959800e-04,0.03
9.959900e-04,0.03
9.960000e-04,0.01
9.960100e-04,0.01
9.960200e-04,-0.01
9.960300e-04,0.01
9.960400e-04,0.03
9.960500e-04,0.01
9.960600e-04,0.03
9.960700e-04,0.03
9.960800e-04,0.03
9.960900e-04,0.01
9.961000e-04,0.03
9.961100e-04,0.03
9.961200e-04,0.01
9.961300e-04,0.05
9.961400e-04,0.01
9.961500e-04,0.01
9.961600e-04,0.03
9.961700e-04,0.01
9.961800e-04,0.03
9.961900e-04,0.01
9.962000e-04,0.03
9.962100e-04,0.01
9.962200e-04,0.03
9.962300e-04,0.03
9.962400e-04,0.03
9.962500e-04,0.01
9.962600e-04,0.03
9.962700e-04,0.03
9.962800e-04,0.03
9.962900e-04,0.03
9.963000e-04,0.03
9.963100e-04,0.03
9.963200e-04,0.03
9.963300e-04,0.01
9.963400e-04,0.01
9.963500e-04,0.03
9.963600e-04,0.01
9.963700e-04,0.03
9.963800e-04,0.01
9.963900e-04,0.03
9.964000e-04,0.05
9.964100e-04,0.03
9.964200e-04,0.01
9.964300e-04,0.01
9.964400e-04,0.01
9.964500e-04,0.01
9.964600e-04,0.03
9.964700e-04,0.03
9.964800e-04,0.01
9.964900e-04,0.03
9.965000e-04,0.01
9.965100e-04,0.03
9.965200e-04,0.03
9.965300e-04,0.01
9.965400e-04,0.01
9.965500e-04,0.01
9.965600e-04,0.01
9.965700e-04,0.05
9.965800e-04,0.01
9.965900e-04,0.01
9.966000e-04,0.01
9.966100e-04,0.01
9.966200e-04,0.01
9.966300e-04,0.01
9.966400e-04,-0.01
9.966500e-04,0.03
9.966600e-04,0.01
9.966700e-04,0.03
9.966800e-04,0.01
9.966900e-04,0.01
9.967000e-04,0.03
9.967100e-04,0.03
9.967200e-04,0.01
9.967300e-04,0.03
9.967400e-04,0.03
9.967500e-04,0.01
9.967600e-04,0.03
9.967700e-04,0.01
9.967800e-04,0.01
9.967900e-04,0.03
9.968000e-04,0.03
9.968100e-04,0.03
9.968200e-04,0.01
9.968300e-04,0.01
9.968400e-04,0.03
9.968500e-04,0.03
9.968600e-04,0.03
9.968700e-04,0.01
9.968800e-04,0.01
9.968900e-04,0.01
9.969000e-04,0.03
9.969100e-04,-0.01
9.969200e-04,0.01
9.969300e-04,0.01
9.969400e-04,0.03
9.969500e-04,0.03
9.969600e-04,0.01
9.969700e-04,0.03
9.969800e-04,0.03
9.969900e-04,0.01
9.970000e-04,0.03
9.970100e-04,0.03
9.970200e-04,0.01
9.970300e-04,0.07
9.970400e-04,0.01
9.970500e-04,0.01
9.970600e-04,0.03
9.970700e-04,0.03
9.970800e-04,0.03
9.970900e-04,0.01
9.971000e-04,0.01
9.971100e-04,0.01
9.971200e-04,0.03
9.971300e-04,0.03
9.971400e-04,0.01
9.971500e-04,0.03
9.971600e-04,0.01
9.971700e-04,0.01
9.971800e-04,0.03
9.971900e-04,0.03
9.972000e-04,0.03
9.972100e-04,0.01
9.972200e-04,0.03
9.972300e-04,0.03
9.972400e-04,0.01
9.972500e-04,0.03
9.972600e-04,0.03
9.972700e-04,0.05
9.972800e-04,0.01
9.972900e-04,0.01
9.973000e-04,0.05
9.973100e-04,0.01
9.973200e-04,0.01
9.973300e-04,0.01
9.973400e-04,0.03
9.973500e-04,0.01
9.973600e-04,0.01
9.973700e-04,0.03
9.973800e-04,0.01
9.973900e-04,0.03
9.974000e-04,0.03
9.974100e-04,-0.01
9.974200e-04,0.03
9.974300e-04,0.03
9.974400e-04,0.01
9.974500e-04,0.01
9.974600e-04,0.01
9.974700e-04,0.01
9.974800e-04,0.01
9.974900e-04,0.01
9.975000e-04,0.03
9.975100e-04,0.01
9.975200e-04,0.03
9.975300e-04,0.01
9.975400e-04,0.01
9.975500e-04,0.01
9.975600e-04,-0.01
9.975700e-04,-0.01
9.975800e-04,0.01
9.975900e-04,0.03
9.976000e-04,0.01
9.976100e-04,-0.01
9.976200e-04,0.03
9.976300e-04,-0.01
9.976400e-04,0.01
9.976500e-04,0.01
9.976600e-04,0.03
9.976700e-04,0.01
9.976800e-04,0.01
9.976900e-04,0.01
9.977000e-04,0.01
9.977100e-04,0.01
9.977200e-04,0.01
9.977300e-04,0.01
9.977400e-04,0.03
9.977500e-04,0.03
9.977600e-04,0.01
9.977700e-04,0.03
9.977800e-04,0.03
9.977900e-04,0.01
9.978000e-04,0.01
9.978100e-04,-0.01
9.978200e-04,0.01
9.978300e-04,0.01
9.978400e-04,0.03
9.978500e-04,0.03
9.978600e-04,0.01
9.978700e-04,0.01
9.978800e-04,0.01
9.978900e-04,0.03
9.979000e-04,0.01
9.979100e-04,0.01
9.979200e-04,0.01
9.979300e-04,-0.01
9.979400e-04,0.01
9.979500e-04,0.01
9.979600e-04,-0.01
9.979700e-04,0.01
9.979800e-04,0.01
9.979900e-04,0.03
9.980000e-04,-0.01
9.980100e-04,0.01
9.980200e-04,0.01
9.980300e-04,0.01
9.980400e-04,0.03
9.980500e-04,0.01
9.980600e-04,0.01
9.980700e-04,0.01
9.980800e-04,0.01
9.980900e-04,0.01
9.981000e-04,-0.01
9.981100e-04,0.01
9.981200e-04,0.01
9.981300e-04,0.03
9.981400e-04,0.01
9.981500e-04,0.01
9.981600e-04,0.01
9.981700e-04,-0.01
9.981800e-04,0.01
9.981900e-04,0.03
9.982000e-04,0.05
9.982100e-04,0.01
9.982200e-04,0.01
9.982300e-04,0.03
9.982400e-04,0.03
9.982500e-04,0.01
9.982600e-04,0.05
9.982700e-04,0.01
9.982800e-04,0.05
9.982900e-04,0.03
9.983000e-04,0.01
9.983100e-04,-0.01
9.983200e-04,0.03
9.983300e-04,0.03
9.983400e-04,0.03
9.983500e-04,0.01
9.983600e-04,0.01
9.983700e-04,0.03
9.983800e-04,0.03
9.983900e-04,0.03
9.984000e-04,0.01
9.984100e-04,-0.01
9.984200e-04,-0.01
9.984300e-04,0.01
9.984400e-04,0.01
9.984500e-04,0.01
9.984600e-04,0.01
9.984700e-04,0.01
9.984800e-04,0.03
9.984900e-04,0.01
9.985000e-04,0.01
9.985100e-04,0.03
9.985200e-04,0.01
9.985300e-04,0.01
9.985400e-04,0.01
9.985500e-04,-0.01
9.985600e-04,0.01
9.985700e-04,0.01
9.985800e-04,0.03
9.985900e-04,0.01
9.986000e-04,0.03
9.986100e-04,0.03
9.986200e-04,0.01
9.986300e-04,-0.01
9.986400e-04,0.03
9.986500e-04,0.01
9.986600e-04,0.01
9.986700e-04,0.01
9.986800e-04,0.01
9.986900e-04,0.01
9.987000e-04,-0.01
9.987100e-04,-0.03
9.987200e-04,0.01
9.987300e-04,0.01
9.987400e-04,0.03
9.987500e-04,0.03
9.987600e-04,0.01
9.987700e-04,0.01
9.987800e-04,0.03
9.987900e-04,0.01
9.988000e-04,0.01
9.988100e-04,0.03
9.988200e-04,0.01
9.988300e-04,0.01
9.988400e-04,0.01
9.988500e-04,-0.01
9.988600e-04,0.01
9.988700e-04,-0.01
9.988800e-04,0.01
9.988900e-04,-0.01
9.989000e-04,-0.01
9.989100e-04,0.03
9.989200e-04,0.01
9.989300e-04,0.01
9.989400e-04,0.03
9.989500e-04,0.01
9.989600e-04,0.03
9.989700e-04,0.01
9.989800e-04,0.01
9.989900e-04,0.01
9.990000e-04,0.03
9.990100e-04,0.05
9.990200e-04,0.01
9.990300e-04,0.01
9.990400e-04,0.03
9.990500e-04,0.01
9.990600e-04,0.01
9.990700e-04,0.03
9.990800e-04,0.01
9.990900e-04,0.01
9.991000e-04,0.05
9.991100e-04,-0.01
9.991200e-04,0.01
9.991300e-04,0.01
9.991400e-04,-0.01
9.991500e-04,0.03
9.991600e-04,0.03
9.991700e-04,0.01
9.991800e-04,0.03
9.991900e-04,0.01
9.992000e-04,0.01
9.992100e-04,0.03
9.992200e-04,0.01
9.992300e-04,0.05
9.992400e-04,0.01
9.992500e-04,0.01
9.992600e-04,0.01
9.992700e-04,0.03
9.992800e-04,0.03
9.992900e-04,0.01
9.993000e-04,0.03
9.993100e-04,0.03
9.993200e-04,0.01
9.993300e-04,0.01
9.993400e-04,0.01
9.993500e-04,0.01
9.993600e-04,0.01
9.993700e-04,0.03
9.993800e-04,0.03
9.993900e-04,0.01
9.994000e-04,0.01
9.994100e-04,0.01
9.994200e-04,0.03
9.994300e-04,0.03
9.994400e-04,-0.01
9.994500e-04,0.03
9.994600e-04,0.03
9.994700e-04,0.01
9.994800e-04,0.01
9.994900e-04,0.01
9.995000e-04,0.01
9.995100e-04,0.01
9.995200e-04,-0.01
9.995300e-04,0.03
9.995400e-04,0.03
9.995500e-04,-0.01
9.995600e-04,0.01
9.995700e-04,0.03
9.995800e-04,0.03
9.995900e-04,-0.01
9.996000e-04,-0.01
9.996100e-04,0.01
9.996200e-04,0.01
9.996300e-04,0.05
9.996400e-04,0.01
9.996500e-04,-0.01
9.996600e-04,0.01
9.996700e-04,-0.01
9.996800e-04,-0.01
9.996900e-04,0.03
9.997000e-04,0.01
9.997100e-04,0.01
9.997200e-04,0.01
9.997300e-04,0.03
9.997400e-04,0.03
9.997500e-04,-0.01
9.997600e-04,0.03
9.997700e-04,0.01
9.997800e-04,0.01
9.997900e-04,0.01
9.998000e-04,0.05
9.998100e-04,0.03
9.998200e-04,0.01
9.998300e-04,0.03
9.998400e-04,0.01
9.998500e-04,0.01
9.998600e-04,0.01
9.998700e-04,0.03
9.998800e-04,0.01
9.998900e-04,0.01
9.999000e-04,0.01
9.999100e-04,-0.01
9.999200e-04,0.03
9.999300e-04,0.03
9.999400e-04,0.05
9.999500e-04,0.01
9.999600e-04,0.01
9.999700e-04,0.03
9.999800e-04,0.01
9.999900e-04,-0.03
1.000000e-03,0.01
1.000010e-03,0.03
1.000020e-03,0.03
1.000030e-03,0.05
1.000040e-03,0.01
1.000050e-03,0.01
1.000060e-03,0.01
1.000070e-03,0.01
1.000080e-03,0.01
1.000090e-03,0.01
1.000100e-03,-0.01
1.000110e-03,0.01
1.000120e-03,0.01
1.000130e-03,0.01
1.000140e-03,0.03
1.000150e-03,0.01
1.000160e-03,0.01
1.000170e-03,0.01
1.000180e-03,0.01
1.000190e-03,0.01
1.000200e-03,0.01
1.000210e-03,0.01
1.000220e-03,0.03
1.000230e-03,0.03
1.000240e-03,0.01
1.000250e-03,-0.03
1.000260e-03,0.01
1.000270e-03,0.01
1.000280e-03,0.01
1.000290e-03,0.03
1.000300e-03,-0.01
1.000310e-03,0.03
1.000320e-03,0.01
1.000330e-03,0.01
1.000340e-03,0.03
1.000350e-03,0.01
1.000360e-03,0.01
1.000370e-03,0.01
1.000380e-03,0.01
1.000390e-03,0.01
1.000400e-03,0.01
1.000410e-03,0.01
1.000420e-03,0.01
1.000430e-03,0.01
1.000440e-03,0.03
1.000450e-03,0.03
1.000460e-03,0.03
1.000470e-03,0.01
1.000480e-03,0.03
1.000490e-03,0.03
1.000500e-03,0.01
1.000510e-03,0.03
1.000520e-03,0.03
1.000530e-03,0.05
1.000540e-03,-0.01
1.000550e-03,0.03
1.000560e-03,0.03
1.000570e-03,0.01
1.000580e-03,0.01
1.000590e-03,0.03
1.000600e-03,-0.01
1.000610e-03,0.03
1.000620e-03,0.01
1.000630e-03,0.03
1.000640e-03,0.01
1.000650e-03,0.01
1.000660e-03,0.01
1.000670e-03,0.01
1.000680e-03,0.01
1.000690e-03,-0.01
1.000700e-03,0.01
1.000710e-03,0.03
1.000720e-03,0.03
1.000730e-03,-0.03
1.000740e-03,0.03
1.000750e-03,0.01
1.000760e-03,0.05
1.000770e-03,0.01
1.000780e-03,0.01
1.000790e-03,0.03
1.000800e-03,0.01
1.000810e-03,0.03
1.000820e-03,0.01
1.000830e-03,0.01
1.000840e-03,0.01
1.000850e-03,0.01
1.000860e-03,0.03
1.000870e-03,0.01
1.000880e-03,0.01
1.000890e-03,0.01
1.000900e-03,0.01
1.000910e-03,0.01
1.000920e-03,0.01
1.000930e-03,0.01
1.000940e-03,0.01
1.000950e-03,-0.03
1.000960e-03,0.01
1.000970e-03,0.01
1.000980e-03,0.03
1.000990e-03,0.01
1.001000e-03,0.01
1.001010e-03,0.01
1.001020e-03,0.01
1.001030e-03,0.03
1.001040e-03,0.01
1.001050e-03,0.03
1.001060e-03,-0.01
1.001070e-03,0.01
1.001080e-03,0.01
1.001090e-03,0.01
1.001100e-03,0.03
1.001110e-03,0.01
1.001120e-03,-0.01
1.001130e-03,0.03
1.001140e-03,0.01
1.001150e-03,0.01
1.001160e-03,0.01
1.001170e-03,0.01
1.001180e-03,0.01
1.001190e-03,0.01
1.001200e-03,0.03
1.001210e-03,0.01
1.001220e-03,0.01
1.001230e-03,0.03
1.001240e-03,0.03
1.001250e-03,0.01
1.001260e-03,0.03
1.001270e-03,0.01
1.001280e-03,0.03
1.001290e-03,0.03
1.001300e-03,0.01
1.001310e-03,0.01
1.001320e-03,0.03
1.001330e-03,0.01
1.001340e-03,0.03
1.001350e-03,0.03
1.001360e-03,0.03
1.001370e-03,0.01
1.001380e-03,-0.01
1.001390e-03,0.01
1.001400e-03,-0.01
1.001410e-03,0.01
1.001420e-03,0.01
1.001430e-03,0.01
1.001440e-03,0.01
1.001450e-03,0.05
1.001460e-03,0.01
1.001470e-03,0.01
1.001480e-03,0.01
1.001490e-03,0.01
1.001500e-03,0.05
1.001510e-03,0.01
1.001520e-03,0.01
1.001530e-03,0.03
1.001540e-03,0.01
1.001550e-03,0.03
1.001560e-03,0.01
1.001570e-03,-0.01
1.001580e-03,-0.01
1.001590e-03,0.01
1.001600e-03,0.01
1.001610e-03,-0.01
1.001620e-03,0.01
1.001630e-03,-0.01
1.001640e-03,0.03
1.001650e-03,0.01
1.001660e-03,0.01
1.001670e-03,0.01
1.001680e-03,0.03
1.001690e-03,0.01
1.001700e-03,0.01
1.001710e-03,0.03
1.001720e-03,0.01
1.001730e-03,0.03
1.001740e-03,0.03
1.001750e-03,-0.01
1.001760e-03,0.01
1.001770e-03,0.05
1.001780e-03,0.03
1.001790e-03,-0.01
1.001800e-03,0.01
1.001810e-03,0.01
1.001820e-03,0.03
1.001830e-03,0.01
1.001840e-03,0.01
1.001850e-03,0.01
1.001860e-03,0.03
1.001870e-03,0.01
1.001880e-03,0.03
1.001890e-03,0.01
1.001900e-03,0.01
1.001910e-03,-0.01
1.001920e-03,0.03
1.001930e-03,0.01
1.001940e-03,0.03
1.001950e-03,0.03
1.001960e-03,0.03
1.001970e-03,0.03
1.001980e-03,0.01
1.001990e-03,0.01
1.002000e-03,-0.01
1.002010e-03,0.01
1.002020e-03,0.03
1.002030e-03,0.01
1.002040e-03,0.01
1.002050e-03,0.01
1.002060e-03,0.05
1.002070e-03,0.01
1.002080e-03,0.03
1.002090e-03,-0.01
1.002100e-03,0.01
1.002110e-03,0.01
1.002120e-03,0.01
1.002130e-03,0.01
1.002140e-03,0.01
1.002150e-03,-0.01
1.002160e-03,-0.01
1.002170e-03,-0.01
1.002180e-03,0.01
1.002190e-03,0.01
1.002200e-03,0.01
1.002210e-03,0.01
1.002220e-03,0.03
1.002230e-03,0.01
1.002240e-03,0.03
1.002250e-03,0.01
1.002260e-03,0.01
1.002270e-03,0.05
1.002280e-03,0.07
1.002290e-03,0.01
1.002300e-03,0.01
1.002310e-03,0.01
1.002320e-03,0.01
1.002330e-03,0.01
1.002340e-03,0.01
1.002350e-03,0.01
1.002360e-03,-0.01
1.002370e-03,0.01
1.002380e-03,0.01
1.002390e-03,0.01
1.002400e-03,0.01
1.002410e-03,0.01
1.002420e-03,0.01
1.002430e-03,0.01
1.002440e-03,0.01
1.002450e-03,-0.01
1.002460e-03,0.01
1.002470e-03,0.01
1.002480e-03,0.01
1.002490e-03,0.01
1.002500e-03,0.01
1.002510e-03,-0.01
1.002520e-03,0.01
1.002530e-03,0.01
1.002540e-03,0.03
1.002550e-03,0.01
1.002560e-03,-0.01
1.002570e-03,0.01
1.002580e-03,0.05
1.002590e-03,0.01
1.002600e-03,0.05
1.002610e-03,0.03
1.002620e-03,0.01
1.002630e-03,0.01
1.002640e-03,0.03
1.002650e-03,0.01
1.002660e-03,0.03
1.002670e-03,0.01
1.002680e-03,0.01
1.002690e-03,0.01
1.002700e-03,0.01
1.002710e-03,0.01
1.002720e-03,0.01
1.002730e-03,0.01
1.002740e-03,0.01
1.002750e-03,0.01
1.002760e-03,0.01
1.002770e-03,-0.01
1.002780e-03,0.01
1.002790e-03,-0.01
1.002800e-03,0.01
1.002810e-03,0.03
1.002820e-03,0.03
1.002830e-03,0.01
1.002840e-03,0.03
1.002850e-03,0.01
1.002860e-03,0.03
1.002870e-03,-0.01
1.002880e-03,-0.01
1.002890e-03,0.03
1.002900e-03,0.01
1.002910e-03,0.01
1.002920e-03,0.01
1.002930e-03,0.03
1.002940e-03,0.03
1.002950e-03,0.01
1.002960e-03,0.01
1.002970e-03,0.01
1.002980e-03,0.03
1.002990e-03,0.01
1.003000e-03,0.05
1.003010e-03,0.01
1.003020e-03,0.01
1.003030e-03,0.07
1.003040e-03,0.01
1.003050e-03,0.01
1.003060e-03,0.03
1.003070e-03,0.01
1.003080e-03,0.01
1.003090e-03,-0.01
1.003100e-03,-0.01
1.003110e-03,0.03
1.003120e-03,0.03
1.003130e-03,0.03
1.003140e-03,0.01
1.003150e-03,0.01
1.003160e-03,0.01
1.003170e-03,0.03
1.003180e-03,0.01
1.003190e-03,0.01
1.003200e-03,0.01
1.003210e-03,-0.01
1.003220e-03,0.01
1.003230e-03,0.01
1.003240e-03,0.01
1.003250e-03,0.03
1.003260e-03,0.01
1.003270e-03,0.03
1.003280e-03,0.03
1.003290e-03,-0.03
1.003300e-03,0.01
1.003310e-03,-0.01
1.003320e-03,0.01
1.003330e-03,0.01
1.003340e-03,0.01
1.003350e-03,0.03
1.003360e-03,0.03
1.003370e-03,-0.01
1.003380e-03,0.01
1.003390e-03,0.01
1.003400e-03,-0.01
1.003410e-03,0.01
1.003420e-03,0.01
1.003430e-03,0.01
1.003440e-03,0.01
1.003450e-03,0.01
1.003460e-03,0.01
1.003470e-03,0.03
1.003480e-03,0.03
1.003490e-03,0.01
1.003500e-03,0.01
1.003510e-03,0.01
1.003520e-03,0.01
1.003530e-03,0.01
1.003540e-03,0.01
1.003550e-03,-0.01
1.003560e-03,0.03
1.003570e-03,0.03
1.003580e-03,0.01
1.003590e-03,0.03
1.003600e-03,0.01
1.003610e-03,0.01
1.003620e-03,0.03
1.003630e-03,0.03
1.003640e-03,0.03
1.003650e-03,0.01
1.003660e-03,0.01
1.003670e-03,0.03
1.003680e-03,-0.01
1.003690e-03,0.01
1.003700e-03,0.03
1.003710e-03,-0.01
1.003720e-03,0.03
1.003730e-03,0.01
1.003740e-03,0.01
1.003750e-03,0.05
1.003760e-03,0.03
1.003770e-03,0.03
1.003780e-03,0.03
1.003790e-03,0.01
1.003800e-03,0.01
1.003810e-03,0.03
1.003820e-03,0.01
1.003830e-03,0.03
1.003840e-03,0.01
1.003850e-03,0.01
1.003860e-03,0.01
1.003870e-03,0.01
1.003880e-03,0.01
1.003890e-03,0.03
1.003900e-03,0.01
1.003910e-03,0.01
1.003920e-03,0.03
1.003930e-03,0.03
1.003940e-03,0.01
1.003950e-03,0.03
1.003960e-03,0.01
1.003970e-03,-0.01
1.003980e-03,0.01
1.003990e-03,0.03
1.004000e-03,0.01
1.004010e-03,0.03
1.004020e-03,0.05
1.004030e-03,-0.01
1.004040e-03,0.01
1.004050e-03,0.01
1.004060e-03,0.01
1.004070e-03,0.03
1.004080e-03,0.03
1.004090e-03,-0.01
1.004100e-03,0.03
1.004110e-03,0.03
1.004120e-03,0.01
1.004130e-03,0.01
1.004140e-03,0.03
1.004150e-03,0.01
1.004160e-03,0.03
1.004170e-03,0.01
1.004180e-03,0.03
1.004190e-03,0.03
1.004200e-03,0.01
1.004210e-03,0.03
1.004220e-03,0.01
1.004230e-03,0.01
1.004240e-03,0.01
1.004250e-03,0.03
1.004260e-03,0.01
1.004270e-03,0.01
1.004280e-03,0.01
1.004290e-03,0.01
1.004300e-03,0.03
1.004310e-03,0.01
1.004320e-03,0.01
1.004330e-03,-0.01
1.004340e-03,0.03
1.004350e-03,0.01
1.004360e-03,0.01
1.004370e-03,0.05
1.004380e-03,0.01
1.004390e-03,-0.01
1.004400e-03,0.03
1.004410e-03,0.05
1.004420e-03,0.03
1.004430e-03,0.01
1.004440e-03,0.01
1.004450e-03,0.03
1.004460e-03,0.01
1.004470e-03,0.03
1.004480e-03,0.01
1.004490e-03,0.01
1.004500e-03,0.01
1.004510e-03,0.01
1.004520e-03,0.03
1.004530e-03,-0.01
1.004540e-03,0.03
1.004550e-03,0.03
1.004560e-03,0.01
1.004570e-03,0.03
1.004580e-03,0.01
1.004590e-03,0.01
1.004600e-03,0.01
1.004610e-03,0.01
1.004620e-03,-0.01
1.004630e-03,0.01
1.004640e-03,0.01
1.004650e-03,0.01
1.004660e-03,0.01
1.004670e-03,0.03
1.004680e-03,0.01
1.004690e-03,0.01
1.004700e-03,0.03
1.004710e-03,0.03
1.004720e-03,0.01
1.004730e-03,0.05
1.004740e-03,0.03
1.004750e-03,0.01
1.004760e-03,0.03
1.004770e-03,0.01
1.004780e-03,0.01
1.004790e-03,0.01
1.004800e-03,0.01
1.004810e-03,0.03
1.004820e-03,0.03
1.004830e-03,0.01
1.004840e-03,0.03
1.004850e-03,0.01
1.004860e-03,0.03
1.004870e-03,0.03
1.004880e-03,0.03
1.004890e-03,0.01
1.004900e-03,0.01
1.004910e-03,0.03
1.004920e-03,0.01
1.004930e-03,0.01
1.004940e-03,0.01
1.004950e-03,0.03
1.004960e-03,0.03
1.004970e-03,-0.01
1.004980e-03,-0.01
1.004990e-03,0.01
1.005000e-03,0.01
1.005010e-03,0.03
1.005020e-03,0.01
1.005030e-03,0.03
1.005040e-03,0.01
1.005050e-03,-0.01
1.005060e-03,0.01
1.005070e-03,0.03
1.005080e-03,0.01
1.005090e-03,0.03
1.005100e-03,0.03
1.005110e-03,0.01
1.005120e-03,0.03
1.005130e-03,0.03
1.005140e-03,0.01
1.005150e-03,0.01
1.005160e-03,-0.01
1.005170e-03,-0.01
1.005180e-03,0.01
1.005190e-03,0.03
1.005200e-03,0.03
1.005210e-03,0.05
1.005220e-03,0.01
1.005230e-03,0.01
1.005240e-03,0.01
1.005250e-03,0.01
1.005260e-03,0.01
1.005270e-03,0.01
1.005280e-03,0.03
1.005290e-03,0.03
1.005300e-03,0.03
1.005310e-03,0.01
1.005320e-03,0.01
1.005330e-03,0.01
1.005340e-03,0.01
1.005350e-03,0.01
1.005360e-03,0.05
1.005370e-03,0.01
1.005380e-03,0.01
1.005390e-03,0.01
1.005400e-03,0.03
1.005410e-03,0.01
1.005420e-03,0.01
1.005430e-03,0.01
1.005440e-03,0.03
1.005450e-03,0.01
1.005460e-03,0.01
1.005470e-03,0.03
1.005480e-03,0.01
1.005490e-03,0.01
1.005500e-03,0.03
1.005510e-03,0.03
1.005520e-03,0.01
1.005530e-03,0.01
1.005540e-03,0.03
1.005550e-03,0.03
1.005560e-03,0.03
1.005570e-03,0.01
1.005580e-03,0.01
1.005590e-03,0.03
1.005600e-03,0.03
1.005610e-03,0.03
1.005620e-03,0.01
1.005630e-03,0.01
1.005640e-03,0.01
1.005650e-03,0.01
1.005660e-03,0.01
1.005670e-03,0.01
1.005680e-03,0.03
1.005690e-03,0.03
1.005700e-03,0.01
1.005710e-03,-0.01
1.005720e-03,0.03
1.005730e-03,0.01
1.005740e-03,0.01
1.005750e-03,0.01
1.005760e-03,0.01
1.005770e-03,0.03
1.005780e-03,0.01
1.005790e-03,0.03
1.005800e-03,0.01
1.005810e-03,0.01
1.005820e-03,0.01
1.005830e-03,0.01
1.005840e-03,0.01
1.005850e-03,0.01
1.005860e-03,0.01
1.005870e-03,0.01
1.005880e-03,0.03
1.005890e-03,0.01
1.005900e-03,0.01
1.005910e-03,0.01
1.005920e-03,-0.03
1.005930e-03,0.03
1.005940e-03,0.03
1.005950e-03,-0.01
1.005960e-03,0.01
1.005970e-03,-0.01
1.005980e-03,-0.01
1.005990e-03,0.01
1.006000e-03,0.03
1.006010e-03,0.01
1.006020e-03,0.01
1.006030e-03,0.01
1.006040e-03,0.03
1.006050e-03,0.01
1.006060e-03,0.01
1.006070e-03,0.03
1.006080e-03,0.01
1.006090e-03,0.01
1.006100e-03,0.03
1.006110e-03,0.03
1.006120e-03,0.03
1.006130e-03,-0.01
1.006140e-03,0.03
1.006150e-03,0.01
1.006160e-03,0.01
1.006170e-03,0.01
1.006180e-03,0.01
1.006190e-03,0.03
1.006200e-03,0.03
1.006210e-03,0.01
1.006220e-03,-0.01
1.006230e-03,0.01
1.006240e-03,0.01
1.006250e-03,0.01
1.006260e-03,0.01
1.006270e-03,0.03
1.006280e-03,0.01
1.006290e-03,0.01
1.006300e-03,0.01
1.006310e-03,0.03
1.006320e-03,0.03
1.006330e-03,0.01
1.006340e-03,0.01
1.006350e-03,0.03
1.006360e-03,0.03
1.006370e-03,0.01
1.006380e-03,-0.01
1.006390e-03,0.01
1.006400e-03,0.01
1.006410e-03,0.03
1.006420e-03,0.01
1.006430e-03,0.01
1.006440e-03,-0.01
1.006450e-03,0.03
1.006460e-03,0.01
1.006470e-03,0.01
1.006480e-03,0.01
1.006490e-03,0.01
1.006500e-03,0.01
1.006510e-03,0.01
1.006520e-03,0.03
1.006530e-03,0.01
1.006540e-03,0.01
1.006550e-03,0.03
1.006560e-03,0.01
1.006570e-03,0.01
1.006580e-03,0.03
1.006590e-03,-0.01
1.006600e-03,0.01
1.006610e-03,0.01
1.006620e-03,0.01
1.006630e-03,0.01
1.006640e-03,0.03
1.006650e-03,0.01
1.006660e-03,0.01
1.006670e-03,0.01
1.006680e-03,0.01
1.006690e-03,0.03
1.006700e-03,0.01
1.006710e-03,0.01
1.006720e-03,0.01
1.006730e-03,0.01
1.006740e-03,-0.01
1.006750e-03,-0.01
1.006760e-03,-0.01
1.006770e-03,-0.01
1.006780e-03,0.01
1.006790e-03,-0.01
1.006800e-03,0.01
1.006810e-03,0.01
1.006820e-03,-0.03
1.006830e-03,0.01
1.006840e-03,0.01
1.006850e-03,0.01
1.006860e-03,0.03
1.006870e-03,0.03
1.006880e-03,0.03
1.006890e-03,0.01
1.006900e-03,0.03
1.006910e-03,-0.01
1.006920e-03,0.01
1.006930e-03,0.01
1.006940e-03,0.03
1.006950e-03,-0.01
1.006960e-03,0.05
1.006970e-03,-0.01
1.006980e-03,0.01
1.006990e-03,0.01
1.007000e-03,0.01
1.007010e-03,0.01
1.007020e-03,0.01
1.007030e-03,0.03
1.007040e-03,-0.01
1.007050e-03,0.03
1.007060e-03,0.01
1.007070e-03,0.01
1.007080e-03,0.03
1.007090e-03,0.03
1.007100e-03,0.03
1.007110e-03,0.01
1.007120e-03,-0.03
1.007130e-03,0.01
1.007140e-03,0.01
1.007150e-03,0.01
1.007160e-03,0.03
1.007170e-03,0.01
1.007180e-03,0.01
1.007190e-03,0.01
1.007200e-03,0.01
1.007210e-03,0.03
1.007220e-03,0.01
1.007230e-03,0.03
1.007240e-03,0.01
1.007250e-03,0.01
1.007260e-03,0.01
1.007270e-03,0.01
1.007280e-03,0.01
1.007290e-03,0.03
1.007300e-03,0.01
1.007310e-03,0.01
1.007320e-03,0.03
1.007330e-03,-0.01
1.007340e-03,0.03
1.007350e-03,0.01
1.007360e-03,0.01
1.007370e-03,0.01
1.007380e-03,0.01
1.007390e-03,0.01
1.007400e-03,0.01
1.007410e-03,0.01
1.007420e-03,0.01
1.007430e-03,0.03
1.007440e-03,0.01
1.007450e-03,0.01
1.007460e-03,-0.01
1.007470e-03,0.01
1.007480e-03,0.01
1.007490e-03,0.03
1.007500e-03,0.03
1.007510e-03,0.01
1.007520e-03,0.01
1.007530e-03,0.03
1.007540e-03,0.01
1.007550e-03,0.01
1.007560e-03,0.01
1.007570e-03,0.01
1.007580e-03,-0.01
1.007590e-03,0.03
1.007600e-03,-0.03
1.007610e-03,-0.03
1.007620e-03,0.01
1.007630e-03,0.01
1.007640e-03,0.01
1.007650e-03,0.01
1.007660e-03,0.01
1.007670e-03,0.05
1.007680e-03,0.01
1.007690e-03,0.01
1.007700e-03,0.03
1.007710e-03,0.01
1.007720e-03,0.01
1.007730e-03,0.01
1.007740e-03,0.01
1.007750e-03,0.01
1.007760e-03,-0.01
1.007770e-03,0.03
1.007780e-03,0.01
1.007790e-03,0.03
1.007800e-03,0.01
1.007810e-03,0.03
1.007820e-03,0.01
1.007830e-03,0.01
1.007840e-03,0.01
1.007850e-03,0.01
1.007860e-03,-0.01
1.007870e-03,0.03
1.007880e-03,0.03
1.007890e-03,0.03
1.007900e-03,0.03
1.007910e-03,0.03
1.007920e-03,0.03
1.007930e-03,0.01
1.007940e-03,0.03
1.007950e-03,0.01
1.007960e-03,0.01
1.007970e-03,0.01
1.007980e-03,0.01
1.007990e-03,0.03
1.008000e-03,0.01
1.008010e-03,0.01
1.008020e-03,0.01
1.008030e-03,0.01
1.008040e-03,0.03
1.008050e-03,0.01
1.008060e-03,0.01
1.008070e-03,0.01
1.008080e-03,0.01
1.008090e-03,0.01
1.008100e-03,0.01
1.008110e-03,0.01
1.008120e-03,0.03
1.008130e-03,0.01
1.008140e-03,0.01
1.008150e-03,0.01
1.008160e-03,0.01
1.008170e-03,-0.01
1.008180e-03,0.01
1.008190e-03,0.03
1.008200e-03,0.03
1.008210e-03,0.03
1.008220e-03,0.03
1.008230e-03,0.01
1.008240e-03,0.03
1.008250e-03,0.01
1.008260e-03,0.01
1.008270e-03,0.03
1.008280e-03,0.01
1.008290e-03,0.01
1.008300e-03,0.03
1.008310e-03,0.01
1.008320e-03,0.01
1.008330e-03,0.01
1.008340e-03,0.01
1.008350e-03,0.01
1.008360e-03,0.01
1.008370e-03,0.01
1.008380e-03,0.03
1.008390e-03,0.01
1.008400e-03,0.01
1.008410e-03,0.01
1.008420e-03,0.01
1.008430e-03,0.01
1.008440e-03,0.01
1.008450e-03,0.01
1.008460e-03,0.01
1.008470e-03,0.01
1.008480e-03,0.01
1.008490e-03,0.03
1.008500e-03,0.03
1.008510e-03,0.01
1.008520e-03,0.03
1.008530e-03,0.03
1.008540e-03,0.01
1.008550e-03,0.03
1.008560e-03,0.01
1.008570e-03,-0.01
1.008580e-03,-0.01
1.008590e-03,0.01
1.008600e-03,0.01
1.008610e-03,0.01
1.008620e-03,0.01
1.008630e-03,0.01
1.008640e-03,0.03
1.008650e-03,0.01
1.008660e-03,0.01
1.008670e-03,0.01
1.008680e-03,0.01
1.008690e-03,0.01
1.008700e-03,0.01
1.008710e-03,0.01
1.008720e-03,0.03
1.008730e-03,0.01
1.008740e-03,-0.01
1.008750e-03,0.03
1.008760e-03,0.01
1.008770e-03,0.01
1.008780e-03,0.03
1.008790e-03,0.01
1.008800e-03,0.01
1.008810e-03,-0.01
1.008820e-03,0.03
1.008830e-03,0.01
1.008840e-03,0.01
1.008850e-03,0.01
1.008860e-03,0.01
1.008870e-03,0.01
1.008880e-03,0.01
1.008890e-03,-0.01
1.008900e-03,0.03
1.008910e-03,-0.03
1.008920e-03,-0.03
1.008930e-03,-0.01
1.008940e-03,0.01
1.008950e-03,0.03
1.008960e-03,0.01
1.008970e-03,-0.01
1.008980e-03,0.01
1.008990e-03,0.01
1.009000e-03,-0.01
1.009010e-03,0.03
1.009020e-03,0.01
1.009030e-03,-0.01
1.009040e-03,0.01
1.009050e-03,0.01
1.009060e-03,0.03
1.009070e-03,-0.01
1.009080e-03,-0.01
1.009090e-03,0.03
1.009100e-03,0.03
1.009110e-03,0.01
1.009120e-03,0.01
1.009130e-03,-0.01
1.009140e-03,0.01
1.009150e-03,0.01
1.009160e-03,0.03
1.009170e-03,-0.01
1.009180e-03,0.01
1.009190e-03,-0.01
1.009200e-03,0.01
1.009210e-03,0.01
1.009220e-03,0.01
1.009230e-03,0.01
1.009240e-03,0.01
1.009250e-03,0.03
1.009260e-03,0.01
1.009270e-03,0.01
1.009280e-03,-0.01
1.009290e-03,-0.01
1.009300e-03,0.01
1.009310e-03,0.01
1.009320e-03,0.01
1.009330e-03,0.01
1.009340e-03,0.01
1.009350e-03,0.01
1.009360e-03,0.01
1.009370e-03,0.01
1.009380e-03,-0.01
1.009390e-03,0.03
1.009400e-03,0.01
1.009410e-03,0.01
1.009420e-03,0.03
1.009430e-03,0.01
1.009440e-03,0.01
1.009450e-03,0.03
1.009460e-03,0.01
1.009470e-03,-0.01
1.009480e-03,0.03
1.009490e-03,-0.01
1.009500e-03,-0.01
1.009510e-03,0.01
1.009520e-03,0.01
1.009530e-03,0.03
1.009540e-03,0.01
1.009550e-03,0.01
1.009560e-03,0.05
1.009570e-03,0.03
1.009580e-03,0.03
1.009590e-03,0.01
1.009600e-03,0.01
1.009610e-03,-0.01
1.009620e-03,0.03
1.009630e-03,-0.01
1.009640e-03,0.03
1.009650e-03,0.01
1.009660e-03,0.01
1.009670e-03,0.01
1.009680e-03,0.01
1.009690e-03,-0.01
1.009700e-03,0.03
1.009710e-03,0.03
1.009720e-03,0.03
1.009730e-03,0.01
1.009740e-03,0.01
1.009750e-03,0.01
1.009760e-03,0.01
1.009770e-03,0.03
1.009780e-03,0.03
1.009790e-03,0.03
1.009800e-03,0.03
1.009810e-03,0.03
1.009820e-03,0.03
1.009830e-03,0.03
1.009840e-03,0.01
1.009850e-03,0.01
1.009860e-03,0.01
1.009870e-03,0.01
1.009880e-03,0.01
1.009890e-03,0.03
1.009900e-03,0.01
1.009910e-03,-0.03
1.009920e-03,0.03
1.009930e-03,0.03
1.009940e-03,-0.01
1.009950e-03,-0.01
1.009960e-03,0.05
1.009970e-03,0.03
1.009980e-03,0.01
1.009990e-03,0.03
1.010000e-03,-0.01
1.010010e-03,0.01
1.010020e-03,0.03
1.010030e-03,0.01
1.010040e-03,0.01
1.010050e-03,0.01
1.010060e-03,0.03
1.010070e-03,0.01
1.010080e-03,0.03
1.010090e-03,0.01
1.010100e-03,0.03
1.010110e-03,0.01
1.010120e-03,0.01
1.010130e-03,0.01
1.010140e-03,0.01
1.010150e-03,-0.01
1.010160e-03,0.01
1.010170e-03,0.03
1.010180e-03,0.03
1.010190e-03,0.03
1.010200e-03,0.03
1.010210e-03,0.01
1.010220e-03,-0.01
1.010230e-03,0.01
1.010240e-03,0.01
1.010250e-03,0.07
1.010260e-03,0.01
1.010270e-03,0.01
1.010280e-03,0.01
1.010290e-03,0.01
1.010300e-03,-0.01
1.010310e-03,0.03
1.010320e-03,-0.01
1.010330e-03,0.01
1.010340e-03,0.03
1.010350e-03,0.01
1.010360e-03,0.03
1.010370e-03,0.01
1.010380e-03,0.01
1.010390e-03,0.01
1.010400e-03,0.01
1.010410e-03,0.01
1.010420e-03,0.01
1.010430e-03,0.01
1.010440e-03,0.03
1.010450e-03,0.03
1.010460e-03,0.01
1.010470e-03,-0.01
1.010480e-03,0.03
1.010490e-03,0.01
1.010500e-03,0.01
1.010510e-03,-0.01
1.010520e-03,0.01
1.010530e-03,0.01
1.010540e-03,0.01
1.010550e-03,0.03
1.010560e-03,0.01
1.010570e-03,-0.01
1.010580e-03,0.01
1.010590e-03,0.01
1.010600e-03,0.01
1.010610e-03,-0.01
1.010620e-03,0.01
1.010630e-03,0.01
1.010640e-03,0.01
1.010650e-03,0.03
1.010660e-03,0.03
1.010670e-03,0.01
1.010680e-03,0.03
1.010690e-03,0.01
1.010700e-03,0.01
1.010710e-03,0.03
1.010720e-03,0.01
1.010730e-03,0.01
1.010740e-03,-0.03
1.010750e-03,0.03
1.010760e-03,-0.01
1.010770e-03,0.03
1.010780e-03,-0.01
1.010790e-03,0.01
1.010800e-03,0.01
1.010810e-03,0.01
1.010820e-03,0.01
1.010830e-03,0.05
1.010840e-03,0.03
1.010850e-03,0.03
1.010860e-03,0.01
1.010870e-03,0.01
1.010880e-03,0.01
1.010890e-03,0.01
1.010900e-03,0.01
1.010910e-03,0.01
1.010920e-03,0.01
1.010930e-03,0.03
1.010940e-03,-0.01
1.010950e-03,-0.03
1.010960e-03,0.01
1.010970e-03,0.01
1.010980e-03,0.03
1.010990e-03,-0.01
1.011000e-03,0.03
1.011010e-03,-0.01
1.011020e-03,0.01
1.011030e-03,-0.01
1.011040e-03,0.01
1.011050e-03,0.01
1.011060e-03,0.01
1.011070e-03,-0.01
1.011080e-03,0.03
1.011090e-03,-0.01
1.011100e-03,0.01
1.011110e-03,0.03
1.011120e-03,0.03
1.011130e-03,0.01
1.011140e-03,0.01
1.011150e-03,0.01
1.011160e-03,0.01
1.011170e-03,0.03
1.011180e-03,0.01
1.011190e-03,0.01
1.011200e-03,0.01
1.011210e-03,0.01
1.011220e-03,0.01
1.011230e-03,-0.01
1.011240e-03,0.03
1.011250e-03,0.01
1.011260e-03,0.03
1.011270e-03,0.03
1.011280e-03,0.03
1.011290e-03,0.01
1.011300e-03,0.05
1.011310e-03,0.01
1.011320e-03,0.03
1.011330e-03,0.01
1.011340e-03,0.03
1.011350e-03,0.01
1.011360e-03,0.03
1.011370e-03,0.01
1.011380e-03,0.03
1.011390e-03,0.03
1.011400e-03,0.01
1.011410e-03,0.03
1.011420e-03,-0.01
1.011430e-03,-0.01
1.011440e-03,0.01
1.011450e-03,0.03
1.011460e-03,0.05
1.011470e-03,0.01
1.011480e-03,0.03
1.011490e-03,0.01
1.011500e-03,-0.01
1.011510e-03,0.01
1.011520e-03,0.03
1.011530e-03,0.03
1.011540e-03,-0.03
1.011550e-03,0.01
1.011560e-03,-0.01
1.011570e-03,0.03
1.011580e-03,0.01
1.011590e-03,-0.01
1.011600e-03,0.05
1.011610e-03,0.01
1.011620e-03,0.01
1.011630e-03,0.01
1.011640e-03,0.01
1.011650e-03,0.01
1.011660e-03,-0.03
1.011670e-03,0.01
1.011680e-03,0.01
1.011690e-03,0.01
1.011700e-03,0.01
1.011710e-03,0.01
1.011720e-03,0.01
1.011730e-03,0.03
1.011740e-03,0.03
1.011750e-03,0.01
1.011760e-03,0.01
1.011770e-03,0.01
1.011780e-03,0.01
1.011790e-03,-0.01
1.011800e-03,0.01
1.011810e-03,0.01
1.011820e-03,-0.01
1.011830e-03,0.01
1.011840e-03,0.03
1.011850e-03,0.01
1.011860e-03,0.01
1.011870e-03,0.01
1.011880e-03,0.01
1.011890e-03,0.01
1.011900e-03,0.03
1.011910e-03,0.03
1.011920e-03,0.01
1.011930e-03,0.01
1.011940e-03,-0.01
1.011950e-03,0.01
1.011960e-03,0.01
1.011970e-03,0.01
1.011980e-03,0.01
1.011990e-03,0.03
1.012000e-03,0.03
1.012010e-03,0.01
1.012020e-03,0.01
1.012030e-03,0.01
1.012040e-03,0.01
1.012050e-03,0.01
1.012060e-03,0.03
1.012070e-03,-0.01
1.012080e-03,-0.01
1.012090e-03,0.01
1.012100e-03,-0.01
1.012110e-03,0.01
1.012120e-03,-0.01
1.012130e-03,0.01
1.012140e-03,0.03
1.012150e-03,0.03
1.012160e-03,0.01
1.012170e-03,0.01
1.012180e-03,0.01
1.012190e-03,0.01
1.012200e-03,0.01
1.012210e-03,0.01
1.012220e-03,0.03
1.012230e-03,0.03
1.012240e-03,0.01
1.012250e-03,-0.01
1.012260e-03,0.01
1.012270e-03,0.01
1.012280e-03,0.01
1.012290e-03,0.03
1.012300e-03,0.03
1.012310e-03,0.01
1.012320e-03,0.03
1.012330e-03,0.01
1.012340e-03,0.01
1.012350e-03,0.01
1.012360e-03,-0.01
1.012370e-03,0.01
1.012380e-03,0.01
1.012390e-03,0.03
1.012400e-03,0.03
1.012410e-03,0.01
1.012420e-03,0.01
1.012430e-03,0.01
1.012440e-03,0.01
1.012450e-03,0.01
1.012460e-03,0.01
1.012470e-03,0.01
1.012480e-03,0.01
1.012490e-03,0.03
1.012500e-03,0.03
1.012510e-03,0.01
1.012520e-03,0.03
1.012530e-03,0.01
1.012540e-03,-0.01
1.012550e-03,0.01
1.012560e-03,-0.01
1.012570e-03,0.01
1.012580e-03,0.01
1.012590e-03,0.01
1.012600e-03,0.01
1.012610e-03,0.03
1.012620e-03,0.01
1.012630e-03,0.01
1.012640e-03,0.01
1.012650e-03,0.01
1.012660e-03,0.01
1.012670e-03,-0.01
1.012680e-03,-0.01
1.012690e-03,0.01
1.012700e-03,0.03
1.012710e-03,0.03
1.012720e-03,0.01
1.012730e-03,-0.01
1.012740e-03,0.01
1.012750e-03,0.01
1.012760e-03,-0.01
1.012770e-03,0.03
1.012780e-03,-0.01
1.012790e-03,0.03
1.012800e-03,0.01
1.012810e-03,0.01
1.012820e-03,0.01
1.012830e-03,0.01
1.012840e-03,0.01
1.012850e-03,0.01
1.012860e-03,-0.01
1.012870e-03,0.03
1.012880e-03,0.01
1.012890e-03,0.01
1.012900e-03,0.01
1.012910e-03,-0.01
1.012920e-03,0.03
1.012930e-03,0.01
1.012940e-03,0.01
1.012950e-03,0.03
1.012960e-03,0.01
1.012970e-03,0.01
1.012980e-03,0.03
1.012990e-03,-0.01
1.013000e-03,0.01
1.013010e-03,-0.03
1.013020e-03,0.01
1.013030e-03,0.01
1.013040e-03,0.01
1.013050e-03,0.03
1.013060e-03,0.01
1.013070e-03,0.03
1.013080e-03,0.05
1.013090e-03,0.01
1.013100e-03,0.05
1.013110e-03,0.01
1.013120e-03,0.03
1.013130e-03,0.01
1.013140e-03,-0.01
1.013150e-03,0.01
1.013160e-03,0.01
1.013170e-03,0.03
1.013180e-03,0.01
1.013190e-03,0.01
1.013200e-03,0.03
1.013210e-03,0.01
1.013220e-03,0.01
1.013230e-03,0.01
1.013240e-03,0.03
1.013250e-03,0.01
1.013260e-03,0.01
1.013270e-03,0.03
1.013280e-03,0.01
1.013290e-03,0.03
1.013300e-03,0.03
1.013310e-03,0.01
1.013320e-03,0.05
1.013330e-03,0.01
1.013340e-03,0.01
1.013350e-03,0.03
1.013360e-03,0.01
1.013370e-03,0.01
1.013380e-03,0.03
1.013390e-03,0.03
1.013400e-03,0.03
1.013410e-03,0.01
1.013420e-03,0.01
1.013430e-03,-0.01
1.013440e-03,0.01
1.013450e-03,0.03
1.013460e-03,0.03
1.013470e-03,0.01
1.013480e-03,-0.01
1.013490e-03,-0.03
1.013500e-03,0.01
1.013510e-03,0.03
1.013520e-03,0.03
1.013530e-03,0.03
1.013540e-03,0.01
1.013550e-03,0.03
1.013560e-03,-0.01
1.013570e-03,0.01
1.013580e-03,0.01
1.013590e-03,-0.01
1.013600e-03,0.03
1.013610e-03,0.03
1.013620e-03,0.03
1.013630e-03,0.03
1.013640e-03,0.01
1.013650e-03,0.01
1.013660e-03,0.03
1.013670e-03,0.03
1.013680e-03,0.01
1.013690e-03,0.01
1.013700e-03,0.01
1.013710e-03,0.03
1.013720e-03,-0.01
1.013730e-03,0.01
1.013740e-03,-0.01
1.013750e-03,0.01
1.013760e-03,0.03
1.013770e-03,0.01
1.013780e-03,0.01
1.013790e-03,0.01
1.013800e-03,0.01
1.013810e-03,0.01
1.013820e-03,0.07
1.013830e-03,0.03
1.013840e-03,-0.01
1.013850e-03,0.03
1.013860e-03,0.01
1.013870e-03,0.01
1.013880e-03,0.01
1.013890e-03,0.03
1.013900e-03,0.01
1.013910e-03,0.01
1.013920e-03,-0.01
1.013930e-03,0.01
1.013940e-03,0.03
1.013950e-03,0.05
1.013960e-03,0.01
1.013970e-03,0.01
1.013980e-03,0.01
1.013990e-03,0.01
1.014000e-03,0.03
1.014010e-03,0.01
1.014020e-03,0.01
1.014030e-03,0.01
1.014040e-03,0.03
1.014050e-03,0.01
1.014060e-03,0.01
1.014070e-03,0.03
1.014080e-03,0.01
1.014090e-03,0.03
1.014100e-03,0.01
1.014110e-03,0.01
1.014120e-03,0.01
1.014130e-03,0.01
1.014140e-03,0.03
1.014150e-03,0.01
1.014160e-03,0.03
1.014170e-03,0.01
1.014180e-03,0.01
1.014190e-03,0.01
1.014200e-03,0.03
1.014210e-03,-0.01
1.014220e-03,0.01
1.014230e-03,0.01
1.014240e-03,0.01
1.014250e-03,0.01
1.014260e-03,0.01
1.014270e-03,0.05
1.014280e-03,-0.03
1.014290e-03,0.01
1.014300e-03,0.03
1.014310e-03,0.01
1.014320e-03,-0.01
1.014330e-03,0.01
1.014340e-03,0.01
1.014350e-03,-0.01
1.014360e-03,-0.01
1.014370e-03,0.03
1.014380e-03,0.01
1.014390e-03,0.01
1.014400e-03,0.03
1.014410e-03,0.03
1.014420e-03,0.01
1.014430e-03,0.01
1.014440e-03,0.01
1.014450e-03,0.01
1.014460e-03,0.03
1.014470e-03,0.01
1.014480e-03,0.01
1.014490e-03,0.01
1.014500e-03,0.03
1.014510e-03,-0.01
1.014520e-03,0.01
1.014530e-03,0.01
1.014540e-03,0.03
1.014550e-03,0.01
1.014560e-03,0.01
1.014570e-03,0.01
1.014580e-03,0.01
1.014590e-03,0.03
1.014600e-03,-0.01
1.014610e-03,-0.01
1.014620e-03,0.03
1.014630e-03,0.01
1.014640e-03,-0.01
1.014650e-03,0.01
1.014660e-03,-0.01
1.014670e-03,0.03
1.014680e-03,0.01
1.014690e-03,0.03
1.014700e-03,0.01
1.014710e-03,0.01
1.014720e-03,0.03
1.014730e-03,0.03
1.014740e-03,0.01
1.014750e-03,0.03
1.014760e-03,0.01
1.014770e-03,0.01
1.014780e-03,0.03
1.014790e-03,0.03
1.014800e-03,-0.01
1.014810e-03,0.03
1.014820e-03,0.03
1.014830e-03,0.01
1.014840e-03,0.03
1.014850e-03,-0.01
1.014860e-03,0.01
1.014870e-03,0.03
1.014880e-03,0.01
1.014890e-03,0.01
1.014900e-03,0.03
1.014910e-03,0.01
1.014920e-03,0.03
1.014930e-03,0.03
1.014940e-03,0.01
1.014950e-03,-0.03
1.014960e-03,0.01
1.014970e-03,-0.01
1.014980e-03,-0.01
1.014990e-03,0.03
1.015000e-03,0.03
1.015010e-03,0.03
1.015020e-03,0.01
1.015030e-03,0.01
1.015040e-03,-0.01
1.015050e-03,0.03
1.015060e-03,0.03
1.015070e-03,0.01
1.015080e-03,0.03
1.015090e-03,0.01
1.015100e-03,0.03
1.015110e-03,0.01
1.015120e-03,0.03
1.015130e-03,0.01
1.015140e-03,0.05
1.015150e-03,0.01
1.015160e-03,-0.01
1.015170e-03,-0.01
1.015180e-03,0.01
1.015190e-03,0.01
1.015200e-03,0.03
1.015210e-03,0.03
1.015220e-03,0.01
1.015230e-03,0.03
1.015240e-03,0.01
1.015250e-03,0.01
1.015260e-03,0.03
1.015270e-03,0.01
1.015280e-03,-0.01
1.015290e-03,0.01
1.015300e-03,0.01
1.015310e-03,0.01
1.015320e-03,0.03
1.015330e-03,0.01
1.015340e-03,0.01
1.015350e-03,0.03
1.015360e-03,0.01
1.015370e-03,0.03
1.015380e-03,0.01
1.015390e-03,0.01
1.015400e-03,0.01
1.015410e-03,0.03
1.015420e-03,0.03
1.015430e-03,0.01
1.015440e-03,-0.01
1.015450e-03,0.03
1.015460e-03,0.03
1.015470e-03,0.01
1.015480e-03,0.01
1.015490e-03,0.03
1.015500e-03,0.01
1.015510e-03,0.01
1.015520e-03,0.01
1.015530e-03,0.01
1.015540e-03,0.03
1.015550e-03,0.03
1.015560e-03,0.01
1.015570e-03,0.01
1.015580e-03,0.01
1.015590e-03,-0.01
1.015600e-03,0.01
1.015610e-03,-0.01
1.015620e-03,-0.01
1.015630e-03,0.03
1.015640e-03,0.03
1.015650e-03,-0.01
1.015660e-03,0.01
1.015670e-03,0.05
1.015680e-03,0.01
1.015690e-03,0.01
1.015700e-03,0.01
1.015710e-03,0.01
1.015720e-03,0.01
1.015730e-03,0.01
1.015740e-03,0.03
1.015750e-03,-0.01
1.015760e-03,0.03
1.015770e-03,0.03
1.015780e-03,0.01
1.015790e-03,0.03
1.015800e-03,0.01
1.015810e-03,0.01
1.015820e-03,0.03
1.015830e-03,0.03
1.015840e-03,0.01
1.015850e-03,0.03
1.015860e-03,0.03
1.015870e-03,0.01
1.015880e-03,0.01
1.015890e-03,0.01
1.015900e-03,0.01
1.015910e-03,0.03
1.015920e-03,0.01
1.015930e-03,0.01
1.015940e-03,0.03
1.015950e-03,-0.01
1.015960e-03,0.03
1.015970e-03,0.03
1.015980e-03,0.01
1.015990e-03,0.01
1.016000e-03,0.01
1.016010e-03,0.03
1.016020e-03,0.03
1.016030e-03,-0.01
1.016040e-03,-0.01
1.016050e-03,0.03
1.016060e-03,-0.01
1.016070e-03,0.01
1.016080e-03,0.03
1.016090e-03,0.01
1.016100e-03,0.01
1.016110e-03,0.03
1.016120e-03,-0.01
1.016130e-03,0.03
1.016140e-03,0.01
1.016150e-03,0.01
1.016160e-03,0.03
1.016170e-03,0.01
1.016180e-03,0.03
1.016190e-03,0.03
1.016200e-03,0.01
1.016210e-03,0.01
1.016220e-03,0.01
1.016230e-03,0.01
1.016240e-03,0.01
1.016250e-03,0.03
1.016260e-03,0.01
1.016270e-03,0.01
1.016280e-03,0.01
1.016290e-03,0.01
1.016300e-03,0.01
1.016310e-03,0.01
1.016320e-03,-0.01
1.016330e-03,0.01
1.016340e-03,0.01
1.016350e-03,0.01
1.016360e-03,0.03
1.016370e-03,0.01
1.016380e-03,0.01
1.016390e-03,0.01
1.016400e-03,0.03
1.016410e-03,-0.01
1.016420e-03,0.01
1.016430e-03,0.01
1.016440e-03,0.01
1.016450e-03,0.01
1.016460e-03,0.01
1.016470e-03,0.01
1.016480e-03,0.01
1.016490e-03,0.03
1.016500e-03,0.03
1.016510e-03,0.01
1.016520e-03,0.03
1.016530e-03,0.01
1.016540e-03,-0.01
1.016550e-03,0.01
1.016560e-03,0.01
1.016570e-03,0.01
1.016580e-03,0.01
1.016590e-03,0.01
1.016600e-03,0.01
1.016610e-03,0.01
1.016620e-03,0.01
1.016630e-03,0.01
1.016640e-03,0.03
1.016650e-03,0.07
1.016660e-03,-0.01
1.016670e-03,0.03
1.016680e-03,0.01
1.016690e-03,-0.01
1.016700e-03,0.03
1.016710e-03,0.03
1.016720e-03,0.01
1.016730e-03,0.01
1.016740e-03,0.01
1.016750e-03,0.01
1.016760e-03,0.01
1.016770e-03,0.01
1.016780e-03,0.01
1.016790e-03,0.03
1.016800e-03,0.01
1.016810e-03,0.01
1.016820e-03,0.03
1.016830e-03,0.01
1.016840e-03,-0.01
1.016850e-03,0.01
1.016860e-03,0.01
1.016870e-03,0.03
1.016880e-03,0.03
1.016890e-03,-0.01
1.016900e-03,0.03
1.016910e-03,0.01
1.016920e-03,0.03
1.016930e-03,0.03
1.016940e-03,0.01
1.016950e-03,0.01
1.016960e-03,0.01
1.016970e-03,0.01
1.016980e-03,0.01
1.016990e-03,0.01
1.017000e-03,0.03
1.017010e-03,0.03
1.017020e-03,-0.01
1.017030e-03,-0.01
1.017040e-03,0.03
1.017050e-03,0.01
1.017060e-03,0.03
1.017070e-03,0.01
1.017080e-03,0.05
1.017090e-03,0.01
1.017100e-03,-0.01
1.017110e-03,0.01
1.017120e-03,0.01
1.017130e-03,0.03
1.017140e-03,0.03
1.017150e-03,0.01
1.017160e-03,-0.01
1.017170e-03,0.01
1.017180e-03,0.01
1.017190e-03,0.01
1.017200e-03,0.01
1.017210e-03,0.01
1.017220e-03,0.01
1.017230e-03,-0.01
1.017240e-03,0.01
1.017250e-03,0.01
1.017260e-03,0.01
1.017270e-03,-0.01
1.017280e-03,0.03
1.017290e-03,0.01
1.017300e-03,0.01
1.017310e-03,0.01
1.017320e-03,0.03
1.017330e-03,0.01
1.017340e-03,0.03
1.017350e-03,0.01
1.017360e-03,-0.01
1.017370e-03,0.01
1.017380e-03,0.01
1.017390e-03,0.03
1.017400e-03,0.01
1.017410e-03,0.01
1.017420e-03,0.01
1.017430e-03,0.03
1.017440e-03,0.03
1.017450e-03,0.01
1.017460e-03,0.03
1.017470e-03,0.01
1.017480e-03,0.03
1.017490e-03,0.03
1.017500e-03,0.01
1.017510e-03,0.01
1.017520e-03,0.01
1.017530e-03,0.01
1.017540e-03,0.01
1.017550e-03,0.03
1.017560e-03,0.03
1.017570e-03,0.01
1.017580e-03,0.01
1.017590e-03,0.03
1.017600e-03,0.03
1.017610e-03,0.03
1.017620e-03,0.03
1.017630e-03,0.01
1.017640e-03,0.01
1.017650e-03,0.01
1.017660e-03,0.03
1.017670e-03,0.01
1.017680e-03,0.03
1.017690e-03,-0.01
1.017700e-03,0.01
1.017710e-03,0.01
1.017720e-03,0.01
1.017730e-03,-0.01
1.017740e-03,0.01
1.017750e-03,-0.01
1.017760e-03,0.01
1.017770e-03,0.03
1.017780e-03,0.01
1.017790e-03,0.03
1.017800e-03,0.01
1.017810e-03,0.03
1.017820e-03,0.01
1.017830e-03,0.03
1.017840e-03,0.01
1.017850e-03,-0.03
1.017860e-03,0.03
1.017870e-03,0.03
1.017880e-03,0.01
1.017890e-03,0.01
1.017900e-03,0.03
1.017910e-03,0.03
1.017920e-03,0.01
1.017930e-03,0.01
1.017940e-03,0.01
1.017950e-03,0.01
1.017960e-03,0.01
1.017970e-03,0.01
1.017980e-03,0.01
1.017990e-03,0.01
1.018000e-03,0.01
1.018010e-03,0.03
1.018020e-03,0.01
1.018030e-03,0.03
1.018040e-03,0.01
1.018050e-03,0.03
1.018060e-03,0.01
1.018070e-03,-0.01
1.018080e-03,0.03
1.018090e-03,0.03
1.018100e-03,0.01
1.018110e-03,0.03
1.018120e-03,0.01
1.018130e-03,0.03
1.018140e-03,0.01
1.018150e-03,0.03
1.018160e-03,0.03
1.018170e-03,0.03
1.018180e-03,0.01
1.018190e-03,0.01
1.018200e-03,0.03
1.018210e-03,0.01
1.018220e-03,0.03
1.018230e-03,-0.01
1.018240e-03,0.03
1.018250e-03,0.01
1.018260e-03,0.03
1.018270e-03,0.03
1.018280e-03,0.03
1.018290e-03,0.01
1.018300e-03,0.01
1.018310e-03,-0.03
1.018320e-03,0.03

