Model,DPO4104
Firmware Version,2.68

Waveform Type,ANALOG
Point Format,Y
Horizontal Units,s
Horizontal Scale,2e-08
Horizontal Delay,0.000945352
Sample Interval,2e-10
Record Length,10000
Gating,0.0% to 100.0%
Probe Attenuation,1
Vertical Units,V
Vertical Offset,0
Vertical Scale,1
Vertical Position,-1.98
,
,
,
Label,
TIME,CH4
9.443516e-04,0.02
9.443518e-04,0.06
9.443520e-04,0.06
9.443522e-04,0.06
9.443524e-04,0.06
9.443526e-04,0.06
9.443528e-04,-0.02
9.443530e-04,0.06
9.443532e-04,0.06
9.443534e-04,0.06
9.443536e-04,0.06
9.443538e-04,0.02
9.443540e-04,0.02
9.443542e-04,0.02
9.443544e-04,0.06
9.443546e-04,0.02
9.443548e-04,0.06
9.443550e-04,0.06
9.443552e-04,-0.02
9.443554e-04,0.02
9.443556e-04,0.02
9.443558e-04,0.02
9.443560e-04,0.02
9.443562e-04,0.02
9.443564e-04,0.02
9.443566e-04,0.02
9.443568e-04,0.02
9.443570e-04,0.02
9.443572e-04,0.02
9.443574e-04,0.02
9.443576e-04,0.02
9.443578e-04,-0.02
9.443580e-04,0.02
9.443582e-04,0.06
9.443584e-04,-0.02
9.443586e-04,0.02
9.443588e-04,0.02
9.443590e-04,0.02
9.443592e-04,-0.06
9.443594e-04,0.06
9.443596e-04,0.1
9.443598e-04,0.06
9.443600e-04,0.02
9.443602e-04,0.02
9.443604e-04,0.02
9.443606e-04,-0.02
9.443608e-04,0.02
9.443610e-04,0.02
9.443612e-04,0.02
9.443614e-04,0.06
9.443616e-04,0.02
9.443618e-04,0.02
9.443620e-04,0.02
9.443622e-04,0.06
9.443624e-04,0.06
9.443626e-04,0.02
9.443628e-04,0.02
9.443630e-04,0.02
9.443632e-04,0.06
9.443634e-04,0.02
9.443636e-04,0.02
9.443638e-04,0.02
9.443640e-04,0.02
9.443642e-04,0.06
9.443644e-04,0.06
9.443646e-04,0.02
9.443648e-04,0.02
9.443650e-04,0.02
9.443652e-04,0.02
9.443654e-04,0.06
9.443656e-04,0.02
9.443658e-04,0.02
9.443660e-04,0.06
9.443662e-04,0.02
9.443664e-04,0.02
9.443666e-04,0.02
9.443668e-04,0.06
9.443670e-04,0.02
9.443672e-04,0.02
9.443674e-04,0.06
9.443676e-04,0.06
9.443678e-04,-0.02
9.443680e-04,-0.02
9.443682e-04,0.02
9.443684e-04,0.02
9.443686e-04,0.06
9.443688e-04,0.06
9.443690e-04,0.06
9.443692e-04,-0.02
9.443694e-04,0.02
9.443696e-04,0.06
9.443698e-04,0.02
9.443700e-04,0.06
9.443702e-04,0.1
9.443704e-04,0.02
9.443706e-04,0.02
9.443708e-04,0.06
9.443710e-04,0.06
9.443712e-04,0.02
9.443714e-04,0.06
9.443716e-04,0.02
9.443718e-04,0.06
9.443720e-04,0.02
9.443722e-04,0.02
9.443724e-04,0.02
9.443726e-04,0.02
9.443728e-04,0.02
9.443730e-04,0.02
9.443732e-04,-0.02
9.443734e-04,0.02
9.443736e-04,0.02
9.443738e-04,0.06
9.443740e-04,0.02
9.443742e-04,0.02
9.443744e-04,0.02
9.443746e-04,-0.02
9.443748e-04,-0.02
9.443750e-04,0.06
9.443752e-04,0.02
9.443754e-04,0.02
9.443756e-04,0.02
9.443758e-04,0.06
9.443760e-04,0.06
9.443762e-04,0.06
9.443764e-04,0.02
9.443766e-04,0.06
9.443768e-04,-0.02
9.443770e-04,0.02
9.443772e-04,0.02
9.443774e-04,-0.02
9.443776e-04,0.02
9.443778e-04,0.02
9.443780e-04,0.06
9.443782e-04,0.06
9.443784e-04,0.02
9.443786e-04,0.02
9.443788e-04,0.02
9.443790e-04,0.02
9.443792e-04,0.06
9.443794e-04,0.02
9.443796e-04,-0.02
9.443798e-04,0.02
9.443800e-04,0.02
9.443802e-04,0.02
9.443804e-04,0.02
9.443806e-04,0.02
9.443808e-04,0.02
9.443810e-04,0.02
9.443812e-04,0.02
9.443814e-04,0.02
9.443816e-04,-0.02
9.443818e-04,0.02
9.443820e-04,0.02
9.443822e-04,0.06
9.443824e-04,0.02
9.443826e-04,0.02
9.443828e-04,0.02
9.443830e-04,0.02
9.443832e-04,0.02
9.443834e-04,0.02
9.443836e-04,0.02
9.443838e-04,0.06
9.443840e-04,0.02
9.443842e-04,0.06
9.443844e-04,0.02
9.443846e-04,0.02
9.443848e-04,0.06
9.443850e-04,0.06
9.443852e-04,0.02
9.443854e-04,0.02
9.443856e-04,0.02
9.443858e-04,-0.02
9.443860e-04,0.02
9.443862e-04,0.06
9.443864e-04,0.06
9.443866e-04,0.02
9.443868e-04,0.02
9.443870e-04,0.02
9.443872e-04,0.02
9.443874e-04,0.02
9.443876e-04,0.02
9.443878e-04,0.06
9.443880e-04,0.06
9.443882e-04,0.1
9.443884e-04,0.02
9.443886e-04,0.02
9.443888e-04,0.02
9.443890e-04,0.06
9.443892e-04,0.02
9.443894e-04,0.02
9.443896e-04,0.02
9.443898e-04,0.02
9.443900e-04,0.02
9.443902e-04,0.06
9.443904e-04,0.02
9.443906e-04,0.06
9.443908e-04,0.02
9.443910e-04,0.02
9.443912e-04,-0.02
9.443914e-04,0.06
9.443916e-04,0.06
9.443918e-04,0.1
9.443920e-04,0.06
9.443922e-04,0.06
9.443924e-04,0.02
9.443926e-04,0.06
9.443928e-04,0.02
9.443930e-04,0.02
9.443932e-04,0.06
9.443934e-04,0.1
9.443936e-04,-0.02
9.443938e-04,0.02
9.443940e-04,0.02
9.443942e-04,0.02
9.443944e-04,0.06
9.443946e-04,0.02
9.443948e-04,0.02
9.443950e-04,0.02
9.443952e-04,0.06
9.443954e-04,0.06
9.443956e-04,0.02
9.443958e-04,0.02
9.443960e-04,0.02
9.443962e-04,0.1
9.443964e-04,0.02
9.443966e-04,0.06
9.443968e-04,0.02
9.443970e-04,0.02
9.443972e-04,0.02
9.443974e-04,0.1
9.443976e-04,0.1
9.443978e-04,0.02
9.443980e-04,0.02
9.443982e-04,0.06
9.443984e-04,0.06
9.443986e-04,0.06
9.443988e-04,0.02
9.443990e-04,-0.02
9.443992e-04,-0.02
9.443994e-04,0.02
9.443996e-04,0.02
9.443998e-04,0.02
9.444000e-04,-0.02
9.444002e-04,0.06
9.444004e-04,0.06
9.444006e-04,0.1
9.444008e-04,0.02
9.444010e-04,0.02
9.444012e-04,0.06
9.444014e-04,0.06
9.444016e-04,0.06
9.444018e-04,0.02
9.444020e-04,0.02
9.444022e-04,0.02
9.444024e-04,0.02
9.444026e-04,0.02
9.444028e-04,0.02
9.444030e-04,0.02
9.444032e-04,-0.02
9.444034e-04,0.02
9.444036e-04,-0.02
9.444038e-04,0.02
9.444040e-04,0.02
9.444042e-04,0.02
9.444044e-04,-0.02
9.444046e-04,0.02
9.444048e-04,0.02
9.444050e-04,0.02
9.444052e-04,0.02
9.444054e-04,0.02
9.444056e-04,0.02
9.444058e-04,0.02
9.444060e-04,0.02
9.444062e-04,0.02
9.444064e-04,-0.02
9.444066e-04,0.02
9.444068e-04,0.02
9.444070e-04,0.06
9.444072e-04,0.06
9.444074e-04,0.02
9.444076e-04,0.02
9.444078e-04,0.02
9.444080e-04,-0.02
9.444082e-04,-0.02
9.444084e-04,0.02
9.444086e-04,0.02
9.444088e-04,0.06
9.444090e-04,-0.02
9.444092e-04,0.06
9.444094e-04,0.02
9.444096e-04,0.02
9.444098e-04,0.06
9.444100e-04,0.06
9.444102e-04,0.06
9.444104e-04,0.06
9.444106e-04,0.06
9.444108e-04,0.02
9.444110e-04,0.06
9.444112e-04,0.02
9.444114e-04,0.02
9.444116e-04,0.02
9.444118e-04,0.02
9.444120e-04,0.02
9.444122e-04,0.06
9.444124e-04,0.02
9.444126e-04,0.02
9.444128e-04,0.02
9.444130e-04,0.02
9.444132e-04,0.02
9.444134e-04,0.06
9.444136e-04,0.06
9.444138e-04,0.02
9.444140e-04,-0.02
9.444142e-04,0.06
9.444144e-04,0.06
9.444146e-04,0.02
9.444148e-04,-0.02
9.444150e-04,0.02
9.444152e-04,0.02
9.444154e-04,0.06
9.444156e-04,0.06
9.444158e-04,0.02
9.444160e-04,0.02
9.444162e-04,0.02
9.444164e-04,0.02
9.444166e-04,0.02
9.444168e-04,0.06
9.444170e-04,0.06
9.444172e-04,0.06
9.444174e-04,0.02
9.444176e-04,0.02
9.444178e-04,0.02
9.444180e-04,0.02
9.444182e-04,-0.02
9.444184e-04,0.02
9.444186e-04,0.02
9.444188e-04,0.02
9.444190e-04,0.02
9.444192e-04,0.02
9.444194e-04,-0.02
9.444196e-04,0.02
9.444198e-04,0.02
9.444200e-04,0.06
9.444202e-04,0.02
9.444204e-04,0.02
9.444206e-04,0.02
9.444208e-04,0.02
9.444210e-04,0.1
9.444212e-04,0.02
9.444214e-04,0.06
9.444216e-04,0.02
9.444218e-04,0.02
9.444220e-04,0.02
9.444222e-04,0.02
9.444224e-04,0.06
9.444226e-04,0.02
9.444228e-04,0.02
9.444230e-04,0.06
9.444232e-04,-0.02
9.444234e-04,0.02
9.444236e-04,0.06
9.444238e-04,0.02
9.444240e-04,0.02
9.444242e-04,0.02
9.444244e-04,0.06
9.444246e-04,0.1
9.444248e-04,0.02
9.444250e-04,0.02
9.444252e-04,0.02
9.444254e-04,0.02
9.444256e-04,0.02
9.444258e-04,0.02
9.444260e-04,0.02
9.444262e-04,-0.02
9.444264e-04,0.02
9.444266e-04,0.02
9.444268e-04,-0.06
9.444270e-04,0.02
9.444272e-04,0.02
9.444274e-04,0.06
9.444276e-04,0.02
9.444278e-04,0.02
9.444280e-04,0.02
9.444282e-04,0.1
9.444284e-04,0.06
9.444286e-04,-0.02
9.444288e-04,-0.02
9.444290e-04,0.02
9.444292e-04,0.02
9.444294e-04,0.06
9.444296e-04,0.02
9.444298e-04,-0.06
9.444300e-04,-0.02
9.444302e-04,0.02
9.444304e-04,0.06
9.444306e-04,0.06
9.444308e-04,0.02
9.444310e-04,0.02
9.444312e-04,0.02
9.444314e-04,0.02
9.444316e-04,0.02
9.444318e-04,0.02
9.444320e-04,0.06
9.444322e-04,0.02
9.444324e-04,-0.02
9.444326e-04,-0.02
9.444328e-04,0.02
9.444330e-04,-0.02
9.444332e-04,-0.02
9.444334e-04,0.02
9.444336e-04,0.02
9.444338e-04,0.06
9.444340e-04,0.06
9.444342e-04,0.06
9.444344e-04,0.02
9.444346e-04,-0.02
9.444348e-04,0.02
9.444350e-04,0.02
9.444352e-04,0.02
9.444354e-04,0.02
9.444356e-04,0.02
9.444358e-04,0.06
9.444360e-04,0.02
9.444362e-04,-0.02
9.444364e-04,0.02
9.444366e-04,0.02
9.444368e-04,0.02
9.444370e-04,0.1
9.444372e-04,-0.02
9.444374e-04,0.02
9.444376e-04,0.02
9.444378e-04,0.06
9.444380e-04,0.06
9.444382e-04,0.06
9.444384e-04,-0.02
9.444386e-04,0.02
9.444388e-04,0.02
9.444390e-04,0.02
9.444392e-04,0.06
9.444394e-04,0.02
9.444396e-04,0.02
9.444398e-04,0.06
9.444400e-04,0.02
9.444402e-04,0.06
9.444404e-04,0.06
9.444406e-04,0.02
9.444408e-04,0.02
9.444410e-04,0.06
9.444412e-04,0.02
9.444414e-04,0.06
9.444416e-04,0.02
9.444418e-04,0.06
9.444420e-04,0.1
9.444422e-04,0.06
9.444424e-04,0.02
9.444426e-04,0.02
9.444428e-04,0.02
9.444430e-04,0.06
9.444432e-04,0.06
9.444434e-04,0.02
9.444436e-04,0.06
9.444438e-04,0.06
9.444440e-04,0.02
9.444442e-04,0.02
9.444444e-04,0.06
9.444446e-04,0.06
9.444448e-04,0.02
9.444450e-04,0.02
9.444452e-04,0.02
9.444454e-04,0.02
9.444456e-04,0.02
9.444458e-04,0.02
9.444460e-04,0.06
9.444462e-04,0.02
9.444464e-04,0.02
9.444466e-04,-0.02
9.444468e-04,0.02
9.444470e-04,0.02
9.444472e-04,0.02
9.444474e-04,0.02
9.444476e-04,0.02
9.444478e-04,0.02
9.444480e-04,0.02
9.444482e-04,0.02
9.444484e-04,-0.02
9.444486e-04,0.02
9.444488e-04,0.02
9.444490e-04,0.02
9.444492e-04,0.02
9.444494e-04,0.06
9.444496e-04,0.02
9.444498e-04,0.02
9.444500e-04,0.02
9.444502e-04,0.02
9.444504e-04,0.06
9.444506e-04,0.06
9.444508e-04,0.06
9.444510e-04,0.06
9.444512e-04,0.06
9.444514e-04,0.02
9.444516e-04,0.02
9.444518e-04,-0.02
9.444520e-04,0.02
9.444522e-04,0.06
9.444524e-04,0.06
9.444526e-04,0.02
9.444528e-04,0.02
9.444530e-04,0.02
9.444532e-04,-0.02
9.444534e-04,0.06
9.444536e-04,0.02
9.444538e-04,0.06
9.444540e-04,0.02
9.444542e-04,0.02
9.444544e-04,0.06
9.444546e-04,0.06
9.444548e-04,0.02
9.444550e-04,0.06
9.444552e-04,0.02
9.444554e-04,0.06
9.444556e-04,0.02
9.444558e-04,0.06
9.444560e-04,0.02
9.444562e-04,0.02
9.444564e-04,0.06
9.444566e-04,0.06
9.444568e-04,0.02
9.444570e-04,0.02
9.444572e-04,0.02
9.444574e-04,-0.02
9.444576e-04,0.02
9.444578e-04,0.06
9.444580e-04,0.06
9.444582e-04,0.02
9.444584e-04,0.02
9.444586e-04,0.02
9.444588e-04,0.02
9.444590e-04,0.02
9.444592e-04,0.02
9.444594e-04,0.06
9.444596e-04,0.02
9.444598e-04,0.02
9.444600e-04,0.02
9.444602e-04,0.06
9.444604e-04,0.02
9.444606e-04,0.02
9.444608e-04,0.02
9.444610e-04,0.02
9.444612e-04,0.02
9.444614e-04,0.02
9.444616e-04,0.02
9.444618e-04,0.02
9.444620e-04,0.06
9.444622e-04,0.02
9.444624e-04,0.02
9.444626e-04,0.02
9.444628e-04,-0.06
9.444630e-04,0.02
9.444632e-04,0.02
9.444634e-04,0.02
9.444636e-04,0.06
9.444638e-04,0.02
9.444640e-04,0.06
9.444642e-04,0.02
9.444644e-04,0.02
9.444646e-04,0.02
9.444648e-04,0.02
9.444650e-04,0.02
9.444652e-04,-0.02
9.444654e-04,0.02
9.444656e-04,0.06
9.444658e-04,0.1
9.444660e-04,0.02
9.444662e-04,0.02
9.444664e-04,0.02
9.444666e-04,-0.02
9.444668e-04,0.02
9.444670e-04,0.02
9.444672e-04,0.06
9.444674e-04,0.06
9.444676e-04,0.1
9.444678e-04,-0.02
9.444680e-04,0.02
9.444682e-04,0.1
9.444684e-04,0.06
9.444686e-04,0.06
9.444688e-04,0.06
9.444690e-04,0.02
9.444692e-04,-0.02
9.444694e-04,0.02
9.444696e-04,0.06
9.444698e-04,0.02
9.444700e-04,0.06
9.444702e-04,0.02
9.444704e-04,-0.02
9.444706e-04,0.06
9.444708e-04,0.02
9.444710e-04,0.06
9.444712e-04,0.02
9.444714e-04,0.1
9.444716e-04,0.06
9.444718e-04,0.06
9.444720e-04,0.06
9.444722e-04,0.06
9.444724e-04,0.06
9.444726e-04,0.06
9.444728e-04,0.02
9.444730e-04,0.1
9.444732e-04,0.02
9.444734e-04,0.06
9.444736e-04,0.06
9.444738e-04,0.02
9.444740e-04,0.02
9.444742e-04,0.06
9.444744e-04,0.06
9.444746e-04,0.02
9.444748e-04,-0.02
9.444750e-04,0.02
9.444752e-04,0.02
9.444754e-04,0.02
9.444756e-04,0.06
9.444758e-04,0.02
9.444760e-04,-0.02
9.444762e-04,0.02
9.444764e-04,0.06
9.444766e-04,0.02
9.444768e-04,0.02
9.444770e-04,0.06
9.444772e-04,0.02
9.444774e-04,0.02
9.444776e-04,0.02
9.444778e-04,-0.02
9.444780e-04,0.06
9.444782e-04,0.02
9.444784e-04,0.02
9.444786e-04,0.06
9.444788e-04,0.06
9.444790e-04,0.02
9.444792e-04,0.02
9.444794e-04,0.02
9.444796e-04,0.1
9.444798e-04,0.1
9.444800e-04,0.02
9.444802e-04,0.02
9.444804e-04,0.06
9.444806e-04,0.06
9.444808e-04,0.06
9.444810e-04,0.02
9.444812e-04,-0.02
9.444814e-04,0.02
9.444816e-04,0.02
9.444818e-04,0.02
9.444820e-04,0.06
9.444822e-04,0.02
9.444824e-04,0.02
9.444826e-04,0.06
9.444828e-04,0.02
9.444830e-04,0.02
9.444832e-04,0.02
9.444834e-04,0.06
9.444836e-04,0.06
9.444838e-04,0.02
9.444840e-04,0.02
9.444842e-04,0.02
9.444844e-04,0.06
9.444846e-04,0.06
9.444848e-04,0.06
9.444850e-04,0.1
9.444852e-04,0.02
9.444854e-04,0.02
9.444856e-04,0.02
9.444858e-04,0.02
9.444860e-04,-0.02
9.444862e-04,0.02
9.444864e-04,0.02
9.444866e-04,0.06
9.444868e-04,0.06
9.444870e-04,0.02
9.444872e-04,0.06
9.444874e-04,0.06
9.444876e-04,0.02
9.444878e-04,-0.02
9.444880e-04,0.02
9.444882e-04,0.02
9.444884e-04,0.06
9.444886e-04,0.06
9.444888e-04,0.02
9.444890e-04,0.06
9.444892e-04,0.02
9.444894e-04,0.06
9.444896e-04,0.02
9.444898e-04,0.02
9.444900e-04,-0.02
9.444902e-04,0.02
9.444904e-04,0.02
9.444906e-04,0.02
9.444908e-04,-0.02
9.444910e-04,0.02
9.444912e-04,0.02
9.444914e-04,0.06
9.444916e-04,0.02
9.444918e-04,-0.02
9.444920e-04,-0.02
9.444922e-04,0.02
9.444924e-04,0.06
9.444926e-04,-0.02
9.444928e-04,-0.02
9.444930e-04,-0.02
9.444932e-04,0.02
9.444934e-04,0.02
9.444936e-04,0.02
9.444938e-04,0.02
9.444940e-04,0.02
9.444942e-04,0.02
9.444944e-04,0.06
9.444946e-04,0.06
9.444948e-04,0.1
9.444950e-04,0.02
9.444952e-04,0.06
9.444954e-04,0.02
9.444956e-04,0.02
9.444958e-04,0.02
9.444960e-04,0.06
9.444962e-04,0.06
9.444964e-04,0.06
9.444966e-04,0.06
9.444968e-04,0.02
9.444970e-04,0.02
9.444972e-04,0.02
9.444974e-04,0.06
9.444976e-04,0.02
9.444978e-04,0.02
9.444980e-04,0.02
9.444982e-04,0.02
9.444984e-04,-0.02
9.444986e-04,0.02
9.444988e-04,0.02
9.444990e-04,0.06
9.444992e-04,0.06
9.444994e-04,-0.02
9.444996e-04,0.02
9.444998e-04,0.02
9.445000e-04,0.02
9.445002e-04,0.06
9.445004e-04,0.06
9.445006e-04,0.02
9.445008e-04,0.06
9.445010e-04,0.06
9.445012e-04,0.02
9.445014e-04,-0.02
9.445016e-04,0.06
9.445018e-04,0.1
9.445020e-04,0.02
9.445022e-04,0.06
9.445024e-04,0.02
9.445026e-04,0.02
9.445028e-04,0.06
9.445030e-04,0.06
9.445032e-04,0.06
9.445034e-04,0.06
9.445036e-04,0.02
9.445038e-04,0.06
9.445040e-04,0.02
9.445042e-04,-0.02
9.445044e-04,0.06
9.445046e-04,0.02
9.445048e-04,0.02
9.445050e-04,0.02
9.445052e-04,0.02
9.445054e-04,0.02
9.445056e-04,-0.02
9.445058e-04,-0.02
9.445060e-04,0.02
9.445062e-04,0.02
9.445064e-04,-0.02
9.445066e-04,0.02
9.445068e-04,0.02
9.445070e-04,0.02
9.445072e-04,0.02
9.445074e-04,0.02
9.445076e-04,0.02
9.445078e-04,-0.02
9.445080e-04,-0.02
9.445082e-04,0.02
9.445084e-04,-0.06
9.445086e-04,0.02
9.445088e-04,0.02
9.445090e-04,0.02
9.445092e-04,0.02
9.445094e-04,0.02
9.445096e-04,0.02
9.445098e-04,-0.02
9.445100e-04,-0.02
9.445102e-04,0.06
9.445104e-04,0.02
9.445106e-04,0.06
9.445108e-04,0.02
9.445110e-04,0.02
9.445112e-04,0.02
9.445114e-04,0.06
9.445116e-04,0.06
9.445118e-04,0.02
9.445120e-04,0.02
9.445122e-04,0.06
9.445124e-04,0.06
9.445126e-04,0.06
9.445128e-04,0.06
9.445130e-04,0.06
9.445132e-04,0.02
9.445134e-04,0.02
9.445136e-04,0.06
9.445138e-04,0.06
9.445140e-04,0.02
9.445142e-04,0.02
9.445144e-04,-0.02
9.445146e-04,0.02
9.445148e-04,0.06
9.445150e-04,0.06
9.445152e-04,0.06
9.445154e-04,0.02
9.445156e-04,0.02
9.445158e-04,0.06
9.445160e-04,0.06
9.445162e-04,0.02
9.445164e-04,0.02
9.445166e-04,0.02
9.445168e-04,0.02
9.445170e-04,0.06
9.445172e-04,-0.02
9.445174e-04,0.02
9.445176e-04,0.02
9.445178e-04,0.02
9.445180e-04,0.02
9.445182e-04,0.02
9.445184e-04,0.02
9.445186e-04,0.02
9.445188e-04,0.02
9.445190e-04,0.02
9.445192e-04,0.06
9.445194e-04,0.06
9.445196e-04,0.02
9.445198e-04,0.02
9.445200e-04,0.02
9.445202e-04,0.06
9.445204e-04,0.02
9.445206e-04,0.06
9.445208e-04,0.02
9.445210e-04,0.1
9.445212e-04,0.02
9.445214e-04,0.02
9.445216e-04,-0.02
9.445218e-04,0.02
9.445220e-04,0.06
9.445222e-04,0.06
9.445224e-04,0.02
9.445226e-04,0.02
9.445228e-04,0.02
9.445230e-04,0.02
9.445232e-04,0.02
9.445234e-04,0.02
9.445236e-04,0.02
9.445238e-04,0.02
9.445240e-04,0.06
9.445242e-04,0.06
9.445244e-04,0.06
9.445246e-04,0.02
9.445248e-04,0.02
9.445250e-04,0.06
9.445252e-04,0.02
9.445254e-04,0.02
9.445256e-04,0.06
9.445258e-04,-0.02
9.445260e-04,-0.02
9.445262e-04,-0.02
9.445264e-04,0.02
9.445266e-04,0.06
9.445268e-04,0.02
9.445270e-04,-0.02
9.445272e-04,-0.02
9.445274e-04,0.02
9.445276e-04,0.02
9.445278e-04,-0.02
9.445280e-04,0.02
9.445282e-04,0.02
9.445284e-04,0.02
9.445286e-04,0.06
9.445288e-04,0.06
9.445290e-04,0.02
9.445292e-04,0.06
9.445294e-04,0.02
9.445296e-04,-0.02
9.445298e-04,-0.02
9.445300e-04,0.02
9.445302e-04,0.1
9.445304e-04,0.06
9.445306e-04,0.02
9.445308e-04,0.02
9.445310e-04,0.02
9.445312e-04,0.02
9.445314e-04,-0.02
9.445316e-04,0.06
9.445318e-04,0.06
9.445320e-04,0.06
9.445322e-04,-0.02
9.445324e-04,-0.02
9.445326e-04,0.02
9.445328e-04,0.02
9.445330e-04,0.02
9.445332e-04,-0.02
9.445334e-04,0.06
9.445336e-04,0.02
9.445338e-04,0.1
9.445340e-04,0.06
9.445342e-04,0.02
9.445344e-04,0.02
9.445346e-04,0.02
9.445348e-04,0.02
9.445350e-04,0.02
9.445352e-04,0.02
9.445354e-04,0.02
9.445356e-04,0.02
9.445358e-04,0.02
9.445360e-04,-0.02
9.445362e-04,0.02
9.445364e-04,0.02
9.445366e-04,0.06
9.445368e-04,0.02
9.445370e-04,0.06
9.445372e-04,0.02
9.445374e-04,0.06
9.445376e-04,0.02
9.445378e-04,0.02
9.445380e-04,-0.02
9.445382e-04,0.02
9.445384e-04,0.02
9.445386e-04,0.02
9.445388e-04,0.02
9.445390e-04,0.02
9.445392e-04,0.06
9.445394e-04,0.06
9.445396e-04,0.06
9.445398e-04,-0.02
9.445400e-04,-0.02
9.445402e-04,0.02
9.445404e-04,0.06
9.445406e-04,0.06
9.445408e-04,0.02
9.445410e-04,0.02
9.445412e-04,0.02
9.445414e-04,0.06
9.445416e-04,0.06
9.445418e-04,0.02
9.445420e-04,0.02
9.445422e-04,0.02
9.445424e-04,-0.02
9.445426e-04,0.06
9.445428e-04,0.02
9.445430e-04,0.02
9.445432e-04,0.02
9.445434e-04,0.02
9.445436e-04,0.06
9.445438e-04,0.06
9.445440e-04,0.06
9.445442e-04,0.06
9.445444e-04,0.02
9.445446e-04,0.02
9.445448e-04,0.02
9.445450e-04,0.06
9.445452e-04,0.06
9.445454e-04,0.06
9.445456e-04,0.02
9.445458e-04,0.02
9.445460e-04,0.06
9.445462e-04,0.02
9.445464e-04,0.02
9.445466e-04,0.06
9.445468e-04,0.02
9.445470e-04,-0.02
9.445472e-04,0.02
9.445474e-04,0.06
9.445476e-04,0.06
9.445478e-04,0.06
9.445480e-04,0.02
9.445482e-04,0.06
9.445484e-04,0.02
9.445486e-04,0.06
9.445488e-04,0.02
9.445490e-04,-0.02
9.445492e-04,-0.02
9.445494e-04,-0.02
9.445496e-04,0.02
9.445498e-04,0.06
9.445500e-04,0.06
9.445502e-04,0.06
9.445504e-04,0.02
9.445506e-04,0.02
9.445508e-04,0.02
9.445510e-04,0.02
9.445512e-04,0.02
9.445514e-04,0.02
9.445516e-04,0.02
9.445518e-04,0.06
9.445520e-04,0.02
9.445522e-04,0.02
9.445524e-04,0.06
9.445526e-04,-0.02
9.445528e-04,0.02
9.445530e-04,0.06
9.445532e-04,0.02
9.445534e-04,-0.02
9.445536e-04,0.02
9.445538e-04,0.02
9.445540e-04,0.02
9.445542e-04,0.02
9.445544e-04,0.02
9.445546e-04,0.02
9.445548e-04,0.02
9.445550e-04,0.02
9.445552e-04,0.06
9.445554e-04,0.02
9.445556e-04,0.06
9.445558e-04,0.02
9.445560e-04,0.06
9.445562e-04,0.06
9.445564e-04,0.06
9.445566e-04,0.06
9.445568e-04,0.02
9.445570e-04,0.02
9.445572e-04,0.06
9.445574e-04,0.06
9.445576e-04,0.06
9.445578e-04,0.02
9.445580e-04,0.02
9.445582e-04,0.02
9.445584e-04,0.02
9.445586e-04,0.02
9.445588e-04,0.02
9.445590e-04,0.06
9.445592e-04,0.02
9.445594e-04,0.06
9.445596e-04,0.02
9.445598e-04,0.06
9.445600e-04,0.02
9.445602e-04,0.02
9.445604e-04,0.06
9.445606e-04,0.06
9.445608e-04,0.06
9.445610e-04,0.02
9.445612e-04,0.06
9.445614e-04,0.02
9.445616e-04,0.06
9.445618e-04,0.02
9.445620e-04,0.02
9.445622e-04,0.06
9.445624e-04,0.06
9.445626e-04,0.06
9.445628e-04,0.02
9.445630e-04,0.02
9.445632e-04,0.02
9.445634e-04,0.02
9.445636e-04,0.02
9.445638e-04,-0.02
9.445640e-04,0.02
9.445642e-04,0.02
9.445644e-04,0.02
9.445646e-04,-0.02
9.445648e-04,0.02
9.445650e-04,0.02
9.445652e-04,0.06
9.445654e-04,0.06
9.445656e-04,0.06
9.445658e-04,0.06
9.445660e-04,0.06
9.445662e-04,0.02
9.445664e-04,0.02
9.445666e-04,0.06
9.445668e-04,0.02
9.445670e-04,0.02
9.445672e-04,0.06
9.445674e-04,0.06
9.445676e-04,0.02
9.445678e-04,0.06
9.445680e-04,0.02
9.445682e-04,0.02
9.445684e-04,0.02
9.445686e-04,0.02
9.445688e-04,0.02
9.445690e-04,0.06
9.445692e-04,0.02
9.445694e-04,0.02
9.445696e-04,0.06
9.445698e-04,0.06
9.445700e-04,0.02
9.445702e-04,0.02
9.445704e-04,0.02
9.445706e-04,0.02
9.445708e-04,0.02
9.445710e-04,0.06
9.445712e-04,0.02
9.445714e-04,0.02
9.445716e-04,0.02
9.445718e-04,0.06
9.445720e-04,0.02
9.445722e-04,0.06
9.445724e-04,0.02
9.445726e-04,0.02
9.445728e-04,0.02
9.445730e-04,0.06
9.445732e-04,-0.02
9.445734e-04,0.02
9.445736e-04,0.02
9.445738e-04,0.02
9.445740e-04,0.06
9.445742e-04,0.02
9.445744e-04,0.02
9.445746e-04,0.02
9.445748e-04,0.06
9.445750e-04,0.1
9.445752e-04,0.02
9.445754e-04,0.06
9.445756e-04,0.02
9.445758e-04,0.1
9.445760e-04,0.06
9.445762e-04,0.02
9.445764e-04,0.02
9.445766e-04,0.02
9.445768e-04,0.02
9.445770e-04,0.02
9.445772e-04,0.02
9.445774e-04,0.06
9.445776e-04,0.02
9.445778e-04,0.1
9.445780e-04,0.06
9.445782e-04,0.06
9.445784e-04,0.02
9.445786e-04,0.06
9.445788e-04,0.06
9.445790e-04,0.1
9.445792e-04,0.02
9.445794e-04,0.06
9.445796e-04,0.02
9.445798e-04,0.02
9.445800e-04,0.02
9.445802e-04,0.06
9.445804e-04,0.02
9.445806e-04,0.02
9.445808e-04,0.02
9.445810e-04,0.06
9.445812e-04,0.02
9.445814e-04,0.06
9.445816e-04,0.02
9.445818e-04,0.02
9.445820e-04,-0.02
9.445822e-04,0.02
9.445824e-04,0.02
9.445826e-04,0.02
9.445828e-04,0.06
9.445830e-04,0.06
9.445832e-04,0.02
9.445834e-04,0.06
9.445836e-04,0.02
9.445838e-04,-0.02
9.445840e-04,-0.06
9.445842e-04,0.02
9.445844e-04,-0.02
9.445846e-04,0.02
9.445848e-04,-0.02
9.445850e-04,0.02
9.445852e-04,0.02
9.445854e-04,0.02
9.445856e-04,0.02
9.445858e-04,0.06
9.445860e-04,0.06
9.445862e-04,0.02
9.445864e-04,0.02
9.445866e-04,-0.02
9.445868e-04,0.02
9.445870e-04,0.02
9.445872e-04,0.02
9.445874e-04,-0.02
9.445876e-04,0.02
9.445878e-04,0.06
9.445880e-04,0.06
9.445882e-04,0.02
9.445884e-04,0.06
9.445886e-04,0.02
9.445888e-04,0.02
9.445890e-04,0.02
9.445892e-04,0.02
9.445894e-04,0.02
9.445896e-04,0.06
9.445898e-04,-0.02
9.445900e-04,0.02
9.445902e-04,0.02
9.445904e-04,0.06
9.445906e-04,0.06
9.445908e-04,0.06
9.445910e-04,0.06
9.445912e-04,0.1
9.445914e-04,0.06
9.445916e-04,0.06
9.445918e-04,0.02
9.445920e-04,0.02
9.445922e-04,0.02
9.445924e-04,0.06
9.445926e-04,0.1
9.445928e-04,0.02
9.445930e-04,0.02
9.445932e-04,0.02
9.445934e-04,0.02
9.445936e-04,0.06
9.445938e-04,-0.02
9.445940e-04,0.02
9.445942e-04,0.02
9.445944e-04,0.06
9.445946e-04,0.06
9.445948e-04,0.06
9.445950e-04,0.02
9.445952e-04,0.02
9.445954e-04,0.02
9.445956e-04,0.02
9.445958e-04,-0.02
9.445960e-04,0.02
9.445962e-04,0.06
9.445964e-04,0.02
9.445966e-04,0.06
9.445968e-04,0.06
9.445970e-04,0.02
9.445972e-04,0.02
9.445974e-04,0.02
9.445976e-04,0.02
9.445978e-04,0.02
9.445980e-04,0.02
9.445982e-04,0.02
9.445984e-04,-0.02
9.445986e-04,0.02
9.445988e-04,-0.02
9.445990e-04,0.02
9.445992e-04,0.02
9.445994e-04,0.06
9.445996e-04,0.02
9.445998e-04,-0.02
9.446000e-04,0.02
9.446002e-04,0.02
9.446004e-04,0.02
9.446006e-04,0.02
9.446008e-04,-0.02
9.446010e-04,-0.02
9.446012e-04,-0.02
9.446014e-04,0.06
9.446016e-04,0.06
9.446018e-04,0.02
9.446020e-04,0.02
9.446022e-04,0.02
9.446024e-04,0.02
9.446026e-04,0.02
9.446028e-04,0.02
9.446030e-04,0.06
9.446032e-04,0.02
9.446034e-04,0.02
9.446036e-04,0.02
9.446038e-04,-0.02
9.446040e-04,-0.02
9.446042e-04,0.02
9.446044e-04,0.02
9.446046e-04,0.02
9.446048e-04,0.02
9.446050e-04,0.02
9.446052e-04,0.02
9.446054e-04,0.06
9.446056e-04,-0.02
9.446058e-04,0.06
9.446060e-04,0.06
9.446062e-04,0.06
9.446064e-04,0.02
9.446066e-04,0.06
9.446068e-04,0.06
9.446070e-04,0.06
9.446072e-04,0.02
9.446074e-04,-0.02
9.446076e-04,0.02
9.446078e-04,0.02
9.446080e-04,0.02
9.446082e-04,0.02
9.446084e-04,0.06
9.446086e-04,0.06
9.446088e-04,0.02
9.446090e-04,-0.02
9.446092e-04,-0.02
9.446094e-04,-0.02
9.446096e-04,0.02
9.446098e-04,0.02
9.446100e-04,0.06
9.446102e-04,0.06
9.446104e-04,0.02
9.446106e-04,0.02
9.446108e-04,0.06
9.446110e-04,0.06
9.446112e-04,0.02
9.446114e-04,0.02
9.446116e-04,0.02
9.446118e-04,0.02
9.446120e-04,-0.02
9.446122e-04,0.02
9.446124e-04,0.06
9.446126e-04,-0.02
9.446128e-04,0.06
9.446130e-04,-0.02
9.446132e-04,-0.02
9.446134e-04,0.02
9.446136e-04,0.02
9.446138e-04,0.02
9.446140e-04,0.02
9.446142e-04,0.02
9.446144e-04,0.02
9.446146e-04,0.06
9.446148e-04,0.06
9.446150e-04,0.06
9.446152e-04,0.02
9.446154e-04,0.06
9.446156e-04,0.02
9.446158e-04,0.02
9.446160e-04,0.06
9.446162e-04,0.06
9.446164e-04,0.06
9.446166e-04,0.06
9.446168e-04,0.02
9.446170e-04,0.1
9.446172e-04,0.06
9.446174e-04,0.06
9.446176e-04,-0.02
9.446178e-04,0.02
9.446180e-04,0.06
9.446182e-04,0.02
9.446184e-04,0.06
9.446186e-04,0.02
9.446188e-04,0.06
9.446190e-04,0.06
9.446192e-04,0.06
9.446194e-04,0.02
9.446196e-04,0.02
9.446198e-04,0.06
9.446200e-04,0.02
9.446202e-04,0.02
9.446204e-04,0.02
9.446206e-04,0.02
9.446208e-04,0.02
9.446210e-04,-0.02
9.446212e-04,0.02
9.446214e-04,0.06
9.446216e-04,0.02
9.446218e-04,0.06
9.446220e-04,0.02
9.446222e-04,0.02
9.446224e-04,0.02
9.446226e-04,0.06
9.446228e-04,0.02
9.446230e-04,0.02
9.446232e-04,0.02
9.446234e-04,0.02
9.446236e-04,0.06
9.446238e-04,0.06
9.446240e-04,0.02
9.446242e-04,0.02
9.446244e-04,0.02
9.446246e-04,0.06
9.446248e-04,-0.02
9.446250e-04,0.02
9.446252e-04,0.06
9.446254e-04,0.1
9.446256e-04,0.02
9.446258e-04,0.06
9.446260e-04,0.02
9.446262e-04,0.02
9.446264e-04,0.06
9.446266e-04,0.02
9.446268e-04,0.02
9.446270e-04,0.06
9.446272e-04,0.02
9.446274e-04,0.1
9.446276e-04,0.02
9.446278e-04,0.02
9.446280e-04,0.02
9.446282e-04,0.06
9.446284e-04,0.02
9.446286e-04,0.06
9.446288e-04,0.02
9.446290e-04,0.02
9.446292e-04,0.02
9.446294e-04,0.06
9.446296e-04,0.02
9.446298e-04,0.02
9.446300e-04,0.02
9.446302e-04,-0.02
9.446304e-04,-0.02
9.446306e-04,0.02
9.446308e-04,0.06
9.446310e-04,-0.02
9.446312e-04,0.02
9.446314e-04,0.1
9.446316e-04,0.02
9.446318e-04,0.02
9.446320e-04,0.02
9.446322e-04,0.02
9.446324e-04,0.06
9.446326e-04,0.02
9.446328e-04,-0.02
9.446330e-04,0.02
9.446332e-04,0.02
9.446334e-04,0.1
9.446336e-04,0.02
9.446338e-04,0.06
9.446340e-04,0.02
9.446342e-04,0.02
9.446344e-04,0.02
9.446346e-04,0.02
9.446348e-04,0.06
9.446350e-04,0.06
9.446352e-04,0.02
9.446354e-04,0.02
9.446356e-04,0.02
9.446358e-04,0.06
9.446360e-04,0.02
9.446362e-04,0.06
9.446364e-04,0.02
9.446366e-04,0.02
9.446368e-04,0.02
9.446370e-04,0.06
9.446372e-04,0.02
9.446374e-04,0.02
9.446376e-04,0.02
9.446378e-04,0.02
9.446380e-04,0.02
9.446382e-04,0.02
9.446384e-04,0.02
9.446386e-04,0.02
9.446388e-04,0.02
9.446390e-04,0.02
9.446392e-04,0.06
9.446394e-04,0.1
9.446396e-04,0.06
9.446398e-04,0.02
9.446400e-04,-0.02
9.446402e-04,0.06
9.446404e-04,0.02
9.446406e-04,0.06
9.446408e-04,0.02
9.446410e-04,0.02
9.446412e-04,0.02
9.446414e-04,0.02
9.446416e-04,0.02
9.446418e-04,-0.02
9.446420e-04,0.02
9.446422e-04,0.02
9.446424e-04,0.06
9.446426e-04,0.02
9.446428e-04,0.06
9.446430e-04,0.02
9.446432e-04,-0.02
9.446434e-04,0.02
9.446436e-04,0.06
9.446438e-04,0.02
9.446440e-04,0.02
9.446442e-04,0.02
9.446444e-04,0.02
9.446446e-04,0.06
9.446448e-04,0.02
9.446450e-04,-0.02
9.446452e-04,0.06
9.446454e-04,0.02
9.446456e-04,0.02
9.446458e-04,0.02
9.446460e-04,0.02
9.446462e-04,0.06
9.446464e-04,0.06
9.446466e-04,0.02
9.446468e-04,0.02
9.446470e-04,0.02
9.446472e-04,0.06
9.446474e-04,0.02
9.446476e-04,0.06
9.446478e-04,-0.02
9.446480e-04,0.02
9.446482e-04,0.06
9.446484e-04,0.02
9.446486e-04,0.02
9.446488e-04,0.06
9.446490e-04,0.02
9.446492e-04,0.02
9.446494e-04,0.02
9.446496e-04,0.06
9.446498e-04,0.06
9.446500e-04,0.06
9.446502e-04,0.1
9.446504e-04,0.02
9.446506e-04,-0.02
9.446508e-04,0.06
9.446510e-04,0.06
9.446512e-04,0.02
9.446514e-04,0.06
9.446516e-04,0.06
9.446518e-04,0.1
9.446520e-04,0.02
9.446522e-04,-0.02
9.446524e-04,0.02
9.446526e-04,0.02
9.446528e-04,0.06
9.446530e-04,-0.02
9.446532e-04,0.02
9.446534e-04,0.02
9.446536e-04,0.06
9.446538e-04,-0.02
9.446540e-04,0.02
9.446542e-04,0.06
9.446544e-04,0.02
9.446546e-04,0.06
9.446548e-04,0.02
9.446550e-04,0.02
9.446552e-04,-0.02
9.446554e-04,0.02
9.446556e-04,-0.02
9.446558e-04,-0.02
9.446560e-04,0.02
9.446562e-04,0.1
9.446564e-04,0.06
9.446566e-04,0.02
9.446568e-04,-0.02
9.446570e-04,0.02
9.446572e-04,0.02
9.446574e-04,0.02
9.446576e-04,0.06
9.446578e-04,0.02
9.446580e-04,0.06
9.446582e-04,0.02
9.446584e-04,0.02
9.446586e-04,0.02
9.446588e-04,-0.02
9.446590e-04,0.02
9.446592e-04,0.02
9.446594e-04,0.02
9.446596e-04,0.02
9.446598e-04,0.02
9.446600e-04,-0.02
9.446602e-04,0.06
9.446604e-04,0.06
9.446606e-04,-0.02
9.446608e-04,0.02
9.446610e-04,0.02
9.446612e-04,0.02
9.446614e-04,0.02
9.446616e-04,0.02
9.446618e-04,0.02
9.446620e-04,0.02
9.446622e-04,-0.02
9.446624e-04,0.02
9.446626e-04,0.02
9.446628e-04,0.02
9.446630e-04,0.02
9.446632e-04,0.02
9.446634e-04,0.02
9.446636e-04,0.06
9.446638e-04,0.02
9.446640e-04,0.06
9.446642e-04,0.06
9.446644e-04,0.02
9.446646e-04,0.06
9.446648e-04,0.02
9.446650e-04,0.02
9.446652e-04,0.02
9.446654e-04,0.02
9.446656e-04,0.02
9.446658e-04,0.06
9.446660e-04,-0.02
9.446662e-04,0.02
9.446664e-04,0.06
9.446666e-04,0.06
9.446668e-04,0.02
9.446670e-04,0.02
9.446672e-04,0.06
9.446674e-04,-0.02
9.446676e-04,0.02
9.446678e-04,0.06
9.446680e-04,0.02
9.446682e-04,0.02
9.446684e-04,0.02
9.446686e-04,-0.02
9.446688e-04,0.06
9.446690e-04,0.02
9.446692e-04,0.02
9.446694e-04,0.06
9.446696e-04,0.02
9.446698e-04,0.06
9.446700e-04,-0.02
9.446702e-04,0.02
9.446704e-04,0.02
9.446706e-04,0.02
9.446708e-04,0.06
9.446710e-04,0.06
9.446712e-04,0.02
9.446714e-04,0.02
9.446716e-04,-0.02
9.446718e-04,-0.02
9.446720e-04,0.06
9.446722e-04,0.06
9.446724e-04,0.02
9.446726e-04,0.06
9.446728e-04,0.06
9.446730e-04,0.1
9.446732e-04,0.02
9.446734e-04,0.06
9.446736e-04,0.02
9.446738e-04,0.02
9.446740e-04,-0.02
9.446742e-04,0.02
9.446744e-04,0.02
9.446746e-04,0.02
9.446748e-04,0.06
9.446750e-04,0.06
9.446752e-04,0.06
9.446754e-04,0.02
9.446756e-04,0.02
9.446758e-04,0.02
9.446760e-04,0.02
9.446762e-04,-0.02
9.446764e-04,0.02
9.446766e-04,0.02
9.446768e-04,-0.02
9.446770e-04,0.06
9.446772e-04,0.1
9.446774e-04,0.06
9.446776e-04,0.02
9.446778e-04,0.02
9.446780e-04,0.02
9.446782e-04,0.02
9.446784e-04,-0.02
9.446786e-04,0.02
9.446788e-04,0.02
9.446790e-04,0.02
9.446792e-04,0.02
9.446794e-04,0.02
9.446796e-04,0.02
9.446798e-04,0.06
9.446800e-04,0.06
9.446802e-04,0.02
9.446804e-04,-0.02
9.446806e-04,0.06
9.446808e-04,0.02
9.446810e-04,0.02
9.446812e-04,0.06
9.446814e-04,0.02
9.446816e-04,0.02
9.446818e-04,0.02
9.446820e-04,0.06
9.446822e-04,0.06
9.446824e-04,0.06
9.446826e-04,-0.02
9.446828e-04,-0.02
9.446830e-04,0.06
9.446832e-04,0.06
9.446834e-04,0.06
9.446836e-04,0.02
9.446838e-04,0.02
9.446840e-04,0.02
9.446842e-04,0.06
9.446844e-04,0.02
9.446846e-04,0.02
9.446848e-04,0.02
9.446850e-04,0.02
9.446852e-04,0.02
9.446854e-04,0.02
9.446856e-04,0.06
9.446858e-04,0.06
9.446860e-04,0.02
9.446862e-04,0.02
9.446864e-04,0.06
9.446866e-04,0.02
9.446868e-04,0.02
9.446870e-04,0.02
9.446872e-04,0.02
9.446874e-04,0.06
9.446876e-04,0.02
9.446878e-04,0.02
9.446880e-04,0.02
9.446882e-04,0.02
9.446884e-04,0.02
9.446886e-04,0.02
9.446888e-04,-0.02
9.446890e-04,0.02
9.446892e-04,0.02
9.446894e-04,0.06
9.446896e-04,0.02
9.446898e-04,-0.02
9.446900e-04,0.02
9.446902e-04,0.06
9.446904e-04,0.02
9.446906e-04,0.06
9.446908e-04,0.02
9.446910e-04,0.06
9.446912e-04,0.02
9.446914e-04,0.06
9.446916e-04,0.06
9.446918e-04,0.06
9.446920e-04,0.02
9.446922e-04,0.06
9.446924e-04,0.02
9.446926e-04,0.02
9.446928e-04,0.06
9.446930e-04,0.02
9.446932e-04,0.06
9.446934e-04,0.06
9.446936e-04,0.06
9.446938e-04,0.06
9.446940e-04,-0.02
9.446942e-04,0.06
9.446944e-04,-0.02
9.446946e-04,-0.02
9.446948e-04,0.02
9.446950e-04,0.1
9.446952e-04,0.06
9.446954e-04,0.1
9.446956e-04,0.02
9.446958e-04,0.02
9.446960e-04,0.06
9.446962e-04,0.02
9.446964e-04,0.02
9.446966e-04,0.06
9.446968e-04,0.02
9.446970e-04,0.06
9.446972e-04,0.02
9.446974e-04,0.06
9.446976e-04,0.06
9.446978e-04,0.06
9.446980e-04,0.02
9.446982e-04,0.02
9.446984e-04,0.06
9.446986e-04,0.02
9.446988e-04,-0.02
9.446990e-04,0.06
9.446992e-04,0.02
9.446994e-04,0.06
9.446996e-04,0.06
9.446998e-04,0.06
9.447000e-04,0.02
9.447002e-04,0.06
9.447004e-04,0.02
9.447006e-04,0.02
9.447008e-04,0.02
9.447010e-04,0.02
9.447012e-04,0.02
9.447014e-04,0.06
9.447016e-04,0.02
9.447018e-04,0.06
9.447020e-04,0.02
9.447022e-04,0.02
9.447024e-04,0.02
9.447026e-04,0.02
9.447028e-04,-0.02
9.447030e-04,0.02
9.447032e-04,0.02
9.447034e-04,0.06
9.447036e-04,0.02
9.447038e-04,0.06
9.447040e-04,0.06
9.447042e-04,0.06
9.447044e-04,0.06
9.447046e-04,0.06
9.447048e-04,0.06
9.447050e-04,0.02
9.447052e-04,0.02
9.447054e-04,0.02
9.447056e-04,0.02
9.447058e-04,0.02
9.447060e-04,0.02
9.447062e-04,0.02
9.447064e-04,0.02
9.447066e-04,0.02
9.447068e-04,0.02
9.447070e-04,0.02
9.447072e-04,0.02
9.447074e-04,0.06
9.447076e-04,0.02
9.447078e-04,-0.02
9.447080e-04,0.02
9.447082e-04,0.02
9.447084e-04,0.02
9.447086e-04,0.06
9.447088e-04,0.06
9.447090e-04,-0.02
9.447092e-04,0.06
9.447094e-04,0.02
9.447096e-04,0.02
9.447098e-04,-0.02
9.447100e-04,-0.02
9.447102e-04,0.02
9.447104e-04,0.02
9.447106e-04,0.06
9.447108e-04,0.02
9.447110e-04,0.06
9.447112e-04,0.06
9.447114e-04,0.02
9.447116e-04,0.02
9.447118e-04,0.02
9.447120e-04,-0.02
9.447122e-04,0.06
9.447124e-04,0.02
9.447126e-04,0.06
9.447128e-04,0.02
9.447130e-04,0.02
9.447132e-04,0.02
9.447134e-04,0.06
9.447136e-04,0.06
9.447138e-04,-0.02
9.447140e-04,0.02
9.447142e-04,0.02
9.447144e-04,0.02
9.447146e-04,-0.02
9.447148e-04,-0.02
9.447150e-04,0.1
9.447152e-04,0.02
9.447154e-04,0.02
9.447156e-04,0.06
9.447158e-04,0.02
9.447160e-04,-0.02
9.447162e-04,0.06
9.447164e-04,0.02
9.447166e-04,-0.02
9.447168e-04,-0.02
9.447170e-04,0.1
9.447172e-04,0.02
9.447174e-04,0.06
9.447176e-04,0.06
9.447178e-04,0.06
9.447180e-04,0.02
9.447182e-04,0.02
9.447184e-04,0.02
9.447186e-04,0.02
9.447188e-04,0.06
9.447190e-04,0.06
9.447192e-04,0.02
9.447194e-04,0.06
9.447196e-04,0.06
9.447198e-04,0.06
9.447200e-04,0.06
9.447202e-04,0.06
9.447204e-04,0.02
9.447206e-04,0.06
9.447208e-04,-0.02
9.447210e-04,0.02
9.447212e-04,0.02
9.447214e-04,0.02
9.447216e-04,0.02
9.447218e-04,0.02
9.447220e-04,0.02
9.447222e-04,0.02
9.447224e-04,0.02
9.447226e-04,0.06
9.447228e-04,0.02
9.447230e-04,0.02
9.447232e-04,0.02
9.447234e-04,0.02
9.447236e-04,0.02
9.447238e-04,0.02
9.447240e-04,0.06
9.447242e-04,0.06
9.447244e-04,0.02
9.447246e-04,0.02
9.447248e-04,0.06
9.447250e-04,0.06
9.447252e-04,0.02
9.447254e-04,0.02
9.447256e-04,0.02
9.447258e-04,0.02
9.447260e-04,0.02
9.447262e-04,0.06
9.447264e-04,0.06
9.447266e-04,0.06
9.447268e-04,0.02
9.447270e-04,0.02
9.447272e-04,-0.02
9.447274e-04,0.02
9.447276e-04,0.06
9.447278e-04,0.02
9.447280e-04,0.02
9.447282e-04,0.06
9.447284e-04,0.02
9.447286e-04,-0.02
9.447288e-04,0.02
9.447290e-04,0.02
9.447292e-04,-0.02
9.447294e-04,0.02
9.447296e-04,0.02
9.447298e-04,0.02
9.447300e-04,0.02
9.447302e-04,0.02
9.447304e-04,0.02
9.447306e-04,0.06
9.447308e-04,0.02
9.447310e-04,0.02
9.447312e-04,-0.02
9.447314e-04,0.02
9.447316e-04,0.02
9.447318e-04,0.02
9.447320e-04,0.02
9.447322e-04,0.02
9.447324e-04,0.02
9.447326e-04,0.02
9.447328e-04,0.02
9.447330e-04,0.06
9.447332e-04,0.06
9.447334e-04,0.06
9.447336e-04,0.06
9.447338e-04,0.1
9.447340e-04,0.06
9.447342e-04,0.06
9.447344e-04,0.06
9.447346e-04,0.02
9.447348e-04,0.02
9.447350e-04,0.06
9.447352e-04,-0.02
9.447354e-04,0.06
9.447356e-04,0.02
9.447358e-04,0.06
9.447360e-04,0.02
9.447362e-04,0.02
9.447364e-04,0.06
9.447366e-04,0.06
9.447368e-04,0.06
9.447370e-04,0.02
9.447372e-04,0.02
9.447374e-04,-0.02
9.447376e-04,0.06
9.447378e-04,0.06
9.447380e-04,0.06
9.447382e-04,-0.02
9.447384e-04,0.02
9.447386e-04,0.02
9.447388e-04,0.06
9.447390e-04,0.06
9.447392e-04,0.06
9.447394e-04,0.02
9.447396e-04,-0.02
9.447398e-04,0.06
9.447400e-04,0.1
9.447402e-04,0.02
9.447404e-04,0.02
9.447406e-04,0.06
9.447408e-04,0.02
9.447410e-04,0.02
9.447412e-04,0.02
9.447414e-04,-0.02
9.447416e-04,0.02
9.447418e-04,0.02
9.447420e-04,-0.02
9.447422e-04,0.06
9.447424e-04,0.02
9.447426e-04,0.02
9.447428e-04,-0.02
9.447430e-04,0.02
9.447432e-04,0.02
9.447434e-04,0.02
9.447436e-04,0.06
9.447438e-04,0.02
9.447440e-04,0.02
9.447442e-04,0.06
9.447444e-04,0.06
9.447446e-04,0.06
9.447448e-04,0.02
9.447450e-04,-0.02
9.447452e-04,0.02
9.447454e-04,0.02
9.447456e-04,0.06
9.447458e-04,0.06
9.447460e-04,0.06
9.447462e-04,0.06
9.447464e-04,0.02
9.447466e-04,0.02
9.447468e-04,0.02
9.447470e-04,0.02
9.447472e-04,0.02
9.447474e-04,0.02
9.447476e-04,0.02
9.447478e-04,-0.02
9.447480e-04,0.02
9.447482e-04,0.02
9.447484e-04,0.06
9.447486e-04,-0.02
9.447488e-04,0.02
9.447490e-04,0.02
9.447492e-04,0.02
9.447494e-04,-0.02
9.447496e-04,0.02
9.447498e-04,0.02
9.447500e-04,0.1
9.447502e-04,0.1
9.447504e-04,0.02
9.447506e-04,-0.02
9.447508e-04,0.02
9.447510e-04,0.02
9.447512e-04,0.02
9.447514e-04,0.02
9.447516e-04,0.1
9.447518e-04,0.06
9.447520e-04,0.02
9.447522e-04,-0.02
9.447524e-04,0.02
9.447526e-04,0.02
9.447528e-04,0.06
9.447530e-04,0.02
9.447532e-04,0.06
9.447534e-04,0.1
9.447536e-04,0.06
9.447538e-04,0.06
9.447540e-04,0.02
9.447542e-04,0.06
9.447544e-04,0.02
9.447546e-04,0.06
9.447548e-04,0.06
9.447550e-04,-0.02
9.447552e-04,0.06
9.447554e-04,0.02
9.447556e-04,0.02
9.447558e-04,0.02
9.447560e-04,0.06
9.447562e-04,0.02
9.447564e-04,0.02
9.447566e-04,-0.02
9.447568e-04,0.02
9.447570e-04,0.02
9.447572e-04,0.02
9.447574e-04,0.06
9.447576e-04,0.06
9.447578e-04,0.06
9.447580e-04,0.02
9.447582e-04,0.06
9.447584e-04,0.06
9.447586e-04,0.06
9.447588e-04,0.06
9.447590e-04,0.02
9.447592e-04,0.06
9.447594e-04,0.06
9.447596e-04,0.06
9.447598e-04,0.02
9.447600e-04,0.02
9.447602e-04,-0.02
9.447604e-04,0.02
9.447606e-04,-0.02
9.447608e-04,0.02
9.447610e-04,-0.02
9.447612e-04,0.02
9.447614e-04,0.02
9.447616e-04,-0.02
9.447618e-04,0.02
9.447620e-04,-0.02
9.447622e-04,-0.02
9.447624e-04,0.02
9.447626e-04,0.02
9.447628e-04,-0.06
9.447630e-04,-0.02
9.447632e-04,0.02
9.447634e-04,0.02
9.447636e-04,0.02
9.447638e-04,0.1
9.447640e-04,0.06
9.447642e-04,0.02
9.447644e-04,0.02
9.447646e-04,0.06
9.447648e-04,0.02
9.447650e-04,0.06
9.447652e-04,0.02
9.447654e-04,0.02
9.447656e-04,0.02
9.447658e-04,0.02
9.447660e-04,0.02
9.447662e-04,0.02
9.447664e-04,0.06
9.447666e-04,0.02
9.447668e-04,0.02
9.447670e-04,-0.02
9.447672e-04,0.06
9.447674e-04,0.02
9.447676e-04,0.02
9.447678e-04,0.02
9.447680e-04,0.02
9.447682e-04,0.02
9.447684e-04,0.02
9.447686e-04,0.06
9.447688e-04,0.02
9.447690e-04,0.06
9.447692e-04,0.02
9.447694e-04,0.02
9.447696e-04,0.02
9.447698e-04,0.06
9.447700e-04,0.02
9.447702e-04,0.02
9.447704e-04,0.02
9.447706e-04,-0.02
9.447708e-04,0.02
9.447710e-04,0.02
9.447712e-04,0.06
9.447714e-04,-0.02
9.447716e-04,0.06
9.447718e-04,0.06
9.447720e-04,0.02
9.447722e-04,0.06
9.447724e-04,0.02
9.447726e-04,0.1
9.447728e-04,0.06
9.447730e-04,0.06
9.447732e-04,0.06
9.447734e-04,0.06
9.447736e-04,0.02
9.447738e-04,0.02
9.447740e-04,0.06
9.447742e-04,0.02
9.447744e-04,0.06
9.447746e-04,0.06
9.447748e-04,0.02
9.447750e-04,0.02
9.447752e-04,0.06
9.447754e-04,-0.02
9.447756e-04,-0.02
9.447758e-04,-0.02
9.447760e-04,0.02
9.447762e-04,0.02
9.447764e-04,0.02
9.447766e-04,0.06
9.447768e-04,0.02
9.447770e-04,0.02
9.447772e-04,0.02
9.447774e-04,0.02
9.447776e-04,0.02
9.447778e-04,0.02
9.447780e-04,0.02
9.447782e-04,0.02
9.447784e-04,0.02
9.447786e-04,0.06
9.447788e-04,0.02
9.447790e-04,0.02
9.447792e-04,0.02
9.447794e-04,0.06
9.447796e-04,0.02
9.447798e-04,0.02
9.447800e-04,0.02
9.447802e-04,0.02
9.447804e-04,0.02
9.447806e-04,0.06
9.447808e-04,0.02
9.447810e-04,0.02
9.447812e-04,0.02
9.447814e-04,0.02
9.447816e-04,0.02
9.447818e-04,0.1
9.447820e-04,0.02
9.447822e-04,0.02
9.447824e-04,0.06
9.447826e-04,0.02
9.447828e-04,0.06
9.447830e-04,0.02
9.447832e-04,0.02
9.447834e-04,0.02
9.447836e-04,0.06
9.447838e-04,0.02
9.447840e-04,-0.02
9.447842e-04,-0.02
9.447844e-04,0.1
9.447846e-04,0.02
9.447848e-04,0.06
9.447850e-04,0.06
9.447852e-04,0.02
9.447854e-04,0.06
9.447856e-04,0.02
9.447858e-04,0.02
9.447860e-04,0.06
9.447862e-04,0.06
9.447864e-04,0.02
9.447866e-04,0.02
9.447868e-04,0.02
9.447870e-04,0.06
9.447872e-04,0.02
9.447874e-04,0.02
9.447876e-04,0.02
9.447878e-04,0.1
9.447880e-04,0.1
9.447882e-04,0.06
9.447884e-04,0.02
9.447886e-04,-0.02
9.447888e-04,0.02
9.447890e-04,0.02
9.447892e-04,0.02
9.447894e-04,0.06
9.447896e-04,0.02
9.447898e-04,0.02
9.447900e-04,0.02
9.447902e-04,0.02
9.447904e-04,0.02
9.447906e-04,0.06
9.447908e-04,0.02
9.447910e-04,0.02
9.447912e-04,0.06
9.447914e-04,0.02
9.447916e-04,0.02
9.447918e-04,0.06
9.447920e-04,0.02
9.447922e-04,0.06
9.447924e-04,-0.02
9.447926e-04,0.02
9.447928e-04,0.02
9.447930e-04,0.02
9.447932e-04,0.02
9.447934e-04,-0.02
9.447936e-04,0.02
9.447938e-04,-0.02
9.447940e-04,0.02
9.447942e-04,-0.02
9.447944e-04,0.02
9.447946e-04,0.02
9.447948e-04,0.02
9.447950e-04,0.02
9.447952e-04,0.02
9.447954e-04,-0.02
9.447956e-04,-0.02
9.447958e-04,0.06
9.447960e-04,0.02
9.447962e-04,0.02
9.447964e-04,0.02
9.447966e-04,0.06
9.447968e-04,0.02
9.447970e-04,0.02
9.447972e-04,0.02
9.447974e-04,0.06
9.447976e-04,0.02
9.447978e-04,0.02
9.447980e-04,-0.02
9.447982e-04,0.02
9.447984e-04,0.06
9.447986e-04,0.1
9.447988e-04,0.06
9.447990e-04,-0.02
9.447992e-04,0.02
9.447994e-04,0.02
9.447996e-04,0.02
9.447998e-04,0.02
9.448000e-04,0.02
9.448002e-04,0.02
9.448004e-04,0.06
9.448006e-04,0.06
9.448008e-04,0.06
9.448010e-04,0.02
9.448012e-04,0.02
9.448014e-04,0.02
9.448016e-04,0.02
9.448018e-04,0.02
9.448020e-04,-0.02
9.448022e-04,0.02
9.448024e-04,0.02
9.448026e-04,0.02
9.448028e-04,0.02
9.448030e-04,0.06
9.448032e-04,0.02
9.448034e-04,0.06
9.448036e-04,0.02
9.448038e-04,0.02
9.448040e-04,0.02
9.448042e-04,0.02
9.448044e-04,0.02
9.448046e-04,0.06
9.448048e-04,0.02
9.448050e-04,0.06
9.448052e-04,0.06
9.448054e-04,0.06
9.448056e-04,0.02
9.448058e-04,0.02
9.448060e-04,0.02
9.448062e-04,0.02
9.448064e-04,0.02
9.448066e-04,-0.02
9.448068e-04,-0.02
9.448070e-04,0.02
9.448072e-04,0.06
9.448074e-04,0.02
9.448076e-04,0.02
9.448078e-04,0.02
9.448080e-04,0.02
9.448082e-04,0.02
9.448084e-04,0.02
9.448086e-04,0.02
9.448088e-04,0.06
9.448090e-04,0.02
9.448092e-04,-0.02
9.448094e-04,0.02
9.448096e-04,0.06
9.448098e-04,0.1
9.448100e-04,0.02
9.448102e-04,0.06
9.448104e-04,0.02
9.448106e-04,0.06
9.448108e-04,0.02
9.448110e-04,0.02
9.448112e-04,-0.02
9.448114e-04,0.06
9.448116e-04,0.02
9.448118e-04,-0.02
9.448120e-04,0.02
9.448122e-04,0.06
9.448124e-04,0.02
9.448126e-04,0.02
9.448128e-04,0.02
9.448130e-04,0.02
9.448132e-04,0.02
9.448134e-04,0.02
9.448136e-04,0.02
9.448138e-04,0.02
9.448140e-04,0.06
9.448142e-04,0.02
9.448144e-04,0.02
9.448146e-04,0.02
9.448148e-04,0.02
9.448150e-04,0.06
9.448152e-04,0.02
9.448154e-04,0.02
9.448156e-04,-0.02
9.448158e-04,0.02
9.448160e-04,0.02
9.448162e-04,0.1
9.448164e-04,0.06
9.448166e-04,0.02
9.448168e-04,0.02
9.448170e-04,0.06
9.448172e-04,0.06
9.448174e-04,0.06
9.448176e-04,0.02
9.448178e-04,0.02
9.448180e-04,0.02
9.448182e-04,0.02
9.448184e-04,0.02
9.448186e-04,0.06
9.448188e-04,0.02
9.448190e-04,0.02
9.448192e-04,0.02
9.448194e-04,0.06
9.448196e-04,0.02
9.448198e-04,0.02
9.448200e-04,0.1
9.448202e-04,0.06
9.448204e-04,0.02
9.448206e-04,0.02
9.448208e-04,0.06
9.448210e-04,-0.02
9.448212e-04,0.02
9.448214e-04,0.02
9.448216e-04,0.06
9.448218e-04,0.06
9.448220e-04,-0.02
9.448222e-04,0.02
9.448224e-04,0.06
9.448226e-04,0.06
9.448228e-04,0.02
9.448230e-04,0.02
9.448232e-04,0.02
9.448234e-04,0.02
9.448236e-04,0.06
9.448238e-04,0.06
9.448240e-04,0.06
9.448242e-04,0.06
9.448244e-04,0.02
9.448246e-04,0.02
9.448248e-04,0.02
9.448250e-04,0.06
9.448252e-04,0.02
9.448254e-04,-0.02
9.448256e-04,0.02
9.448258e-04,-0.02
9.448260e-04,0.02
9.448262e-04,-0.02
9.448264e-04,0.06
9.448266e-04,0.06
9.448268e-04,0.02
9.448270e-04,0.02
9.448272e-04,0.06
9.448274e-04,0.02
9.448276e-04,0.02
9.448278e-04,0.02
9.448280e-04,0.02
9.448282e-04,0.06
9.448284e-04,-0.06
9.448286e-04,0.02
9.448288e-04,0.02
9.448290e-04,0.06
9.448292e-04,0.06
9.448294e-04,0.02
9.448296e-04,0.06
9.448298e-04,0.02
9.448300e-04,0.02
9.448302e-04,0.02
9.448304e-04,0.02
9.448306e-04,0.06
9.448308e-04,0.02
9.448310e-04,0.02
9.448312e-04,0.02
9.448314e-04,0.02
9.448316e-04,0.02
9.448318e-04,0.02
9.448320e-04,0.02
9.448322e-04,0.02
9.448324e-04,0.02
9.448326e-04,0.02
9.448328e-04,-0.02
9.448330e-04,-0.02
9.448332e-04,-0.02
9.448334e-04,-0.02
9.448336e-04,0.06
9.448338e-04,0.06
9.448340e-04,0.02
9.448342e-04,0.02
9.448344e-04,0.02
9.448346e-04,0.02
9.448348e-04,0.06
9.448350e-04,0.02
9.448352e-04,0.06
9.448354e-04,0.02
9.448356e-04,0.02
9.448358e-04,0.02
9.448360e-04,0.06
9.448362e-04,-0.02
9.448364e-04,0.02
9.448366e-04,0.06
9.448368e-04,0.02
9.448370e-04,0.1
9.448372e-04,-0.02
9.448374e-04,0.06
9.448376e-04,-0.02
9.448378e-04,0.02
9.448380e-04,0.02
9.448382e-04,0.06
9.448384e-04,0.06
9.448386e-04,0.02
9.448388e-04,0.06
9.448390e-04,0.02
9.448392e-04,-0.06
9.448394e-04,-0.02
9.448396e-04,0.06
9.448398e-04,0.02
9.448400e-04,0.1
9.448402e-04,0.06
9.448404e-04,0.02
9.448406e-04,0.02
9.448408e-04,0.06
9.448410e-04,0.06
9.448412e-04,0.06
9.448414e-04,0.02
9.448416e-04,-0.02
9.448418e-04,0.06
9.448420e-04,0.06
9.448422e-04,0.06
9.448424e-04,-0.02
9.448426e-04,0.02
9.448428e-04,0.06
9.448430e-04,0.06
9.448432e-04,0.02
9.448434e-04,0.06
9.448436e-04,0.06
9.448438e-04,0.02
9.448440e-04,0.06
9.448442e-04,0.02
9.448444e-04,-0.02
9.448446e-04,0.02
9.448448e-04,0.02
9.448450e-04,0.02
9.448452e-04,0.02
9.448454e-04,0.06
9.448456e-04,0.02
9.448458e-04,0.1
9.448460e-04,0.02
9.448462e-04,0.1
9.448464e-04,0.06
9.448466e-04,0.06
9.448468e-04,0.06
9.448470e-04,0.06
9.448472e-04,0.06
9.448474e-04,0.06
9.448476e-04,0.02
9.448478e-04,0.06
9.448480e-04,0.02
9.448482e-04,0.02
9.448484e-04,0.02
9.448486e-04,-0.02
9.448488e-04,0.02
9.448490e-04,0.02
9.448492e-04,0.02
9.448494e-04,0.02
9.448496e-04,0.06
9.448498e-04,0.06
9.448500e-04,0.02
9.448502e-04,0.06
9.448504e-04,0.06
9.448506e-04,-0.02
9.448508e-04,-0.02
9.448510e-04,-0.02
9.448512e-04,0.02
9.448514e-04,0.02
9.448516e-04,0.06
9.448518e-04,0.06
9.448520e-04,0.06
9.448522e-04,0.02
9.448524e-04,0.06
9.448526e-04,0.02
9.448528e-04,0.06
9.448530e-04,0.06
9.448532e-04,0.02
9.448534e-04,0.02
9.448536e-04,0.02
9.448538e-04,0.02
9.448540e-04,0.02
9.448542e-04,0.06
9.448544e-04,0.02
9.448546e-04,-0.02
9.448548e-04,-0.02
9.448550e-04,-0.02
9.448552e-04,0.02
9.448554e-04,0.02
9.448556e-04,0.02
9.448558e-04,0.02
9.448560e-04,0.02
9.448562e-04,-0.02
9.448564e-04,0.02
9.448566e-04,0.02
9.448568e-04,0.02
9.448570e-04,0.02
9.448572e-04,0.06
9.448574e-04,0.02
9.448576e-04,0.02
9.448578e-04,0.02
9.448580e-04,0.02
9.448582e-04,0.02
9.448584e-04,0.06
9.448586e-04,0.02
9.448588e-04,0.02
9.448590e-04,0.02
9.448592e-04,0.06
9.448594e-04,0.02
9.448596e-04,0.06
9.448598e-04,0.06
9.448600e-04,0.02
9.448602e-04,0.02
9.448604e-04,0.02
9.448606e-04,0.06
9.448608e-04,0.02
9.448610e-04,0.06
9.448612e-04,0.02
9.448614e-04,0.02
9.448616e-04,0.06
9.448618e-04,0.06
9.448620e-04,0.02
9.448622e-04,0.1
9.448624e-04,0.06
9.448626e-04,0.06
9.448628e-04,-0.02
9.448630e-04,0.02
9.448632e-04,0.1
9.448634e-04,0.06
9.448636e-04,0.06
9.448638e-04,0.02
9.448640e-04,0.02
9.448642e-04,0.02
9.448644e-04,0.02
9.448646e-04,0.02
9.448648e-04,0.02
9.448650e-04,0.02
9.448652e-04,0.02
9.448654e-04,-0.02
9.448656e-04,-0.06
9.448658e-04,0.02
9.448660e-04,0.06
9.448662e-04,0.06
9.448664e-04,0.02
9.448666e-04,0.02
9.448668e-04,0.02
9.448670e-04,0.02
9.448672e-04,0.02
9.448674e-04,0.02
9.448676e-04,0.02
9.448678e-04,0.06
9.448680e-04,0.02
9.448682e-04,0.06
9.448684e-04,0.06
9.448686e-04,0.02
9.448688e-04,0.02
9.448690e-04,0.02
9.448692e-04,0.02
9.448694e-04,0.02
9.448696e-04,0.02
9.448698e-04,0.06
9.448700e-04,0.06
9.448702e-04,0.02
9.448704e-04,0.02
9.448706e-04,0.02
9.448708e-04,0.06
9.448710e-04,0.02
9.448712e-04,0.02
9.448714e-04,0.02
9.448716e-04,0.02
9.448718e-04,0.02
9.448720e-04,0.02
9.448722e-04,0.06
9.448724e-04,0.06
9.448726e-04,-0.02
9.448728e-04,0.06
9.448730e-04,0.02
9.448732e-04,0.06
9.448734e-04,0.02
9.448736e-04,0.02
9.448738e-04,0.06
9.448740e-04,0.02
9.448742e-04,0.06
9.448744e-04,0.06
9.448746e-04,0.06
9.448748e-04,-0.02
9.448750e-04,0.06
9.448752e-04,0.02
9.448754e-04,0.02
9.448756e-04,0.06
9.448758e-04,0.06
9.448760e-04,0.02
9.448762e-04,0.06
9.448764e-04,0.02
9.448766e-04,0.02
9.448768e-04,0.02
9.448770e-04,0.02
9.448772e-04,0.02
9.448774e-04,0.02
9.448776e-04,0.02
9.448778e-04,0.02
9.448780e-04,0.02
9.448782e-04,0.02
9.448784e-04,0.02
9.448786e-04,0.02
9.448788e-04,0.02
9.448790e-04,0.02
9.448792e-04,0.02
9.448794e-04,0.06
9.448796e-04,0.06
9.448798e-04,0.06
9.448800e-04,0.02
9.448802e-04,0.02
9.448804e-04,0.02
9.448806e-04,0.02
9.448808e-04,0.02
9.448810e-04,-0.02
9.448812e-04,-0.02
9.448814e-04,0.06
9.448816e-04,0.06
9.448818e-04,0.06
9.448820e-04,-0.02
9.448822e-04,0.02
9.448824e-04,0.02
9.448826e-04,0.06
9.448828e-04,0.06
9.448830e-04,0.02
9.448832e-04,0.02
9.448834e-04,0.06
9.448836e-04,0.02
9.448838e-04,0.02
9.448840e-04,0.02
9.448842e-04,0.02
9.448844e-04,0.02
9.448846e-04,0.02
9.448848e-04,0.06
9.448850e-04,-0.02
9.448852e-04,0.02
9.448854e-04,0.02
9.448856e-04,0.02
9.448858e-04,0.02
9.448860e-04,-0.06
9.448862e-04,-0.02
9.448864e-04,0.02
9.448866e-04,-0.02
9.448868e-04,0.02
9.448870e-04,0.02
9.448872e-04,0.02
9.448874e-04,0.06
9.448876e-04,0.1
9.448878e-04,0.02
9.448880e-04,-0.02
9.448882e-04,-0.02
9.448884e-04,0.02
9.448886e-04,0.02
9.448888e-04,-0.02
9.448890e-04,0.02
9.448892e-04,0.06
9.448894e-04,0.02
9.448896e-04,0.02
9.448898e-04,0.06
9.448900e-04,0.02
9.448902e-04,0.02
9.448904e-04,0.06
9.448906e-04,0.06
9.448908e-04,0.02
9.448910e-04,0.06
9.448912e-04,0.06
9.448914e-04,0.02
9.448916e-04,0.02
9.448918e-04,0.02
9.448920e-04,0.02
9.448922e-04,0.06
9.448924e-04,0.02
9.448926e-04,-0.02
9.448928e-04,0.06
9.448930e-04,0.02
9.448932e-04,0.02
9.448934e-04,0.02
9.448936e-04,-0.02
9.448938e-04,0.06
9.448940e-04,0.02
9.448942e-04,-0.02
9.448944e-04,0.02
9.448946e-04,0.06
9.448948e-04,0.06
9.448950e-04,0.02
9.448952e-04,0.02
9.448954e-04,0.06
9.448956e-04,-0.02
9.448958e-04,0.06
9.448960e-04,0.06
9.448962e-04,0.06
9.448964e-04,0.02
9.448966e-04,-0.02
9.448968e-04,0.02
9.448970e-04,-0.02
9.448972e-04,-0.02
9.448974e-04,-0.02
9.448976e-04,-0.02
9.448978e-04,0.06
9.448980e-04,0.02
9.448982e-04,0.02
9.448984e-04,0.06
9.448986e-04,0.1
9.448988e-04,0.02
9.448990e-04,0.06
9.448992e-04,0.02
9.448994e-04,0.02
9.448996e-04,0.02
9.448998e-04,0.02
9.449000e-04,0.02
9.449002e-04,0.06
9.449004e-04,-0.02
9.449006e-04,-0.02
9.449008e-04,0.02
9.449010e-04,0.02
9.449012e-04,0.06
9.449014e-04,0.06
9.449016e-04,0.02
9.449018e-04,0.02
9.449020e-04,0.06
9.449022e-04,0.02
9.449024e-04,0.02
9.449026e-04,0.06
9.449028e-04,0.02
9.449030e-04,0.02
9.449032e-04,0.06
9.449034e-04,0.1
9.449036e-04,0.06
9.449038e-04,0.06
9.449040e-04,0.02
9.449042e-04,0.02
9.449044e-04,0.02
9.449046e-04,0.02
9.449048e-04,-0.02
9.449050e-04,0.02
9.449052e-04,0.02
9.449054e-04,0.02
9.449056e-04,0.02
9.449058e-04,-0.02
9.449060e-04,0.02
9.449062e-04,0.06
9.449064e-04,0.02
9.449066e-04,0.02
9.449068e-04,-0.02
9.449070e-04,0.02
9.449072e-04,0.02
9.449074e-04,0.02
9.449076e-04,-0.06
9.449078e-04,-0.02
9.449080e-04,0.02
9.449082e-04,0.06
9.449084e-04,0.02
9.449086e-04,0.06
9.449088e-04,0.02
9.449090e-04,0.02
9.449092e-04,0.02
9.449094e-04,0.06
9.449096e-04,0.02
9.449098e-04,0.02
9.449100e-04,-0.02
9.449102e-04,0.02
9.449104e-04,0.02
9.449106e-04,0.02
9.449108e-04,0.06
9.449110e-04,0.06
9.449112e-04,0.06
9.449114e-04,0.02
9.449116e-04,0.06
9.449118e-04,0.1
9.449120e-04,0.06
9.449122e-04,0.06
9.449124e-04,0.02
9.449126e-04,0.02
9.449128e-04,0.06
9.449130e-04,0.02
9.449132e-04,0.02
9.449134e-04,0.02
9.449136e-04,0.02
9.449138e-04,0.06
9.449140e-04,0.02
9.449142e-04,0.06
9.449144e-04,0.06
9.449146e-04,0.02
9.449148e-04,0.02
9.449150e-04,0.06
9.449152e-04,0.06
9.449154e-04,0.06
9.449156e-04,0.06
9.449158e-04,0.06
9.449160e-04,0.02
9.449162e-04,0.06
9.449164e-04,0.06
9.449166e-04,0.02
9.449168e-04,0.02
9.449170e-04,-0.02
9.449172e-04,0.02
9.449174e-04,0.02
9.449176e-04,0.06
9.449178e-04,0.06
9.449180e-04,0.06
9.449182e-04,0.06
9.449184e-04,0.02
9.449186e-04,0.02
9.449188e-04,0.02
9.449190e-04,0.02
9.449192e-04,0.02
9.449194e-04,0.06
9.449196e-04,0.06
9.449198e-04,-0.02
9.449200e-04,0.02
9.449202e-04,-0.02
9.449204e-04,0.02
9.449206e-04,0.02
9.449208e-04,0.06
9.449210e-04,0.06
9.449212e-04,0.02
9.449214e-04,0.06
9.449216e-04,-0.02
9.449218e-04,0.02
9.449220e-04,0.02
9.449222e-04,0.06
9.449224e-04,0.06
9.449226e-04,0.06
9.449228e-04,0.02
9.449230e-04,0.06
9.449232e-04,0.02
9.449234e-04,0.02
9.449236e-04,0.02
9.449238e-04,0.02
9.449240e-04,-0.02
9.449242e-04,-0.02
9.449244e-04,0.02
9.449246e-04,-0.02
9.449248e-04,-0.02
9.449250e-04,0.02
9.449252e-04,0.02
9.449254e-04,0.02
9.449256e-04,-0.02
9.449258e-04,0.02
9.449260e-04,0.02
9.449262e-04,0.06
9.449264e-04,0.06
9.449266e-04,0.02
9.449268e-04,0.02
9.449270e-04,0.06
9.449272e-04,0.02
9.449274e-04,0.02
9.449276e-04,-0.02
9.449278e-04,-0.02
9.449280e-04,0.02
9.449282e-04,0.06
9.449284e-04,0.02
9.449286e-04,0.02
9.449288e-04,0.02
9.449290e-04,0.1
9.449292e-04,0.02
9.449294e-04,0.06
9.449296e-04,0.02
9.449298e-04,0.06
9.449300e-04,0.02
9.449302e-04,0.02
9.449304e-04,0.02
9.449306e-04,0.1
9.449308e-04,0.02
9.449310e-04,0.06
9.449312e-04,-0.02
9.449314e-04,0.06
9.449316e-04,0.06
9.449318e-04,0.02
9.449320e-04,0.02
9.449322e-04,0.02
9.449324e-04,0.02
9.449326e-04,-0.02
9.449328e-04,0.02
9.449330e-04,0.06
9.449332e-04,0.02
9.449334e-04,0.02
9.449336e-04,0.02
9.449338e-04,-0.02
9.449340e-04,0.06
9.449342e-04,0.02
9.449344e-04,0.02
9.449346e-04,0.02
9.449348e-04,0.06
9.449350e-04,0.02
9.449352e-04,0.02
9.449354e-04,0.06
9.449356e-04,0.06
9.449358e-04,0.06
9.449360e-04,0.06
9.449362e-04,0.06
9.449364e-04,0.06
9.449366e-04,0.02
9.449368e-04,0.02
9.449370e-04,0.02
9.449372e-04,-0.02
9.449374e-04,-0.02
9.449376e-04,0.06
9.449378e-04,0.02
9.449380e-04,0.02
9.449382e-04,0.06
9.449384e-04,0.02
9.449386e-04,0.06
9.449388e-04,0.06
9.449390e-04,0.06
9.449392e-04,0.02
9.449394e-04,0.02
9.449396e-04,0.02
9.449398e-04,0.06
9.449400e-04,0.02
9.449402e-04,-0.02
9.449404e-04,-0.06
9.449406e-04,0.02
9.449408e-04,0.02
9.449410e-04,-0.02
9.449412e-04,0.02
9.449414e-04,0.02
9.449416e-04,0.06
9.449418e-04,0.02
9.449420e-04,0.06
9.449422e-04,0.02
9.449424e-04,0.02
9.449426e-04,0.06
9.449428e-04,0.06
9.449430e-04,0.06
9.449432e-04,0.02
9.449434e-04,0.06
9.449436e-04,0.02
9.449438e-04,0.02
9.449440e-04,0.02
9.449442e-04,0.02
9.449444e-04,-0.02
9.449446e-04,0.02
9.449448e-04,0.02
9.449450e-04,0.02
9.449452e-04,0.02
9.449454e-04,0.06
9.449456e-04,0.06
9.449458e-04,0.02
9.449460e-04,0.02
9.449462e-04,-0.02
9.449464e-04,0.06
9.449466e-04,0.02
9.449468e-04,0.06
9.449470e-04,0.02
9.449472e-04,0.02
9.449474e-04,0.02
9.449476e-04,0.06
9.449478e-04,0.06
9.449480e-04,0.02
9.449482e-04,0.06
9.449484e-04,0.02
9.449486e-04,0.06
9.449488e-04,0.02
9.449490e-04,0.06
9.449492e-04,0.06
9.449494e-04,0.1
9.449496e-04,0.06
9.449498e-04,0.06
9.449500e-04,0.02
9.449502e-04,0.06
9.449504e-04,0.06
9.449506e-04,0.06
9.449508e-04,-0.02
9.449510e-04,0.06
9.449512e-04,0.06
9.449514e-04,0.1
9.449516e-04,0.06
9.449518e-04,0.06
9.449520e-04,0.02
9.449522e-04,0.06
9.449524e-04,0.06
9.449526e-04,0.02
9.449528e-04,0.02
9.449530e-04,0.06
9.449532e-04,0.02
9.449534e-04,0.02
9.449536e-04,0.02
9.449538e-04,0.02
9.449540e-04,0.02
9.449542e-04,0.02
9.449544e-04,0.02
9.449546e-04,0.02
9.449548e-04,0.02
9.449550e-04,0.02
9.449552e-04,0.02
9.449554e-04,-0.02
9.449556e-04,0.02
9.449558e-04,0.06
9.449560e-04,0.02
9.449562e-04,0.06
9.449564e-04,0.02
9.449566e-04,0.06
9.449568e-04,0.02
9.449570e-04,0.02
9.449572e-04,0.02
9.449574e-04,-0.02
9.449576e-04,0.02
9.449578e-04,0.02
9.449580e-04,0.02
9.449582e-04,0.02
9.449584e-04,0.02
9.449586e-04,0.06
9.449588e-04,0.02
9.449590e-04,0.02
9.449592e-04,0.02
9.449594e-04,0.02
9.449596e-04,0.02
9.449598e-04,0.02
9.449600e-04,0.02
9.449602e-04,-0.02
9.449604e-04,0.06
9.449606e-04,0.06
9.449608e-04,0.06
9.449610e-04,-0.02
9.449612e-04,0.02
9.449614e-04,0.02
9.449616e-04,0.02
9.449618e-04,0.06
9.449620e-04,0.06
9.449622e-04,0.06
9.449624e-04,0.02
9.449626e-04,0.02
9.449628e-04,0.02
9.449630e-04,-0.02
9.449632e-04,-0.02
9.449634e-04,0.02
9.449636e-04,0.02
9.449638e-04,0.06
9.449640e-04,0.06
9.449642e-04,0.06
9.449644e-04,0.06
9.449646e-04,-0.02
9.449648e-04,0.06
9.449650e-04,0.06
9.449652e-04,0.02
9.449654e-04,-0.02
9.449656e-04,0.02
9.449658e-04,0.02
9.449660e-04,0.06
9.449662e-04,0.02
9.449664e-04,0.06
9.449666e-04,0.06
9.449668e-04,0.02
9.449670e-04,0.02
9.449672e-04,-0.02
9.449674e-04,0.02
9.449676e-04,0.06
9.449678e-04,0.02
9.449680e-04,0.06
9.449682e-04,0.1
9.449684e-04,0.1
9.449686e-04,0.02
9.449688e-04,0.06
9.449690e-04,0.06
9.449692e-04,0.06
9.449694e-04,0.06
9.449696e-04,-0.02
9.449698e-04,-0.02
9.449700e-04,0.06
9.449702e-04,0.02
9.449704e-04,0.02
9.449706e-04,0.02
9.449708e-04,0.02
9.449710e-04,0.02
9.449712e-04,0.02
9.449714e-04,0.02
9.449716e-04,0.02
9.449718e-04,0.02
9.449720e-04,0.02
9.449722e-04,0.06
9.449724e-04,0.06
9.449726e-04,0.06
9.449728e-04,0.02
9.449730e-04,0.06
9.449732e-04,0.02
9.449734e-04,-0.02
9.449736e-04,0.06
9.449738e-04,0.06
9.449740e-04,0.02
9.449742e-04,-0.02
9.449744e-04,0.02
9.449746e-04,0.02
9.449748e-04,0.02
9.449750e-04,0.06
9.449752e-04,0.02
9.449754e-04,0.06
9.449756e-04,0.02
9.449758e-04,0.02
9.449760e-04,0.06
9.449762e-04,0.06
9.449764e-04,0.02
9.449766e-04,0.06
9.449768e-04,0.02
9.449770e-04,0.06
9.449772e-04,0.02
9.449774e-04,0.1
9.449776e-04,0.02
9.449778e-04,0.1
9.449780e-04,0.02
9.449782e-04,0.02
9.449784e-04,0.02
9.449786e-04,0.02
9.449788e-04,0.02
9.449790e-04,0.06
9.449792e-04,0.02
9.449794e-04,-0.02
9.449796e-04,0.02
9.449798e-04,0.02
9.449800e-04,0.06
9.449802e-04,0.1
9.449804e-04,0.02
9.449806e-04,0.06
9.449808e-04,0.06
9.449810e-04,0.02
9.449812e-04,0.02
9.449814e-04,-0.02
9.449816e-04,0.02
9.449818e-04,0.02
9.449820e-04,0.02
9.449822e-04,0.06
9.449824e-04,0.1
9.449826e-04,0.02
9.449828e-04,0.06
9.449830e-04,0.02
9.449832e-04,0.02
9.449834e-04,0.06
9.449836e-04,0.02
9.449838e-04,0.06
9.449840e-04,0.02
9.449842e-04,0.02
9.449844e-04,0.02
9.449846e-04,0.02
9.449848e-04,-0.02
9.449850e-04,0.02
9.449852e-04,0.02
9.449854e-04,0.06
9.449856e-04,0.06
9.449858e-04,0.06
9.449860e-04,0.02
9.449862e-04,0.06
9.449864e-04,0.06
9.449866e-04,0.02
9.449868e-04,0.06
9.449870e-04,0.02
9.449872e-04,-0.02
9.449874e-04,0.02
9.449876e-04,0.02
9.449878e-04,0.02
9.449880e-04,0.02
9.449882e-04,0.02
9.449884e-04,0.02
9.449886e-04,0.02
9.449888e-04,0.02
9.449890e-04,0.06
9.449892e-04,0.02
9.449894e-04,0.02
9.449896e-04,0.02
9.449898e-04,0.06
9.449900e-04,0.02
9.449902e-04,0.06
9.449904e-04,0.02
9.449906e-04,0.06
9.449908e-04,0.06
9.449910e-04,0.02
9.449912e-04,0.02
9.449914e-04,0.02
9.449916e-04,0.02
9.449918e-04,0.02
9.449920e-04,-0.02
9.449922e-04,0.02
9.449924e-04,0.06
9.449926e-04,0.02
9.449928e-04,0.02
9.449930e-04,0.02
9.449932e-04,0.02
9.449934e-04,0.02
9.449936e-04,0.02
9.449938e-04,0.02
9.449940e-04,0.02
9.449942e-04,0.06
9.449944e-04,0.02
9.449946e-04,0.06
9.449948e-04,0.02
9.449950e-04,0.06
9.449952e-04,0.06
9.449954e-04,0.06
9.449956e-04,0.02
9.449958e-04,0.02
9.449960e-04,0.06
9.449962e-04,0.02
9.449964e-04,0.02
9.449966e-04,0.02
9.449968e-04,0.06
9.449970e-04,0.02
9.449972e-04,0.02
9.449974e-04,-0.02
9.449976e-04,0.02
9.449978e-04,0.02
9.449980e-04,0.02
9.449982e-04,0.06
9.449984e-04,0.06
9.449986e-04,0.02
9.449988e-04,0.02
9.449990e-04,-0.02
9.449992e-04,0.02
9.449994e-04,0.02
9.449996e-04,0.02
9.449998e-04,0.02
9.450000e-04,0.02
9.450002e-04,0.02
9.450004e-04,0.06
9.450006e-04,0.02
9.450008e-04,0.06
9.450010e-04,0.1
9.450012e-04,0.06
9.450014e-04,0.1
9.450016e-04,0.06
9.450018e-04,0.06
9.450020e-04,0.02
9.450022e-04,0.06
9.450024e-04,0.06
9.450026e-04,0.06
9.450028e-04,0.02
9.450030e-04,-0.02
9.450032e-04,-0.02
9.450034e-04,0.06
9.450036e-04,-0.02
9.450038e-04,0.06
9.450040e-04,0.02
9.450042e-04,0.06
9.450044e-04,-0.02
9.450046e-04,0.02
9.450048e-04,0.02
9.450050e-04,0.02
9.450052e-04,0.02
9.450054e-04,0.02
9.450056e-04,0.02
9.450058e-04,0.06
9.450060e-04,0.06
9.450062e-04,0.06
9.450064e-04,0.02
9.450066e-04,0.02
9.450068e-04,0.02
9.450070e-04,0.02
9.450072e-04,0.06
9.450074e-04,0.02
9.450076e-04,0.02
9.450078e-04,0.06
9.450080e-04,-0.02
9.450082e-04,0.06
9.450084e-04,0.06
9.450086e-04,0.06
9.450088e-04,0.06
9.450090e-04,0.06
9.450092e-04,0.06
9.450094e-04,0.06
9.450096e-04,0.02
9.450098e-04,0.06
9.450100e-04,0.06
9.450102e-04,0.06
9.450104e-04,-0.02
9.450106e-04,0.02
9.450108e-04,0.02
9.450110e-04,0.06
9.450112e-04,0.06
9.450114e-04,0.02
9.450116e-04,0.02
9.450118e-04,0.06
9.450120e-04,0.06
9.450122e-04,0.06
9.450124e-04,-0.02
9.450126e-04,-0.02
9.450128e-04,0.02
9.450130e-04,0.06
9.450132e-04,0.02
9.450134e-04,0.02
9.450136e-04,0.02
9.450138e-04,0.06
9.450140e-04,-0.02
9.450142e-04,0.02
9.450144e-04,0.02
9.450146e-04,0.06
9.450148e-04,0.06
9.450150e-04,0.1
9.450152e-04,0.06
9.450154e-04,0.06
9.450156e-04,0.02
9.450158e-04,0.02
9.450160e-04,0.06
9.450162e-04,0.06
9.450164e-04,0.02
9.450166e-04,-0.02
9.450168e-04,-0.02
9.450170e-04,-0.02
9.450172e-04,0.02
9.450174e-04,0.02
9.450176e-04,0.02
9.450178e-04,0.02
9.450180e-04,0.02
9.450182e-04,0.02
9.450184e-04,0.02
9.450186e-04,0.02
9.450188e-04,0.02
9.450190e-04,0.02
9.450192e-04,0.06
9.450194e-04,0.06
9.450196e-04,0.06
9.450198e-04,0.02
9.450200e-04,-0.02
9.450202e-04,0.02
9.450204e-04,-0.02
9.450206e-04,0.02
9.450208e-04,-0.02
9.450210e-04,-0.02
9.450212e-04,0.02
9.450214e-04,0.06
9.450216e-04,0.02
9.450218e-04,0.02
9.450220e-04,0.02
9.450222e-04,0.06
9.450224e-04,0.02
9.450226e-04,0.1
9.450228e-04,0.02
9.450230e-04,0.02
9.450232e-04,0.02
9.450234e-04,0.06
9.450236e-04,0.1
9.450238e-04,0.06
9.450240e-04,0.02
9.450242e-04,0.02
9.450244e-04,0.02
9.450246e-04,0.02
9.450248e-04,0.02
9.450250e-04,0.02
9.450252e-04,0.02
9.450254e-04,0.02
9.450256e-04,0.06
9.450258e-04,0.06
9.450260e-04,0.06
9.450262e-04,0.06
9.450264e-04,0.06
9.450266e-04,0.02
9.450268e-04,-0.06
9.450270e-04,-0.02
9.450272e-04,0.02
9.450274e-04,0.06
9.450276e-04,0.02
9.450278e-04,0.06
9.450280e-04,0.06
9.450282e-04,0.02
9.450284e-04,0.02
9.450286e-04,0.06
9.450288e-04,0.02
9.450290e-04,0.02
9.450292e-04,0.02
9.450294e-04,0.02
9.450296e-04,0.02
9.450298e-04,0.06
9.450300e-04,0.06
9.450302e-04,0.02
9.450304e-04,0.06
9.450306e-04,0.02
9.450308e-04,0.02
9.450310e-04,-0.02
9.450312e-04,-0.06
9.450314e-04,0.02
9.450316e-04,0.02
9.450318e-04,0.02
9.450320e-04,0.02
9.450322e-04,-0.02
9.450324e-04,0.02
9.450326e-04,0.06
9.450328e-04,0.02
9.450330e-04,0.02
9.450332e-04,-0.02
9.450334e-04,-0.02
9.450336e-04,-0.06
9.450338e-04,-0.02
9.450340e-04,-0.02
9.450342e-04,0.02
9.450344e-04,0.02
9.450346e-04,0.02
9.450348e-04,0.06
9.450350e-04,0.06
9.450352e-04,0.02
9.450354e-04,0.02
9.450356e-04,0.02
9.450358e-04,0.06
9.450360e-04,0.06
9.450362e-04,0.02
9.450364e-04,0.06
9.450366e-04,0.1
9.450368e-04,0.02
9.450370e-04,0.02
9.450372e-04,0.06
9.450374e-04,0.06
9.450376e-04,0.06
9.450378e-04,0.02
9.450380e-04,0.02
9.450382e-04,0.02
9.450384e-04,0.06
9.450386e-04,0.1
9.450388e-04,0.02
9.450390e-04,0.02
9.450392e-04,0.06
9.450394e-04,0.02
9.450396e-04,0.02
9.450398e-04,0.02
9.450400e-04,0.02
9.450402e-04,0.02
9.450404e-04,0.06
9.450406e-04,0.06
9.450408e-04,0.06
9.450410e-04,0.06
9.450412e-04,0.06
9.450414e-04,0.1
9.450416e-04,0.06
9.450418e-04,0.02
9.450420e-04,-0.02
9.450422e-04,0.06
9.450424e-04,0.06
9.450426e-04,0.02
9.450428e-04,0.02
9.450430e-04,0.02
9.450432e-04,0.02
9.450434e-04,-0.02
9.450436e-04,0.02
9.450438e-04,0.02
9.450440e-04,0.02
9.450442e-04,0.02
9.450444e-04,0.02
9.450446e-04,0.02
9.450448e-04,0.02
9.450450e-04,0.02
9.450452e-04,0.02
9.450454e-04,0.02
9.450456e-04,0.02
9.450458e-04,0.06
9.450460e-04,0.06
9.450462e-04,0.1
9.450464e-04,0.02
9.450466e-04,0.02
9.450468e-04,0.06
9.450470e-04,0.06
9.450472e-04,0.06
9.450474e-04,-0.02
9.450476e-04,-0.02
9.450478e-04,0.06
9.450480e-04,0.02
9.450482e-04,0.02
9.450484e-04,0.02
9.450486e-04,0.02
9.450488e-04,0.02
9.450490e-04,0.06
9.450492e-04,-0.02
9.450494e-04,0.02
9.450496e-04,0.06
9.450498e-04,0.06
9.450500e-04,0.06
9.450502e-04,0.06
9.450504e-04,0.02
9.450506e-04,0.02
9.450508e-04,0.02
9.450510e-04,0.02
9.450512e-04,-0.02
9.450514e-04,-0.02
9.450516e-04,0.02
9.450518e-04,0.06
9.450520e-04,0.02
9.450522e-04,0.06
9.450524e-04,0.02
9.450526e-04,0.06
9.450528e-04,0.06
9.450530e-04,0.02
9.450532e-04,0.06
9.450534e-04,0.06
9.450536e-04,0.02
9.450538e-04,0.02
9.450540e-04,-0.02
9.450542e-04,0.06
9.450544e-04,0.1
9.450546e-04,0.02
9.450548e-04,0.02
9.450550e-04,0.06
9.450552e-04,0.02
9.450554e-04,0.02
9.450556e-04,0.02
9.450558e-04,0.06
9.450560e-04,0.06
9.450562e-04,0.02
9.450564e-04,0.02
9.450566e-04,0.02
9.450568e-04,0.02
9.450570e-04,0.02
9.450572e-04,0.02
9.450574e-04,0.02
9.450576e-04,0.02
9.450578e-04,0.06
9.450580e-04,0.02
9.450582e-04,0.02
9.450584e-04,0.02
9.450586e-04,0.02
9.450588e-04,0.06
9.450590e-04,0.02
9.450592e-04,-0.02
9.450594e-04,0.06
9.450596e-04,0.02
9.450598e-04,0.02
9.450600e-04,0.06
9.450602e-04,0.02
9.450604e-04,0.02
9.450606e-04,0.06
9.450608e-04,0.06
9.450610e-04,0.02
9.450612e-04,0.06
9.450614e-04,0.02
9.450616e-04,0.02
9.450618e-04,0.06
9.450620e-04,-0.02
9.450622e-04,0.02
9.450624e-04,0.02
9.450626e-04,-0.02
9.450628e-04,0.02
9.450630e-04,0.02
9.450632e-04,0.06
9.450634e-04,0.06
9.450636e-04,0.02
9.450638e-04,0.02
9.450640e-04,0.02
9.450642e-04,0.02
9.450644e-04,0.02
9.450646e-04,0.02
9.450648e-04,0.06
9.450650e-04,0.02
9.450652e-04,0.02
9.450654e-04,0.02
9.450656e-04,-0.02
9.450658e-04,0.02
9.450660e-04,-0.02
9.450662e-04,0.02
9.450664e-04,0.06
9.450666e-04,0.06
9.450668e-04,0.02
9.450670e-04,0.06
9.450672e-04,0.02
9.450674e-04,0.02
9.450676e-04,0.02
9.450678e-04,0.02
9.450680e-04,0.02
9.450682e-04,0.02
9.450684e-04,0.02
9.450686e-04,0.06
9.450688e-04,0.02
9.450690e-04,0.02
9.450692e-04,-0.02
9.450694e-04,0.02
9.450696e-04,0.06
9.450698e-04,0.02
9.450700e-04,0.02
9.450702e-04,0.02
9.450704e-04,0.02
9.450706e-04,0.02
9.450708e-04,0.02
9.450710e-04,0.02
9.450712e-04,-0.02
9.450714e-04,0.06
9.450716e-04,0.02
9.450718e-04,0.1
9.450720e-04,-0.02
9.450722e-04,0.02
9.450724e-04,0.02
9.450726e-04,0.06
9.450728e-04,0.06
9.450730e-04,0.1
9.450732e-04,0.06
9.450734e-04,0.02
9.450736e-04,0.02
9.450738e-04,0.06
9.450740e-04,0.06
9.450742e-04,0.02
9.450744e-04,0.02
9.450746e-04,0.06
9.450748e-04,-0.02
9.450750e-04,0.02
9.450752e-04,0.02
9.450754e-04,0.02
9.450756e-04,0.02
9.450758e-04,0.02
9.450760e-04,0.02
9.450762e-04,0.02
9.450764e-04,-0.02
9.450766e-04,-0.02
9.450768e-04,0.02
9.450770e-04,0.02
9.450772e-04,-0.06
9.450774e-04,-0.02
9.450776e-04,0.02
9.450778e-04,0.02
9.450780e-04,0.02
9.450782e-04,0.02
9.450784e-04,0.06
9.450786e-04,0.06
9.450788e-04,0.02
9.450790e-04,0.06
9.450792e-04,0.02
9.450794e-04,0.06
9.450796e-04,0.02
9.450798e-04,0.02
9.450800e-04,0.02
9.450802e-04,0.02
9.450804e-04,0.02
9.450806e-04,-0.02
9.450808e-04,0.02
9.450810e-04,0.02
9.450812e-04,0.02
9.450814e-04,0.02
9.450816e-04,0.02
9.450818e-04,0.02
9.450820e-04,0.02
9.450822e-04,0.02
9.450824e-04,0.02
9.450826e-04,0.02
9.450828e-04,0.02
9.450830e-04,0.1
9.450832e-04,0.06
9.450834e-04,0.06
9.450836e-04,0.02
9.450838e-04,0.1
9.450840e-04,0.06
9.450842e-04,0.06
9.450844e-04,0.06
9.450846e-04,0.06
9.450848e-04,0.02
9.450850e-04,0.06
9.450852e-04,0.02
9.450854e-04,0.06
9.450856e-04,0.06
9.450858e-04,0.06
9.450860e-04,0.02
9.450862e-04,-0.02
9.450864e-04,-0.02
9.450866e-04,0.02
9.450868e-04,-0.02
9.450870e-04,0.02
9.450872e-04,-0.02
9.450874e-04,0.02
9.450876e-04,0.02
9.450878e-04,0.02
9.450880e-04,0.06
9.450882e-04,0.02
9.450884e-04,0.02
9.450886e-04,0.02
9.450888e-04,-0.02
9.450890e-04,-0.02
9.450892e-04,0.02
9.450894e-04,0.02
9.450896e-04,0.02
9.450898e-04,0.02
9.450900e-04,0.02
9.450902e-04,0.02
9.450904e-04,0.02
9.450906e-04,0.02
9.450908e-04,0.02
9.450910e-04,-0.02
9.450912e-04,-0.02
9.450914e-04,0.02
9.450916e-04,0.02
9.450918e-04,0.06
9.450920e-04,0.02
9.450922e-04,0.02
9.450924e-04,0.02
9.450926e-04,0.06
9.450928e-04,0.02
9.450930e-04,0.02
9.450932e-04,0.06
9.450934e-04,0.02
9.450936e-04,0.06
9.450938e-04,0.02
9.450940e-04,0.06
9.450942e-04,0.02
9.450944e-04,0.02
9.450946e-04,0.1
9.450948e-04,0.06
9.450950e-04,0.02
9.450952e-04,0.06
9.450954e-04,0.06
9.450956e-04,0.02
9.450958e-04,0.06
9.450960e-04,0.06
9.450962e-04,0.02
9.450964e-04,0.02
9.450966e-04,0.06
9.450968e-04,0.02
9.450970e-04,0.06
9.450972e-04,0.06
9.450974e-04,0.1
9.450976e-04,0.06
9.450978e-04,0.06
9.450980e-04,0.02
9.450982e-04,0.06
9.450984e-04,0.02
9.450986e-04,0.02
9.450988e-04,0.02
9.450990e-04,0.02
9.450992e-04,0.06
9.450994e-04,0.02
9.450996e-04,0.06
9.450998e-04,0.06
9.451000e-04,-0.02
9.451002e-04,-0.02
9.451004e-04,0.02
9.451006e-04,0.02
9.451008e-04,0.06
9.451010e-04,-0.02
9.451012e-04,0.06
9.451014e-04,0.02
9.451016e-04,0.02
9.451018e-04,0.02
9.451020e-04,0.02
9.451022e-04,0.1
9.451024e-04,0.06
9.451026e-04,0.02
9.451028e-04,0.02
9.451030e-04,0.02
9.451032e-04,0.02
9.451034e-04,0.06
9.451036e-04,0.02
9.451038e-04,0.06
9.451040e-04,0.06
9.451042e-04,0.06
9.451044e-04,0.02
9.451046e-04,0.06
9.451048e-04,0.06
9.451050e-04,0.06
9.451052e-04,0.02
9.451054e-04,-0.02
9.451056e-04,0.02
9.451058e-04,0.02
9.451060e-04,0.02
9.451062e-04,0.02
9.451064e-04,0.02
9.451066e-04,0.02
9.451068e-04,0.02
9.451070e-04,0.02
9.451072e-04,0.02
9.451074e-04,0.02
9.451076e-04,0.02
9.451078e-04,-0.02
9.451080e-04,0.02
9.451082e-04,-0.02
9.451084e-04,0.02
9.451086e-04,0.06
9.451088e-04,0.02
9.451090e-04,0.06
9.451092e-04,0.06
9.451094e-04,-0.02
9.451096e-04,0.02
9.451098e-04,0.02
9.451100e-04,0.02
9.451102e-04,0.06
9.451104e-04,0.06
9.451106e-04,0.06
9.451108e-04,0.02
9.451110e-04,-0.02
9.451112e-04,0.02
9.451114e-04,0.02
9.451116e-04,0.02
9.451118e-04,0.02
9.451120e-04,0.02
9.451122e-04,-0.02
9.451124e-04,0.02
9.451126e-04,0.06
9.451128e-04,0.06
9.451130e-04,0.06
9.451132e-04,0.06
9.451134e-04,0.06
9.451136e-04,0.02
9.451138e-04,0.06
9.451140e-04,0.02
9.451142e-04,0.02
9.451144e-04,0.02
9.451146e-04,0.1
9.451148e-04,0.06
9.451150e-04,0.06
9.451152e-04,0.02
9.451154e-04,0.06
9.451156e-04,0.02
9.451158e-04,0.02
9.451160e-04,0.02
9.451162e-04,0.02
9.451164e-04,0.02
9.451166e-04,0.02
9.451168e-04,0.06
9.451170e-04,0.02
9.451172e-04,0.02
9.451174e-04,0.02
9.451176e-04,0.02
9.451178e-04,0.06
9.451180e-04,0.02
9.451182e-04,0.06
9.451184e-04,0.06
9.451186e-04,0.06
9.451188e-04,0.02
9.451190e-04,0.06
9.451192e-04,0.02
9.451194e-04,0.02
9.451196e-04,0.02
9.451198e-04,0.02
9.451200e-04,0.02
9.451202e-04,0.02
9.451204e-04,0.02
9.451206e-04,0.1
9.451208e-04,0.06
9.451210e-04,0.06
9.451212e-04,0.02
9.451214e-04,0.02
9.451216e-04,0.02
9.451218e-04,0.02
9.451220e-04,0.06
9.451222e-04,0.02
9.451224e-04,-0.06
9.451226e-04,-0.06
9.451228e-04,0.06
9.451230e-04,0.02
9.451232e-04,0.02
9.451234e-04,0.06
9.451236e-04,0.02
9.451238e-04,0.06
9.451240e-04,-0.02
9.451242e-04,0.02
9.451244e-04,0.02
9.451246e-04,0.02
9.451248e-04,-0.02
9.451250e-04,0.02
9.451252e-04,0.02
9.451254e-04,0.06
9.451256e-04,-0.02
9.451258e-04,0.02
9.451260e-04,0.02
9.451262e-04,0.02
9.451264e-04,-0.02
9.451266e-04,0.02
9.451268e-04,0.02
9.451270e-04,0.02
9.451272e-04,0.02
9.451274e-04,0.02
9.451276e-04,-0.02
9.451278e-04,0.02
9.451280e-04,0.02
9.451282e-04,0.06
9.451284e-04,0.06
9.451286e-04,0.02
9.451288e-04,0.06
9.451290e-04,0.06
9.451292e-04,0.02
9.451294e-04,0.02
9.451296e-04,0.06
9.451298e-04,0.02
9.451300e-04,0.06
9.451302e-04,0.06
9.451304e-04,0.1
9.451306e-04,0.06
9.451308e-04,0.02
9.451310e-04,0.02
9.451312e-04,0.02
9.451314e-04,0.02
9.451316e-04,0.02
9.451318e-04,0.02
9.451320e-04,0.02
9.451322e-04,0.02
9.451324e-04,0.02
9.451326e-04,0.06
9.451328e-04,0.06
9.451330e-04,0.06
9.451332e-04,0.02
9.451334e-04,0.02
9.451336e-04,-0.02
9.451338e-04,0.06
9.451340e-04,0.06
9.451342e-04,0.06
9.451344e-04,0.06
9.451346e-04,0.06
9.451348e-04,0.02
9.451350e-04,0.06
9.451352e-04,-0.02
9.451354e-04,0.06
9.451356e-04,-0.02
9.451358e-04,0.02
9.451360e-04,0.02
9.451362e-04,0.02
9.451364e-04,0.02
9.451366e-04,0.02
9.451368e-04,0.02
9.451370e-04,0.02
9.451372e-04,0.02
9.451374e-04,0.02
9.451376e-04,0.02
9.451378e-04,-0.02
9.451380e-04,-0.02
9.451382e-04,0.02
9.451384e-04,0.02
9.451386e-04,0.02
9.451388e-04,0.02
9.451390e-04,0.02
9.451392e-04,0.02
9.451394e-04,0.02
9.451396e-04,0.02
9.451398e-04,0.02
9.451400e-04,0.02
9.451402e-04,0.02
9.451404e-04,0.02
9.451406e-04,0.02
9.451408e-04,0.02
9.451410e-04,0.02
9.451412e-04,0.02
9.451414e-04,0.06
9.451416e-04,0.06
9.451418e-04,0.06
9.451420e-04,0.06
9.451422e-04,0.02
9.451424e-04,0.02
9.451426e-04,0.02
9.451428e-04,0.02
9.451430e-04,0.02
9.451432e-04,0.02
9.451434e-04,0.02
9.451436e-04,0.02
9.451438e-04,0.02
9.451440e-04,0.02
9.451442e-04,0.02
9.451444e-04,0.06
9.451446e-04,0.06
9.451448e-04,0.06
9.451450e-04,0.02
9.451452e-04,-0.02
9.451454e-04,0.06
9.451456e-04,0.02
9.451458e-04,0.02
9.451460e-04,0.02
9.451462e-04,0.06
9.451464e-04,0.06
9.451466e-04,0.06
9.451468e-04,0.06
9.451470e-04,0.02
9.451472e-04,0.02
9.451474e-04,0.06
9.451476e-04,0.06
9.451478e-04,0.02
9.451480e-04,0.02
9.451482e-04,-0.02
9.451484e-04,0.02
9.451486e-04,0.06
9.451488e-04,0.02
9.451490e-04,0.02
9.451492e-04,0.06
9.451494e-04,0.02
9.451496e-04,0.02
9.451498e-04,-0.02
9.451500e-04,0.02
9.451502e-04,0.06
9.451504e-04,0.02
9.451506e-04,0.02
9.451508e-04,0.02
9.451510e-04,0.06
9.451512e-04,-0.02
9.451514e-04,0.06
9.451516e-04,0.06
9.451518e-04,0.06
9.451520e-04,0.02
9.451522e-04,0.1
9.451524e-04,0.02
9.451526e-04,0.02
9.451528e-04,0.02
9.451530e-04,0.02
9.451532e-04,0.02
9.451534e-04,0.02
9.451536e-04,0.06
9.451538e-04,0.06
9.451540e-04,0.02
9.451542e-04,0.02
9.451544e-04,0.02
9.451546e-04,0.02
9.451548e-04,0.06
9.451550e-04,0.02
9.451552e-04,0.06
9.451554e-04,0.02
9.451556e-04,0.02
9.451558e-04,0.06
9.451560e-04,0.02
9.451562e-04,0.02
9.451564e-04,0.02
9.451566e-04,0.06
9.451568e-04,0.06
9.451570e-04,0.02
9.451572e-04,0.06
9.451574e-04,0.1
9.451576e-04,0.1
9.451578e-04,0.02
9.451580e-04,-0.02
9.451582e-04,0.02
9.451584e-04,0.02
9.451586e-04,0.02
9.451588e-04,0.02
9.451590e-04,0.1
9.451592e-04,0.02
9.451594e-04,0.02
9.451596e-04,0.02
9.451598e-04,0.02
9.451600e-04,0.02
9.451602e-04,0.06
9.451604e-04,0.02
9.451606e-04,0.02
9.451608e-04,0.02
9.451610e-04,0.06
9.451612e-04,0.02
9.451614e-04,0.06
9.451616e-04,0.02
9.451618e-04,0.02
9.451620e-04,0.02
9.451622e-04,0.02
9.451624e-04,0.02
9.451626e-04,0.1
9.451628e-04,0.02
9.451630e-04,0.02
9.451632e-04,0.06
9.451634e-04,0.02
9.451636e-04,0.06
9.451638e-04,0.02
9.451640e-04,0.02
9.451642e-04,0.06
9.451644e-04,0.02
9.451646e-04,0.02
9.451648e-04,0.02
9.451650e-04,0.02
9.451652e-04,0.06
9.451654e-04,0.1
9.451656e-04,0.02
9.451658e-04,0.02
9.451660e-04,0.06
9.451662e-04,0.06
9.451664e-04,0.02
9.451666e-04,-0.02
9.451668e-04,0.02
9.451670e-04,0.1
9.451672e-04,0.02
9.451674e-04,0.06
9.451676e-04,0.02
9.451678e-04,0.02
9.451680e-04,-0.02
9.451682e-04,-0.02
9.451684e-04,0.02
9.451686e-04,-0.02
9.451688e-04,0.02
9.451690e-04,-0.02
9.451692e-04,0.02
9.451694e-04,-0.02
9.451696e-04,-0.02
9.451698e-04,0.02
9.451700e-04,0.02
9.451702e-04,0.02
9.451704e-04,0.06
9.451706e-04,0.02
9.451708e-04,0.02
9.451710e-04,0.02
9.451712e-04,0.02
9.451714e-04,0.02
9.451716e-04,0.02
9.451718e-04,0.02
9.451720e-04,0.02
9.451722e-04,0.02
9.451724e-04,0.02
9.451726e-04,0.02
9.451728e-04,0.02
9.451730e-04,0.02
9.451732e-04,0.02
9.451734e-04,0.06
9.451736e-04,0.02
9.451738e-04,0.02
9.451740e-04,0.06
9.451742e-04,0.02
9.451744e-04,0.02
9.451746e-04,0.06
9.451748e-04,0.06
9.451750e-04,0.1
9.451752e-04,0.06
9.451754e-04,0.06
9.451756e-04,0.06
9.451758e-04,0.06
9.451760e-04,0.02
9.451762e-04,0.02
9.451764e-04,0.02
9.451766e-04,0.1
9.451768e-04,0.02
9.451770e-04,-0.02
9.451772e-04,-0.02
9.451774e-04,0.06
9.451776e-04,0.06
9.451778e-04,0.06
9.451780e-04,0.06
9.451782e-04,0.02
9.451784e-04,0.02
9.451786e-04,0.02
9.451788e-04,0.02
9.451790e-04,0.02
9.451792e-04,0.02
9.451794e-04,0.02
9.451796e-04,0.02
9.451798e-04,0.02
9.451800e-04,0.02
9.451802e-04,0.02
9.451804e-04,0.02
9.451806e-04,0.02
9.451808e-04,0.06
9.451810e-04,0.02
9.451812e-04,0.02
9.451814e-04,0.06
9.451816e-04,0.02
9.451818e-04,0.02
9.451820e-04,0.02
9.451822e-04,0.06
9.451824e-04,0.02
9.451826e-04,0.06
9.451828e-04,0.02
9.451830e-04,0.06
9.451832e-04,-0.02
9.451834e-04,0.02
9.451836e-04,0.02
9.451838e-04,0.02
9.451840e-04,0.06
9.451842e-04,0.02
9.451844e-04,0.06
9.451846e-04,0.06
9.451848e-04,0.02
9.451850e-04,-0.02
9.451852e-04,0.02
9.451854e-04,0.06
9.451856e-04,0.02
9.451858e-04,0.02
9.451860e-04,-0.02
9.451862e-04,0.02
9.451864e-04,0.02
9.451866e-04,0.06
9.451868e-04,-0.02
9.451870e-04,-0.02
9.451872e-04,0.02
9.451874e-04,0.02
9.451876e-04,0.02
9.451878e-04,0.06
9.451880e-04,0.1
9.451882e-04,0.02
9.451884e-04,-0.02
9.451886e-04,0.02
9.451888e-04,-0.02
9.451890e-04,0.02
9.451892e-04,-0.02
9.451894e-04,0.02
9.451896e-04,0.02
9.451898e-04,0.02
9.451900e-04,0.06
9.451902e-04,0.02
9.451904e-04,0.02
9.451906e-04,0.02
9.451908e-04,0.06
9.451910e-04,0.06
9.451912e-04,0.02
9.451914e-04,0.02
9.451916e-04,0.02
9.451918e-04,0.02
9.451920e-04,0.06
9.451922e-04,0.06
9.451924e-04,0.06
9.451926e-04,0.06
9.451928e-04,0.02
9.451930e-04,0.06
9.451932e-04,0.02
9.451934e-04,0.02
9.451936e-04,0.02
9.451938e-04,0.06
9.451940e-04,0.1
9.451942e-04,0.1
9.451944e-04,0.06
9.451946e-04,0.06
9.451948e-04,0.02
9.451950e-04,0.02
9.451952e-04,0.02
9.451954e-04,0.02
9.451956e-04,0.02
9.451958e-04,0.02
9.451960e-04,-0.06
9.451962e-04,-0.02
9.451964e-04,0.02
9.451966e-04,-0.02
9.451968e-04,0.02
9.451970e-04,0.02
9.451972e-04,0.02
9.451974e-04,0.02
9.451976e-04,0.06
9.451978e-04,0.02
9.451980e-04,0.02
9.451982e-04,0.06
9.451984e-04,0.02
9.451986e-04,0.06
9.451988e-04,0.02
9.451990e-04,0.02
9.451992e-04,0.06
9.451994e-04,0.02
9.451996e-04,0.02
9.451998e-04,-0.02
9.452000e-04,-0.02
9.452002e-04,0.06
9.452004e-04,0.02
9.452006e-04,0.02
9.452008e-04,0.02
9.452010e-04,0.02
9.452012e-04,0.02
9.452014e-04,0.06
9.452016e-04,-0.02
9.452018e-04,0.02
9.452020e-04,0.02
9.452022e-04,0.1
9.452024e-04,0.06
9.452026e-04,0.02
9.452028e-04,0.02
9.452030e-04,0.02
9.452032e-04,0.06
9.452034e-04,0.02
9.452036e-04,0.02
9.452038e-04,0.02
9.452040e-04,0.06
9.452042e-04,0.06
9.452044e-04,0.02
9.452046e-04,0.1
9.452048e-04,0.02
9.452050e-04,-0.02
9.452052e-04,0.06
9.452054e-04,0.1
9.452056e-04,0.1
9.452058e-04,0.06
9.452060e-04,0.02
9.452062e-04,0.06
9.452064e-04,0.02
9.452066e-04,0.06
9.452068e-04,0.02
9.452070e-04,0.06
9.452072e-04,0.06
9.452074e-04,0.06
9.452076e-04,0.06
9.452078e-04,-0.02
9.452080e-04,0.02
9.452082e-04,0.02
9.452084e-04,0.02
9.452086e-04,0.02
9.452088e-04,0.06
9.452090e-04,0.02
9.452092e-04,0.02
9.452094e-04,0.02
9.452096e-04,0.02
9.452098e-04,0.06
9.452100e-04,0.06
9.452102e-04,0.06
9.452104e-04,0.02
9.452106e-04,0.06
9.452108e-04,0.02
9.452110e-04,0.02
9.452112e-04,0.02
9.452114e-04,0.06
9.452116e-04,0.02
9.452118e-04,0.02
9.452120e-04,0.02
9.452122e-04,-0.02
9.452124e-04,0.06
9.452126e-04,0.02
9.452128e-04,0.02
9.452130e-04,0.02
9.452132e-04,0.02
9.452134e-04,0.02
9.452136e-04,0.06
9.452138e-04,0.02
9.452140e-04,0.02
9.452142e-04,-0.02
9.452144e-04,0.02
9.452146e-04,0.02
9.452148e-04,-0.06
9.452150e-04,-0.02
9.452152e-04,0.06
9.452154e-04,0.06
9.452156e-04,0.02
9.452158e-04,0.02
9.452160e-04,0.06
9.452162e-04,0.02
9.452164e-04,0.02
9.452166e-04,0.02
9.452168e-04,0.06
9.452170e-04,0.06
9.452172e-04,0.02
9.452174e-04,0.06
9.452176e-04,0.02
9.452178e-04,0.06
9.452180e-04,0.02
9.452182e-04,0.02
9.452184e-04,0.06
9.452186e-04,-0.02
9.452188e-04,-0.02
9.452190e-04,0.02
9.452192e-04,-0.02
9.452194e-04,0.02
9.452196e-04,0.06
9.452198e-04,0.06
9.452200e-04,0.06
9.452202e-04,0.06
9.452204e-04,0.06
9.452206e-04,0.02
9.452208e-04,0.02
9.452210e-04,0.02
9.452212e-04,-0.02
9.452214e-04,0.02
9.452216e-04,-0.02
9.452218e-04,0.02
9.452220e-04,-0.02
9.452222e-04,0.02
9.452224e-04,0.02
9.452226e-04,0.06
9.452228e-04,0.02
9.452230e-04,0.02
9.452232e-04,0.02
9.452234e-04,0.06
9.452236e-04,0.02
9.452238e-04,0.06
9.452240e-04,0.02
9.452242e-04,-0.02
9.452244e-04,-0.02
9.452246e-04,0.06
9.452248e-04,0.06
9.452250e-04,0.02
9.452252e-04,0.02
9.452254e-04,0.06
9.452256e-04,0.02
9.452258e-04,0.02
9.452260e-04,0.02
9.452262e-04,0.02
9.452264e-04,0.02
9.452266e-04,0.02
9.452268e-04,-0.02
9.452270e-04,0.02
9.452272e-04,0.02
9.452274e-04,0.02
9.452276e-04,0.02
9.452278e-04,0.06
9.452280e-04,0.02
9.452282e-04,0.06
9.452284e-04,0.02
9.452286e-04,0.06
9.452288e-04,0.02
9.452290e-04,0.06
9.452292e-04,0.02
9.452294e-04,0.02
9.452296e-04,0.06
9.452298e-04,0.06
9.452300e-04,0.02
9.452302e-04,0.06
9.452304e-04,0.02
9.452306e-04,0.06
9.452308e-04,0.06
9.452310e-04,-0.02
9.452312e-04,0.02
9.452314e-04,0.06
9.452316e-04,0.02
9.452318e-04,0.02
9.452320e-04,-0.02
9.452322e-04,-0.02
9.452324e-04,-0.02
9.452326e-04,0.02
9.452328e-04,0.06
9.452330e-04,0.02
9.452332e-04,0.02
9.452334e-04,-0.02
9.452336e-04,0.02
9.452338e-04,-0.02
9.452340e-04,0.02
9.452342e-04,0.02
9.452344e-04,0.02
9.452346e-04,0.02
9.452348e-04,0.02
9.452350e-04,-0.02
9.452352e-04,0.02
9.452354e-04,0.06
9.452356e-04,0.02
9.452358e-04,0.02
9.452360e-04,0.06
9.452362e-04,0.02
9.452364e-04,0.06
9.452366e-04,0.06
9.452368e-04,0.02
9.452370e-04,0.02
9.452372e-04,0.06
9.452374e-04,0.02
9.452376e-04,0.02
9.452378e-04,0.02
9.452380e-04,0.02
9.452382e-04,0.06
9.452384e-04,0.06
9.452386e-04,0.02
9.452388e-04,0.02
9.452390e-04,0.06
9.452392e-04,0.02
9.452394e-04,0.06
9.452396e-04,0.02
9.452398e-04,0.02
9.452400e-04,0.02
9.452402e-04,0.06
9.452404e-04,0.02
9.452406e-04,0.02
9.452408e-04,0.02
9.452410e-04,0.06
9.452412e-04,0.02
9.452414e-04,0.06
9.452416e-04,0.02
9.452418e-04,0.02
9.452420e-04,0.02
9.452422e-04,0.06
9.452424e-04,0.06
9.452426e-04,0.06
9.452428e-04,0.02
9.452430e-04,0.06
9.452432e-04,0.02
9.452434e-04,0.06
9.452436e-04,0.02
9.452438e-04,0.06
9.452440e-04,0.06
9.452442e-04,0.06
9.452444e-04,0.02
9.452446e-04,0.02
9.452448e-04,0.02
9.452450e-04,0.06
9.452452e-04,0.02
9.452454e-04,0.02
9.452456e-04,0.02
9.452458e-04,0.02
9.452460e-04,0.02
9.452462e-04,0.06
9.452464e-04,0.02
9.452466e-04,-0.02
9.452468e-04,0.02
9.452470e-04,0.06
9.452472e-04,0.06
9.452474e-04,0.02
9.452476e-04,0.02
9.452478e-04,0.06
9.452480e-04,0.02
9.452482e-04,0.02
9.452484e-04,0.02
9.452486e-04,0.06
9.452488e-04,-0.02
9.452490e-04,0.02
9.452492e-04,0.02
9.452494e-04,0.02
9.452496e-04,-0.02
9.452498e-04,0.02
9.452500e-04,0.02
9.452502e-04,0.02
9.452504e-04,0.06
9.452506e-04,0.06
9.452508e-04,0.06
9.452510e-04,0.06
9.452512e-04,0.06
9.452514e-04,0.06
9.452516e-04,0.02
9.452518e-04,0.06
9.452520e-04,0.02
9.452522e-04,-0.02
9.452524e-04,0.02
9.452526e-04,0.06
9.452528e-04,0.06
9.452530e-04,0.02
9.452532e-04,0.06
9.452534e-04,0.06
9.452536e-04,0.06
9.452538e-04,0.06
9.452540e-04,0.02
9.452542e-04,0.06
9.452544e-04,0.06
9.452546e-04,0.02
9.452548e-04,0.1
9.452550e-04,0.1
9.452552e-04,0.02
9.452554e-04,0.1
9.452556e-04,0.02
9.452558e-04,0.02
9.452560e-04,-0.02
9.452562e-04,0.02
9.452564e-04,0.02
9.452566e-04,0.06
9.452568e-04,0.02
9.452570e-04,0.02
9.452572e-04,-0.02
9.452574e-04,0.02
9.452576e-04,0.02
9.452578e-04,0.02
9.452580e-04,0.06
9.452582e-04,0.06
9.452584e-04,0.02
9.452586e-04,0.02
9.452588e-04,0.02
9.452590e-04,0.02
9.452592e-04,0.06
9.452594e-04,0.06
9.452596e-04,0.06
9.452598e-04,0.06
9.452600e-04,0.06
9.452602e-04,0.02
9.452604e-04,0.02
9.452606e-04,-0.02
9.452608e-04,-0.02
9.452610e-04,0.06
9.452612e-04,0.06
9.452614e-04,0.06
9.452616e-04,0.02
9.452618e-04,-0.02
9.452620e-04,0.06
9.452622e-04,-0.02
9.452624e-04,-0.02
9.452626e-04,-0.02
9.452628e-04,0.02
9.452630e-04,0.02
9.452632e-04,0.02
9.452634e-04,0.02
9.452636e-04,0.02
9.452638e-04,0.06
9.452640e-04,0.06
9.452642e-04,0.06
9.452644e-04,0.06
9.452646e-04,0.02
9.452648e-04,0.02
9.452650e-04,-0.02
9.452652e-04,0.02
9.452654e-04,0.02
9.452656e-04,0.06
9.452658e-04,0.02
9.452660e-04,0.02
9.452662e-04,0.02
9.452664e-04,0.02
9.452666e-04,0.02
9.452668e-04,0.02
9.452670e-04,0.02
9.452672e-04,0.06
9.452674e-04,0.02
9.452676e-04,0.02
9.452678e-04,0.02
9.452680e-04,0.02
9.452682e-04,0.02
9.452684e-04,0.02
9.452686e-04,-0.02
9.452688e-04,-0.02
9.452690e-04,0.06
9.452692e-04,0.06
9.452694e-04,0.06
9.452696e-04,0.02
9.452698e-04,0.06
9.452700e-04,0.02
9.452702e-04,0.02
9.452704e-04,-0.02
9.452706e-04,0.02
9.452708e-04,-0.02
9.452710e-04,0.06
9.452712e-04,0.06
9.452714e-04,0.02
9.452716e-04,0.02
9.452718e-04,-0.02
9.452720e-04,0.02
9.452722e-04,0.02
9.452724e-04,0.06
9.452726e-04,0.06
9.452728e-04,0.02
9.452730e-04,0.02
9.452732e-04,0.02
9.452734e-04,0.02
9.452736e-04,0.02
9.452738e-04,0.06
9.452740e-04,0.02
9.452742e-04,0.02
9.452744e-04,0.02
9.452746e-04,0.02
9.452748e-04,0.02
9.452750e-04,0.06
9.452752e-04,0.02
9.452754e-04,0.02
9.452756e-04,0.02
9.452758e-04,0.02
9.452760e-04,0.02
9.452762e-04,-0.02
9.452764e-04,0.02
9.452766e-04,0.02
9.452768e-04,0.06
9.452770e-04,0.02
9.452772e-04,-0.02
9.452774e-04,0.02
9.452776e-04,0.02
9.452778e-04,0.02
9.452780e-04,-0.02
9.452782e-04,0.02
9.452784e-04,0.06
9.452786e-04,0.06
9.452788e-04,0.02
9.452790e-04,-0.02
9.452792e-04,0.02
9.452794e-04,0.06
9.452796e-04,0.02
9.452798e-04,0.06
9.452800e-04,0.06
9.452802e-04,0.06
9.452804e-04,0.02
9.452806e-04,0.02
9.452808e-04,0.02
9.452810e-04,0.02
9.452812e-04,0.02
9.452814e-04,0.02
9.452816e-04,0.02
9.452818e-04,0.02
9.452820e-04,0.06
9.452822e-04,0.02
9.452824e-04,0.02
9.452826e-04,0.02
9.452828e-04,0.02
9.452830e-04,0.02
9.452832e-04,0.06
9.452834e-04,0.06
9.452836e-04,0.06
9.452838e-04,0.06
9.452840e-04,0.02
9.452842e-04,0.06
9.452844e-04,0.02
9.452846e-04,-0.02
9.452848e-04,0.06
9.452850e-04,0.02
9.452852e-04,0.06
9.452854e-04,0.02
9.452856e-04,0.02
9.452858e-04,0.02
9.452860e-04,0.06
9.452862e-04,0.02
9.452864e-04,0.06
9.452866e-04,0.06
9.452868e-04,0.02
9.452870e-04,0.02
9.452872e-04,0.02
9.452874e-04,-0.02
9.452876e-04,0.06
9.452878e-04,0.02
9.452880e-04,0.06
9.452882e-04,0.06
9.452884e-04,0.02
9.452886e-04,0.06
9.452888e-04,0.02
9.452890e-04,0.02
9.452892e-04,0.02
9.452894e-04,0.06
9.452896e-04,0.02
9.452898e-04,0.02
9.452900e-04,-0.02
9.452902e-04,-0.02
9.452904e-04,0.02
9.452906e-04,0.02
9.452908e-04,0.02
9.452910e-04,0.06
9.452912e-04,0.02
9.452914e-04,0.02
9.452916e-04,0.06
9.452918e-04,0.1
9.452920e-04,0.02
9.452922e-04,-0.02
9.452924e-04,0.06
9.452926e-04,0.02
9.452928e-04,0.06
9.452930e-04,0.06
9.452932e-04,0.02
9.452934e-04,0.06
9.452936e-04,0.02
9.452938e-04,0.02
9.452940e-04,0.02
9.452942e-04,0.06
9.452944e-04,0.06
9.452946e-04,0.02
9.452948e-04,0.02
9.452950e-04,0.02
9.452952e-04,0.02
9.452954e-04,0.02
9.452956e-04,-0.02
9.452958e-04,0.06
9.452960e-04,0.02
9.452962e-04,0.02
9.452964e-04,0.02
9.452966e-04,0.06
9.452968e-04,0.02
9.452970e-04,0.02
9.452972e-04,-0.02
9.452974e-04,0.02
9.452976e-04,0.02
9.452978e-04,0.06
9.452980e-04,0.02
9.452982e-04,0.02
9.452984e-04,0.02
9.452986e-04,0.06
9.452988e-04,0.02
9.452990e-04,0.02
9.452992e-04,0.02
9.452994e-04,0.02
9.452996e-04,-0.02
9.452998e-04,-0.02
9.453000e-04,-0.02
9.453002e-04,0.02
9.453004e-04,0.02
9.453006e-04,0.02
9.453008e-04,0.02
9.453010e-04,0.06
9.453012e-04,0.06
9.453014e-04,0.06
9.453016e-04,0.02
9.453018e-04,0.02
9.453020e-04,0.02
9.453022e-04,0.02
9.453024e-04,0.06
9.453026e-04,0.06
9.453028e-04,0.02
9.453030e-04,0.06
9.453032e-04,0.02
9.453034e-04,0.02
9.453036e-04,0.02
9.453038e-04,0.06
9.453040e-04,0.06
9.453042e-04,0.02
9.453044e-04,0.02
9.453046e-04,0.02
9.453048e-04,0.1
9.453050e-04,0.02
9.453052e-04,0.02
9.453054e-04,0.02
9.453056e-04,0.02
9.453058e-04,0.02
9.453060e-04,0.02
9.453062e-04,0.06
9.453064e-04,0.06
9.453066e-04,0.02
9.453068e-04,-0.02
9.453070e-04,0.02
9.453072e-04,0.02
9.453074e-04,0.06
9.453076e-04,0.06
9.453078e-04,0.02
9.453080e-04,0.02
9.453082e-04,0.02
9.453084e-04,0.02
9.453086e-04,0.02
9.453088e-04,0.02
9.453090e-04,-0.02
9.453092e-04,0.06
9.453094e-04,0.02
9.453096e-04,0.02
9.453098e-04,0.02
9.453100e-04,0.02
9.453102e-04,0.02
9.453104e-04,0.06
9.453106e-04,0.02
9.453108e-04,0.02
9.453110e-04,0.02
9.453112e-04,0.02
9.453114e-04,0.06
9.453116e-04,0.06
9.453118e-04,0.06
9.453120e-04,0.06
9.453122e-04,0.06
9.453124e-04,0.02
9.453126e-04,0.02
9.453128e-04,0.02
9.453130e-04,0.02
9.453132e-04,0.02
9.453134e-04,0.06
9.453136e-04,-0.02
9.453138e-04,-0.02
9.453140e-04,0.02
9.453142e-04,0.02
9.453144e-04,-0.02
9.453146e-04,0.06
9.453148e-04,0.02
9.453150e-04,0.02
9.453152e-04,0.02
9.453154e-04,0.02
9.453156e-04,0.02
9.453158e-04,0.06
9.453160e-04,0.06
9.453162e-04,0.1
9.453164e-04,0.06
9.453166e-04,0.06
9.453168e-04,0.06
9.453170e-04,0.02
9.453172e-04,0.02
9.453174e-04,0.02
9.453176e-04,0.02
9.453178e-04,-0.02
9.453180e-04,-0.02
9.453182e-04,0.02
9.453184e-04,0.06
9.453186e-04,0.02
9.453188e-04,0.02
9.453190e-04,0.02
9.453192e-04,0.02
9.453194e-04,0.02
9.453196e-04,0.06
9.453198e-04,0.02
9.453200e-04,0.02
9.453202e-04,0.06
9.453204e-04,0.02
9.453206e-04,0.02
9.453208e-04,0.02
9.453210e-04,0.06
9.453212e-04,0.02
9.453214e-04,0.02
9.453216e-04,-0.06
9.453218e-04,-0.02
9.453220e-04,0.02
9.453222e-04,0.02
9.453224e-04,0.06
9.453226e-04,0.06
9.453228e-04,0.06
9.453230e-04,0.02
9.453232e-04,0.06
9.453234e-04,0.02
9.453236e-04,0.06
9.453238e-04,0.02
9.453240e-04,0.02
9.453242e-04,0.02
9.453244e-04,0.02
9.453246e-04,0.02
9.453248e-04,0.02
9.453250e-04,0.02
9.453252e-04,0.02
9.453254e-04,0.02
9.453256e-04,0.02
9.453258e-04,-0.02
9.453260e-04,0.02
9.453262e-04,0.02
9.453264e-04,0.02
9.453266e-04,0.06
9.453268e-04,0.02
9.453270e-04,0.02
9.453272e-04,0.02
9.453274e-04,0.02
9.453276e-04,0.02
9.453278e-04,0.06
9.453280e-04,0.02
9.453282e-04,0.02
9.453284e-04,0.02
9.453286e-04,0.1
9.453288e-04,0.02
9.453290e-04,0.02
9.453292e-04,-0.02
9.453294e-04,0.02
9.453296e-04,-0.02
9.453298e-04,-0.02
9.453300e-04,-0.02
9.453302e-04,0.02
9.453304e-04,0.06
9.453306e-04,0.06
9.453308e-04,0.02
9.453310e-04,0.02
9.453312e-04,0.06
9.453314e-04,0.06
9.453316e-04,0.02
9.453318e-04,0.06
9.453320e-04,0.06
9.453322e-04,0.1
9.453324e-04,0.02
9.453326e-04,0.06
9.453328e-04,0.06
9.453330e-04,0.02
9.453332e-04,0.02
9.453334e-04,0.02
9.453336e-04,0.02
9.453338e-04,0.02
9.453340e-04,0.06
9.453342e-04,0.02
9.453344e-04,0.02
9.453346e-04,0.06
9.453348e-04,0.02
9.453350e-04,0.06
9.453352e-04,0.06
9.453354e-04,0.06
9.453356e-04,0.02
9.453358e-04,0.02
9.453360e-04,0.02
9.453362e-04,0.02
9.453364e-04,0.02
9.453366e-04,0.06
9.453368e-04,0.06
9.453370e-04,0.06
9.453372e-04,0.06
9.453374e-04,0.06
9.453376e-04,0.06
9.453378e-04,0.1
9.453380e-04,0.06
9.453382e-04,0.1
9.453384e-04,0.06
9.453386e-04,0.14
9.453388e-04,0.14
9.453390e-04,0.14
9.453392e-04,0.14
9.453394e-04,0.18
9.453396e-04,0.14
9.453398e-04,0.14
9.453400e-04,0.14
9.453402e-04,0.14
9.453404e-04,0.14
9.453406e-04,0.18
9.453408e-04,0.14
9.453410e-04,0.14
9.453412e-04,0.14
9.453414e-04,0.1
9.453416e-04,0.14
9.453418e-04,0.14
9.453420e-04,0.18
9.453422e-04,0.18
9.453424e-04,0.26
9.453426e-04,0.18
9.453428e-04,0.18
9.453430e-04,0.18
9.453432e-04,0.18
9.453434e-04,0.22
9.453436e-04,0.22
9.453438e-04,0.18
9.453440e-04,0.14
9.453442e-04,0.18
9.453444e-04,0.22
9.453446e-04,0.26
9.453448e-04,0.22
9.453450e-04,0.18
9.453452e-04,0.18
9.453454e-04,0.26
9.453456e-04,0.22
9.453458e-04,0.22
9.453460e-04,0.22
9.453462e-04,0.26
9.453464e-04,0.22
9.453466e-04,0.18
9.453468e-04,0.26
9.453470e-04,0.22
9.453472e-04,0.22
9.453474e-04,0.26
9.453476e-04,0.3
9.453478e-04,0.26
9.453480e-04,0.22
9.453482e-04,0.22
9.453484e-04,0.22
9.453486e-04,0.26
9.453488e-04,0.18
9.453490e-04,0.22
9.453492e-04,0.22
9.453494e-04,0.18
9.453496e-04,0.18
9.453498e-04,0.18
9.453500e-04,0.18
9.453502e-04,0.22
9.453504e-04,0.18
9.453506e-04,0.18
9.453508e-04,0.18
9.453510e-04,0.18
9.453512e-04,0.14
9.453514e-04,0.18
9.453516e-04,0.18
9.453518e-04,0.18
9.453520e-04,0.18
9.453522e-04,0.18
9.453524e-04,0.22
9.453526e-04,0.14
9.453528e-04,0.18
9.453530e-04,0.14
9.453532e-04,0.18
9.453534e-04,0.18
9.453536e-04,0.14
9.453538e-04,0.18
9.453540e-04,0.14
9.453542e-04,0.18
9.453544e-04,0.18
9.453546e-04,0.22
9.453548e-04,0.18
9.453550e-04,0.18
9.453552e-04,0.22
9.453554e-04,0.18
9.453556e-04,0.22
9.453558e-04,0.22
9.453560e-04,0.26
9.453562e-04,0.18
9.453564e-04,0.18
9.453566e-04,0.18
9.453568e-04,0.18
9.453570e-04,0.18
9.453572e-04,0.18
9.453574e-04,0.18
9.453576e-04,0.26
9.453578e-04,0.22
9.453580e-04,0.22
9.453582e-04,0.22
9.453584e-04,0.14
9.453586e-04,0.14
9.453588e-04,0.18
9.453590e-04,0.22
9.453592e-04,0.18
9.453594e-04,0.14
9.453596e-04,0.18
9.453598e-04,0.14
9.453600e-04,0.14
9.453602e-04,0.14
9.453604e-04,0.18
9.453606e-04,0.18
9.453608e-04,0.1
9.453610e-04,0.14
9.453612e-04,0.14
9.453614e-04,0.18
9.453616e-04,0.14
9.453618e-04,0.18
9.453620e-04,0.18
9.453622e-04,0.18
9.453624e-04,0.14
9.453626e-04,0.14
9.453628e-04,0.14
9.453630e-04,0.46
9.453632e-04,1.3
9.453634e-04,1.78
9.453636e-04,1.74
9.453638e-04,1.5
9.453640e-04,0.94
9.453642e-04,0.42
9.453644e-04,0.18
9.453646e-04,0.26
9.453648e-04,0.26
9.453650e-04,0.26
9.453652e-04,0.38
9.453654e-04,1.06
9.453656e-04,1.66
9.453658e-04,1.7
9.453660e-04,1.34
9.453662e-04,0.98
9.453664e-04,0.5
9.453666e-04,0.22
9.453668e-04,0.22
9.453670e-04,0.26
9.453672e-04,0.26
9.453674e-04,0.3
9.453676e-04,0.78
9.453678e-04,1.38
9.453680e-04,1.54
9.453682e-04,1.34
9.453684e-04,0.98
9.453686e-04,0.62
9.453688e-04,0.3
9.453690e-04,0.18
9.453692e-04,0.3
9.453694e-04,0.22
9.453696e-04,0.22
9.453698e-04,0.62
9.453700e-04,1.26
9.453702e-04,1.58
9.453704e-04,1.38
9.453706e-04,0.98
9.453708e-04,0.7
9.453710e-04,0.34
9.453712e-04,0.22
9.453714e-04,0.22
9.453716e-04,0.22
9.453718e-04,0.26
9.453720e-04,0.46
9.453722e-04,0.98
9.453724e-04,1.42
9.453726e-04,1.34
9.453728e-04,0.98
9.453730e-04,0.7
9.453732e-04,0.38
9.453734e-04,0.26
9.453736e-04,0.26
9.453738e-04,0.22
9.453740e-04,0.26
9.453742e-04,0.26
9.453744e-04,0.18
9.453746e-04,0.22
9.453748e-04,0.18
9.453750e-04,0.18
9.453752e-04,0.18
9.453754e-04,0.18
9.453756e-04,0.18
9.453758e-04,0.18
9.453760e-04,0.18
9.453762e-04,0.18
9.453764e-04,0.18
9.453766e-04,0.14
9.453768e-04,0.18
9.453770e-04,0.14
9.453772e-04,0.18
9.453774e-04,0.14
9.453776e-04,0.18
9.453778e-04,0.14
9.453780e-04,0.14
9.453782e-04,0.1
9.453784e-04,0.14
9.453786e-04,0.22
9.453788e-04,0.14
9.453790e-04,0.14
9.453792e-04,0.18
9.453794e-04,0.18
9.453796e-04,0.14
9.453798e-04,0.1
9.453800e-04,0.14
9.453802e-04,0.18
9.453804e-04,0.14
9.453806e-04,0.18
9.453808e-04,0.14
9.453810e-04,0.18
9.453812e-04,0.22
9.453814e-04,0.18
9.453816e-04,0.1
9.453818e-04,0.14
9.453820e-04,0.14
9.453822e-04,0.1
9.453824e-04,0.1
9.453826e-04,0.14
9.453828e-04,0.1
9.453830e-04,0.18
9.453832e-04,0.1
9.453834e-04,0.18
9.453836e-04,0.14
9.453838e-04,0.14
9.453840e-04,0.06
9.453842e-04,0.14
9.453844e-04,0.14
9.453846e-04,0.1
9.453848e-04,0.14
9.453850e-04,0.14
9.453852e-04,0.14
9.453854e-04,0.14
9.453856e-04,0.14
9.453858e-04,0.14
9.453860e-04,0.18
9.453862e-04,0.14
9.453864e-04,0.1
9.453866e-04,0.1
9.453868e-04,0.1
9.453870e-04,0.14
9.453872e-04,0.14
9.453874e-04,0.14
9.453876e-04,0.1
9.453878e-04,0.14
9.453880e-04,0.14
9.453882e-04,0.18
9.453884e-04,0.1
9.453886e-04,0.1
9.453888e-04,0.1
9.453890e-04,0.1
9.453892e-04,0.1
9.453894e-04,0.06
9.453896e-04,0.06
9.453898e-04,0.1
9.453900e-04,0.1
9.453902e-04,0.1
9.453904e-04,0.1
9.453906e-04,0.1
9.453908e-04,0.1
9.453910e-04,0.06
9.453912e-04,0.06
9.453914e-04,0.1
9.453916e-04,0.1
9.453918e-04,0.1
9.453920e-04,0.1
9.453922e-04,0.06
9.453924e-04,0.14
9.453926e-04,0.14
9.453928e-04,0.1
9.453930e-04,0.1
9.453932e-04,0.1
9.453934e-04,0.1
9.453936e-04,0.1
9.453938e-04,0.06
9.453940e-04,0.06
9.453942e-04,0.14
9.453944e-04,0.1
9.453946e-04,0.1
9.453948e-04,0.1
9.453950e-04,0.1
9.453952e-04,0.1
9.453954e-04,0.1
9.453956e-04,0.06
9.453958e-04,0.1
9.453960e-04,0.1
9.453962e-04,0.06
9.453964e-04,0.06
9.453966e-04,0.1
9.453968e-04,0.06
9.453970e-04,0.1
9.453972e-04,0.1
9.453974e-04,0.1
9.453976e-04,0.14
9.453978e-04,0.1
9.453980e-04,0.1
9.453982e-04,0.06
9.453984e-04,0.02
9.453986e-04,0.1
9.453988e-04,0.06
9.453990e-04,0.14
9.453992e-04,0.06
9.453994e-04,0.06
9.453996e-04,0.1
9.453998e-04,0.1
9.454000e-04,0.06
9.454002e-04,0.06
9.454004e-04,0.1
9.454006e-04,0.1
9.454008e-04,0.06
9.454010e-04,0.1
9.454012e-04,0.06
9.454014e-04,0.1
9.454016e-04,0.1
9.454018e-04,0.1
9.454020e-04,0.1
9.454022e-04,0.1
9.454024e-04,0.1
9.454026e-04,0.14
9.454028e-04,0.14
9.454030e-04,0.1
9.454032e-04,0.06
9.454034e-04,0.06
9.454036e-04,0.06
9.454038e-04,0.14
9.454040e-04,0.06
9.454042e-04,0.06
9.454044e-04,0.06
9.454046e-04,0.1
9.454048e-04,0.1
9.454050e-04,0.06
9.454052e-04,0.06
9.454054e-04,0.1
9.454056e-04,0.06
9.454058e-04,0.06
9.454060e-04,0.06
9.454062e-04,0.1
9.454064e-04,0.1
9.454066e-04,0.14
9.454068e-04,0.06
9.454070e-04,0.1
9.454072e-04,0.06
9.454074e-04,0.06
9.454076e-04,0.1
9.454078e-04,0.06
9.454080e-04,0.06
9.454082e-04,0.06
9.454084e-04,0.1
9.454086e-04,0.1
9.454088e-04,0.1
9.454090e-04,0.14
9.454092e-04,0.1
9.454094e-04,0.06
9.454096e-04,0.02
9.454098e-04,0.14
9.454100e-04,0.1
9.454102e-04,0.1
9.454104e-04,0.1
9.454106e-04,0.1
9.454108e-04,0.06
9.454110e-04,0.1
9.454112e-04,0.06
9.454114e-04,0.1
9.454116e-04,0.06
9.454118e-04,0.1
9.454120e-04,0.06
9.454122e-04,0.1
9.454124e-04,0.06
9.454126e-04,0.1
9.454128e-04,0.1
9.454130e-04,0.06
9.454132e-04,0.06
9.454134e-04,0.06
9.454136e-04,0.06
9.454138e-04,0.06
9.454140e-04,0.1
9.454142e-04,0.1
9.454144e-04,0.1
9.454146e-04,0.14
9.454148e-04,0.1
9.454150e-04,0.1
9.454152e-04,0.14
9.454154e-04,0.1
9.454156e-04,0.1
9.454158e-04,0.06
9.454160e-04,0.06
9.454162e-04,0.06
9.454164e-04,0.06
9.454166e-04,0.06
9.454168e-04,0.06
9.454170e-04,0.06
9.454172e-04,0.1
9.454174e-04,0.06
9.454176e-04,0.1
9.454178e-04,0.06
9.454180e-04,0.06
9.454182e-04,0.14
9.454184e-04,0.1
9.454186e-04,0.14
9.454188e-04,0.1
9.454190e-04,0.1
9.454192e-04,0.1
9.454194e-04,0.14
9.454196e-04,0.06
9.454198e-04,0.1
9.454200e-04,0.1
9.454202e-04,0.1
9.454204e-04,0.1
9.454206e-04,0.06
9.454208e-04,0.06
9.454210e-04,0.06
9.454212e-04,0.1
9.454214e-04,0.1
9.454216e-04,0.06
9.454218e-04,0.1
9.454220e-04,0.1
9.454222e-04,0.06
9.454224e-04,0.1
9.454226e-04,0.06
9.454228e-04,0.06
9.454230e-04,0.1
9.454232e-04,0.06
9.454234e-04,0.02
9.454236e-04,0.06
9.454238e-04,0.06
9.454240e-04,0.06
9.454242e-04,0.02
9.454244e-04,0.06
9.454246e-04,0.06
9.454248e-04,0.06
9.454250e-04,0.1
9.454252e-04,0.1
9.454254e-04,0.06
9.454256e-04,0.1
9.454258e-04,0.1
9.454260e-04,0.1
9.454262e-04,0.1
9.454264e-04,0.1
9.454266e-04,0.1
9.454268e-04,0.06
9.454270e-04,0.06
9.454272e-04,0.02
9.454274e-04,0.1
9.454276e-04,0.06
9.454278e-04,0.06
9.454280e-04,0.06
9.454282e-04,0.02
9.454284e-04,0.06
9.454286e-04,0.02
9.454288e-04,0.06
9.454290e-04,0.1
9.454292e-04,0.06
9.454294e-04,0.06
9.454296e-04,0.06
9.454298e-04,0.1
9.454300e-04,0.06
9.454302e-04,0.1
9.454304e-04,0.06
9.454306e-04,0.02
9.454308e-04,0.06
9.454310e-04,0.1
9.454312e-04,0.06
9.454314e-04,0.06
9.454316e-04,0.1
9.454318e-04,0.1
9.454320e-04,0.1
9.454322e-04,0.1
9.454324e-04,0.1
9.454326e-04,0.1
9.454328e-04,0.1
9.454330e-04,0.14
9.454332e-04,0.06
9.454334e-04,0.06
9.454336e-04,0.06
9.454338e-04,0.06
9.454340e-04,0.06
9.454342e-04,0.1
9.454344e-04,0.1
9.454346e-04,0.06
9.454348e-04,0.06
9.454350e-04,0.06
9.454352e-04,0.1
9.454354e-04,0.14
9.454356e-04,0.1
9.454358e-04,0.02
9.454360e-04,0.06
9.454362e-04,0.06
9.454364e-04,0.06
9.454366e-04,0.1
9.454368e-04,0.02
9.454370e-04,0.06
9.454372e-04,0.1
9.454374e-04,0.1
9.454376e-04,0.06
9.454378e-04,0.06
9.454380e-04,0.02
9.454382e-04,0.06
9.454384e-04,0.06
9.454386e-04,0.1
9.454388e-04,0.06
9.454390e-04,0.02
9.454392e-04,0.02
9.454394e-04,0.06
9.454396e-04,0.06
9.454398e-04,0.1
9.454400e-04,0.06
9.454402e-04,0.1
9.454404e-04,0.02
9.454406e-04,0.1
9.454408e-04,0.06
9.454410e-04,0.1
9.454412e-04,0.06
9.454414e-04,0.1
9.454416e-04,0.1
9.454418e-04,0.1
9.454420e-04,0.1
9.454422e-04,0.1
9.454424e-04,0.06
9.454426e-04,0.02
9.454428e-04,0.02
9.454430e-04,0.06
9.454432e-04,0.06
9.454434e-04,0.1
9.454436e-04,0.1
9.454438e-04,0.1
9.454440e-04,0.06
9.454442e-04,0.1
9.454444e-04,0.02
9.454446e-04,0.1
9.454448e-04,0.1
9.454450e-04,0.1
9.454452e-04,0.1
9.454454e-04,0.06
9.454456e-04,0.1
9.454458e-04,0.14
9.454460e-04,0.1
9.454462e-04,0.06
9.454464e-04,0.02
9.454466e-04,0.06
9.454468e-04,0.06
9.454470e-04,0.1
9.454472e-04,0.1
9.454474e-04,0.1
9.454476e-04,0.06
9.454478e-04,0.1
9.454480e-04,0.06
9.454482e-04,0.06
9.454484e-04,0.06
9.454486e-04,0.1
9.454488e-04,0.1
9.454490e-04,0.02
9.454492e-04,0.02
9.454494e-04,0.06
9.454496e-04,0.06
9.454498e-04,0.1
9.454500e-04,0.06
9.454502e-04,0.06
9.454504e-04,0.06
9.454506e-04,0.02
9.454508e-04,0.06
9.454510e-04,0.06
9.454512e-04,0.02
9.454514e-04,0.06
9.454516e-04,0.1
9.454518e-04,0.06
9.454520e-04,0.06
9.454522e-04,0.06
9.454524e-04,0.06
9.454526e-04,0.1
9.454528e-04,0.1
9.454530e-04,0.1
9.454532e-04,0.02
9.454534e-04,0.06
9.454536e-04,0.06
9.454538e-04,0.1
9.454540e-04,0.02
9.454542e-04,0.06
9.454544e-04,0.06
9.454546e-04,0.1
9.454548e-04,0.06
9.454550e-04,0.06
9.454552e-04,0.06
9.454554e-04,0.02
9.454556e-04,0.06
9.454558e-04,0.06
9.454560e-04,0.06
9.454562e-04,0.1
9.454564e-04,0.06
9.454566e-04,0.02
9.454568e-04,0.06
9.454570e-04,0.06
9.454572e-04,0.1
9.454574e-04,0.06
9.454576e-04,0.06
9.454578e-04,0.06
9.454580e-04,0.06
9.454582e-04,0.06
9.454584e-04,0.1
9.454586e-04,0.1
9.454588e-04,0.1
9.454590e-04,0.06
9.454592e-04,0.06
9.454594e-04,0.06
9.454596e-04,0.06
9.454598e-04,0.06
9.454600e-04,0.06
9.454602e-04,0.02
9.454604e-04,0.06
9.454606e-04,0.06
9.454608e-04,0.02
9.454610e-04,0.1
9.454612e-04,0.1
9.454614e-04,0.14
9.454616e-04,0.1
9.454618e-04,0.06
9.454620e-04,0.02
9.454622e-04,0.02
9.454624e-04,0.02
9.454626e-04,0.06
9.454628e-04,0.06
9.454630e-04,0.14
9.454632e-04,0.02
9.454634e-04,0.02
9.454636e-04,0.06
9.454638e-04,0.06
9.454640e-04,0.02
9.454642e-04,-0.02
9.454644e-04,0.06
9.454646e-04,0.14
9.454648e-04,0.1
9.454650e-04,0.06
9.454652e-04,0.06
9.454654e-04,0.06
9.454656e-04,0.06
9.454658e-04,0.02
9.454660e-04,0.06
9.454662e-04,0.1
9.454664e-04,0.06
9.454666e-04,0.02
9.454668e-04,0.06
9.454670e-04,0.06
9.454672e-04,0.1
9.454674e-04,0.02
9.454676e-04,0.02
9.454678e-04,0.06
9.454680e-04,0.06
9.454682e-04,0.1
9.454684e-04,0.02
9.454686e-04,0.06
9.454688e-04,0.02
9.454690e-04,0.02
9.454692e-04,0.06
9.454694e-04,0.06
9.454696e-04,0.06
9.454698e-04,0.06
9.454700e-04,0.02
9.454702e-04,0.06
9.454704e-04,0.02
9.454706e-04,0.02
9.454708e-04,0.06
9.454710e-04,0.1
9.454712e-04,0.02
9.454714e-04,0.06
9.454716e-04,0.06
9.454718e-04,0.1
9.454720e-04,0.06
9.454722e-04,0.06
9.454724e-04,0.06
9.454726e-04,0.06
9.454728e-04,0.06
9.454730e-04,0.1
9.454732e-04,0.06
9.454734e-04,0.06
9.454736e-04,0.06
9.454738e-04,0.06
9.454740e-04,0.02
9.454742e-04,0.1
9.454744e-04,0.06
9.454746e-04,0.06
9.454748e-04,0.06
9.454750e-04,0.06
9.454752e-04,0.06
9.454754e-04,0.06
9.454756e-04,0.06
9.454758e-04,0.06
9.454760e-04,0.06
9.454762e-04,0.06
9.454764e-04,0.02
9.454766e-04,0.06
9.454768e-04,0.06
9.454770e-04,0.06
9.454772e-04,0.06
9.454774e-04,0.06
9.454776e-04,0.02
9.454778e-04,0.02
9.454780e-04,0.06
9.454782e-04,0.1
9.454784e-04,0.06
9.454786e-04,0.02
9.454788e-04,0.06
9.454790e-04,0.1
9.454792e-04,0.02
9.454794e-04,0.1
9.454796e-04,0.06
9.454798e-04,0.06
9.454800e-04,0.1
9.454802e-04,0.1
9.454804e-04,0.1
9.454806e-04,0.1
9.454808e-04,0.1
9.454810e-04,0.06
9.454812e-04,0.02
9.454814e-04,0.1
9.454816e-04,0.06
9.454818e-04,0.1
9.454820e-04,0.06
9.454822e-04,0.02
9.454824e-04,0.06
9.454826e-04,0.06
9.454828e-04,0.06
9.454830e-04,0.02
9.454832e-04,0.02
9.454834e-04,0.06
9.454836e-04,0.02
9.454838e-04,0.06
9.454840e-04,0.06
9.454842e-04,0.1
9.454844e-04,0.02
9.454846e-04,-0.02
9.454848e-04,0.06
9.454850e-04,0.06
9.454852e-04,0.02
9.454854e-04,0.06
9.454856e-04,0.02
9.454858e-04,0.06
9.454860e-04,0.02
9.454862e-04,0.06
9.454864e-04,0.06
9.454866e-04,0.06
9.454868e-04,0.06
9.454870e-04,0.06
9.454872e-04,0.02
9.454874e-04,0.1
9.454876e-04,0.06
9.454878e-04,0.1
9.454880e-04,0.1
9.454882e-04,0.06
9.454884e-04,0.02
9.454886e-04,0.1
9.454888e-04,0.1
9.454890e-04,0.1
9.454892e-04,0.02
9.454894e-04,0.1
9.454896e-04,0.06
9.454898e-04,0.06
9.454900e-04,0.1
9.454902e-04,0.1
9.454904e-04,0.1
9.454906e-04,0.06
9.454908e-04,0.02
9.454910e-04,0.06
9.454912e-04,0.1
9.454914e-04,0.1
9.454916e-04,0.06
9.454918e-04,0.06
9.454920e-04,0.02
9.454922e-04,0.06
9.454924e-04,0.02
9.454926e-04,0.1
9.454928e-04,0.02
9.454930e-04,0.1
9.454932e-04,0.06
9.454934e-04,0.1
9.454936e-04,0.06
9.454938e-04,0.1
9.454940e-04,0.06
9.454942e-04,0.06
9.454944e-04,0.06
9.454946e-04,0.06
9.454948e-04,0.06
9.454950e-04,0.06
9.454952e-04,0.06
9.454954e-04,0.06
9.454956e-04,0.02
9.454958e-04,0.06
9.454960e-04,0.06
9.454962e-04,0.02
9.454964e-04,0.02
9.454966e-04,0.02
9.454968e-04,0.02
9.454970e-04,0.02
9.454972e-04,0.06
9.454974e-04,0.1
9.454976e-04,0.02
9.454978e-04,0.1
9.454980e-04,0.06
9.454982e-04,0.1
9.454984e-04,0.06
9.454986e-04,0.06
9.454988e-04,0.06
9.454990e-04,0.06
9.454992e-04,0.06
9.454994e-04,0.02
9.454996e-04,0.02
9.454998e-04,0.1
9.455000e-04,0.06
9.455002e-04,0.06
9.455004e-04,0.02
9.455006e-04,0.06
9.455008e-04,0.06
9.455010e-04,0.06
9.455012e-04,0.1
9.455014e-04,0.1
9.455016e-04,0.02
9.455018e-04,0.02
9.455020e-04,0.02
9.455022e-04,0.02
9.455024e-04,0.02
9.455026e-04,0.06
9.455028e-04,0.02
9.455030e-04,0.1
9.455032e-04,0.06
9.455034e-04,0.06
9.455036e-04,0.06
9.455038e-04,0.02
9.455040e-04,0.06
9.455042e-04,0.06
9.455044e-04,0.1
9.455046e-04,0.06
9.455048e-04,0.02
9.455050e-04,0.06
9.455052e-04,0.06
9.455054e-04,0.06
9.455056e-04,0.06
9.455058e-04,0.06
9.455060e-04,0.02
9.455062e-04,0.1
9.455064e-04,0.06
9.455066e-04,0.06
9.455068e-04,0.06
9.455070e-04,0.02
9.455072e-04,0.02
9.455074e-04,0.06
9.455076e-04,0.1
9.455078e-04,0.06
9.455080e-04,0.06
9.455082e-04,0.06
9.455084e-04,0.06
9.455086e-04,0.1
9.455088e-04,0.06
9.455090e-04,0.1
9.455092e-04,0.06
9.455094e-04,0.02
9.455096e-04,0.02
9.455098e-04,0.06
9.455100e-04,0.06
9.455102e-04,0.1
9.455104e-04,0.06
9.455106e-04,0.02
9.455108e-04,0.02
9.455110e-04,0.06
9.455112e-04,0.02
9.455114e-04,0.1
9.455116e-04,0.1
9.455118e-04,0.02
9.455120e-04,0.06
9.455122e-04,0.06
9.455124e-04,0.02
9.455126e-04,0.02
9.455128e-04,0.02
9.455130e-04,0.06
9.455132e-04,0.06
9.455134e-04,0.06
9.455136e-04,0.06
9.455138e-04,0.06
9.455140e-04,0.06
9.455142e-04,0.06
9.455144e-04,0.1
9.455146e-04,0.06
9.455148e-04,0.02
9.455150e-04,0.06
9.455152e-04,0.06
9.455154e-04,0.06
9.455156e-04,0.06
9.455158e-04,0.06
9.455160e-04,0.1
9.455162e-04,0.06
9.455164e-04,0.06
9.455166e-04,0.06
9.455168e-04,0.06
9.455170e-04,0.06
9.455172e-04,0.06
9.455174e-04,0.06
9.455176e-04,0.1
9.455178e-04,0.06
9.455180e-04,0.06
9.455182e-04,0.02
9.455184e-04,0.06
9.455186e-04,0.02
9.455188e-04,0.02
9.455190e-04,0.06
9.455192e-04,0.06
9.455194e-04,0.02
9.455196e-04,0.06
9.455198e-04,0.06
9.455200e-04,0.02
9.455202e-04,0.02
9.455204e-04,0.02
9.455206e-04,0.06
9.455208e-04,0.06
9.455210e-04,0.06
9.455212e-04,0.06
9.455214e-04,0.02
9.455216e-04,0.06
9.455218e-04,0.06
9.455220e-04,0.06
9.455222e-04,0.02
9.455224e-04,0.06
9.455226e-04,0.02
9.455228e-04,0.06
9.455230e-04,0.06
9.455232e-04,0.06
9.455234e-04,0.1
9.455236e-04,0.1
9.455238e-04,0.06
9.455240e-04,-0.02
9.455242e-04,0.06
9.455244e-04,0.06
9.455246e-04,0.06
9.455248e-04,0.02
9.455250e-04,0.06
9.455252e-04,0.06
9.455254e-04,0.06
9.455256e-04,0.02
9.455258e-04,-0.02
9.455260e-04,0.02
9.455262e-04,0.02
9.455264e-04,0.06
9.455266e-04,0.06
9.455268e-04,0.02
9.455270e-04,0.02
9.455272e-04,0.06
9.455274e-04,0.06
9.455276e-04,0.06
9.455278e-04,0.06
9.455280e-04,0.02
9.455282e-04,0.06
9.455284e-04,0.02
9.455286e-04,0.06
9.455288e-04,0.1
9.455290e-04,0.06
9.455292e-04,0.06
9.455294e-04,0.1
9.455296e-04,0.06
9.455298e-04,0.06
9.455300e-04,0.02
9.455302e-04,0.06
9.455304e-04,0.02
9.455306e-04,0.06
9.455308e-04,0.06
9.455310e-04,0.1
9.455312e-04,0.02
9.455314e-04,0.02
9.455316e-04,0.1
9.455318e-04,0.06
9.455320e-04,0.06
9.455322e-04,0.1
9.455324e-04,0.02
9.455326e-04,0.02
9.455328e-04,0.02
9.455330e-04,0.02
9.455332e-04,0.06
9.455334e-04,0.1
9.455336e-04,0.1
9.455338e-04,0.1
9.455340e-04,0.1
9.455342e-04,0.06
9.455344e-04,0.1
9.455346e-04,0.06
9.455348e-04,0.06
9.455350e-04,0.1
9.455352e-04,0.1
9.455354e-04,0.1
9.455356e-04,0.06
9.455358e-04,0.06
9.455360e-04,0.06
9.455362e-04,0.1
9.455364e-04,0.06
9.455366e-04,0.1
9.455368e-04,0.06
9.455370e-04,0.14
9.455372e-04,0.06
9.455374e-04,0.02
9.455376e-04,0.1
9.455378e-04,0.1
9.455380e-04,0.06
9.455382e-04,0.02
9.455384e-04,-0.02
9.455386e-04,0.06
9.455388e-04,0.06
9.455390e-04,0.1
9.455392e-04,0.06
9.455394e-04,0.1
9.455396e-04,0.1
9.455398e-04,0.1
9.455400e-04,0.06
9.455402e-04,0.02
9.455404e-04,0.02
9.455406e-04,0.06
9.455408e-04,0.06
9.455410e-04,0.02
9.455412e-04,0.06
9.455414e-04,0.1
9.455416e-04,0.06
9.455418e-04,0.1
9.455420e-04,0.1
9.455422e-04,0.02
9.455424e-04,0.06
9.455426e-04,0.1
9.455428e-04,0.06
9.455430e-04,0.06
9.455432e-04,0.06
9.455434e-04,0.06
9.455436e-04,0.06
9.455438e-04,0.06
9.455440e-04,0.06
9.455442e-04,0.06
9.455444e-04,0.06
9.455446e-04,0.1
9.455448e-04,0.1
9.455450e-04,0.06
9.455452e-04,0.1
9.455454e-04,0.02
9.455456e-04,0.02
9.455458e-04,0.06
9.455460e-04,0.06
9.455462e-04,0.02
9.455464e-04,0.02
9.455466e-04,0.06
9.455468e-04,0.06
9.455470e-04,0.02
9.455472e-04,0.02
9.455474e-04,0.1
9.455476e-04,0.06
9.455478e-04,0.06
9.455480e-04,0.02
9.455482e-04,0.06
9.455484e-04,0.1
9.455486e-04,0.06
9.455488e-04,0.02
9.455490e-04,0.06
9.455492e-04,0.1
9.455494e-04,0.06
9.455496e-04,0.1
9.455498e-04,0.06
9.455500e-04,0.06
9.455502e-04,0.06
9.455504e-04,0.1
9.455506e-04,0.14
9.455508e-04,0.02
9.455510e-04,0.06
9.455512e-04,0.06
9.455514e-04,0.06
9.455516e-04,0.02
9.455518e-04,0.1
9.455520e-04,0.06
9.455522e-04,0.1
9.455524e-04,0.1
9.455526e-04,0.06
9.455528e-04,0.06
9.455530e-04,0.06
9.455532e-04,0.06
9.455534e-04,0.06
9.455536e-04,0.02
9.455538e-04,0.06
9.455540e-04,0.06
9.455542e-04,0.02
9.455544e-04,0.06
9.455546e-04,0.06
9.455548e-04,0.1
9.455550e-04,0.06
9.455552e-04,0.02
9.455554e-04,0.06
9.455556e-04,0.06
9.455558e-04,0.02
9.455560e-04,0.06
9.455562e-04,0.06
9.455564e-04,0.06
9.455566e-04,0.1
9.455568e-04,0.06
9.455570e-04,0.1
9.455572e-04,-0.02
9.455574e-04,0.06
9.455576e-04,0.02
9.455578e-04,0.06
9.455580e-04,0.06
9.455582e-04,0.02
9.455584e-04,0.06
9.455586e-04,0.02
9.455588e-04,0.02
9.455590e-04,0.02
9.455592e-04,0.06
9.455594e-04,0.06
9.455596e-04,0.06
9.455598e-04,0.02
9.455600e-04,0.06
9.455602e-04,0.06
9.455604e-04,0.06
9.455606e-04,0.1
9.455608e-04,0.06
9.455610e-04,0.06
9.455612e-04,0.06
9.455614e-04,0.06
9.455616e-04,0.02
9.455618e-04,0.06
9.455620e-04,0.02
9.455622e-04,0.02
9.455624e-04,0.02
9.455626e-04,0.06
9.455628e-04,0.06
9.455630e-04,0.06
9.455632e-04,0.02
9.455634e-04,0.06
9.455636e-04,0.06
9.455638e-04,0.06
9.455640e-04,0.06
9.455642e-04,0.06
9.455644e-04,0.1
9.455646e-04,0.1
9.455648e-04,0.06
9.455650e-04,0.06
9.455652e-04,0.06
9.455654e-04,0.06
9.455656e-04,0.02
9.455658e-04,0.06
9.455660e-04,0.06
9.455662e-04,0.1
9.455664e-04,0.06
9.455666e-04,0.06
9.455668e-04,0.1
9.455670e-04,0.06
9.455672e-04,0.02
9.455674e-04,0.06
9.455676e-04,0.06
9.455678e-04,0.06
9.455680e-04,0.06
9.455682e-04,0.02
9.455684e-04,0.06
9.455686e-04,0.06
9.455688e-04,0.02
9.455690e-04,0.02
9.455692e-04,0.06
9.455694e-04,0.02
9.455696e-04,0.02
9.455698e-04,0.06
9.455700e-04,0.06
9.455702e-04,0.02
9.455704e-04,0.06
9.455706e-04,0.1
9.455708e-04,0.06
9.455710e-04,0.06
9.455712e-04,0.06
9.455714e-04,0.06
9.455716e-04,0.02
9.455718e-04,0.06
9.455720e-04,0.06
9.455722e-04,0.02
9.455724e-04,0.06
9.455726e-04,0.1
9.455728e-04,0.02
9.455730e-04,0.1
9.455732e-04,0.06
9.455734e-04,0.1
9.455736e-04,0.02
9.455738e-04,0.02
9.455740e-04,0.06
9.455742e-04,0.06
9.455744e-04,0.06
9.455746e-04,0.06
9.455748e-04,0.06
9.455750e-04,0.06
9.455752e-04,0.06
9.455754e-04,0.06
9.455756e-04,0.06
9.455758e-04,0.06
9.455760e-04,0.06
9.455762e-04,0.1
9.455764e-04,0.1
9.455766e-04,0.1
9.455768e-04,0.02
9.455770e-04,0.02
9.455772e-04,0.06
9.455774e-04,0.06
9.455776e-04,0.06
9.455778e-04,0.06
9.455780e-04,-0.02
9.455782e-04,0.02
9.455784e-04,0.06
9.455786e-04,0.06
9.455788e-04,0.06
9.455790e-04,0.1
9.455792e-04,0.02
9.455794e-04,0.06
9.455796e-04,0.02
9.455798e-04,0.06
9.455800e-04,0.06
9.455802e-04,0.1
9.455804e-04,0.1
9.455806e-04,0.1
9.455808e-04,0.02
9.455810e-04,0.02
9.455812e-04,0.06
9.455814e-04,0.06
9.455816e-04,0.02
9.455818e-04,0.06
9.455820e-04,0.06
9.455822e-04,0.02
9.455824e-04,0.06
9.455826e-04,-0.02
9.455828e-04,0.06
9.455830e-04,0.1
9.455832e-04,0.1
9.455834e-04,0.1
9.455836e-04,0.06
9.455838e-04,0.1
9.455840e-04,0.02
9.455842e-04,0.06
9.455844e-04,0.06
9.455846e-04,0.06
9.455848e-04,0.02
9.455850e-04,0.02
9.455852e-04,0.02
9.455854e-04,0.02
9.455856e-04,0.06
9.455858e-04,0.02
9.455860e-04,0.02
9.455862e-04,0.06
9.455864e-04,0.02
9.455866e-04,0.02
9.455868e-04,0.02
9.455870e-04,0.06
9.455872e-04,0.1
9.455874e-04,0.06
9.455876e-04,0.02
9.455878e-04,0.06
9.455880e-04,0.14
9.455882e-04,0.1
9.455884e-04,0.06
9.455886e-04,0.1
9.455888e-04,0.02
9.455890e-04,0.02
9.455892e-04,0.1
9.455894e-04,0.06
9.455896e-04,0.02
9.455898e-04,0.06
9.455900e-04,0.02
9.455902e-04,0.1
9.455904e-04,0.06
9.455906e-04,0.06
9.455908e-04,0.02
9.455910e-04,0.02
9.455912e-04,0.06
9.455914e-04,0.06
9.455916e-04,0.06
9.455918e-04,0.06
9.455920e-04,0.02
9.455922e-04,0.1
9.455924e-04,0.1
9.455926e-04,0.02
9.455928e-04,0.06
9.455930e-04,0.06
9.455932e-04,0.06
9.455934e-04,0.02
9.455936e-04,-0.02
9.455938e-04,0.02
9.455940e-04,0.06
9.455942e-04,0.06
9.455944e-04,0.06
9.455946e-04,0.02
9.455948e-04,0.02
9.455950e-04,0.06
9.455952e-04,0.06
9.455954e-04,-0.02
9.455956e-04,0.02
9.455958e-04,0.06
9.455960e-04,0.06
9.455962e-04,0.06
9.455964e-04,0.02
9.455966e-04,0.06
9.455968e-04,0.06
9.455970e-04,0.06
9.455972e-04,0.06
9.455974e-04,0.06
9.455976e-04,0.06
9.455978e-04,0.1
9.455980e-04,0.02
9.455982e-04,0.06
9.455984e-04,0.02
9.455986e-04,0.06
9.455988e-04,0.02
9.455990e-04,0.02
9.455992e-04,0.02
9.455994e-04,0.06
9.455996e-04,0.06
9.455998e-04,0.06
9.456000e-04,0.06
9.456002e-04,0.06
9.456004e-04,0.06
9.456006e-04,0.02
9.456008e-04,0.02
9.456010e-04,0.06
9.456012e-04,0.06
9.456014e-04,0.02
9.456016e-04,0.02
9.456018e-04,0.06
9.456020e-04,0.02
9.456022e-04,0.06
9.456024e-04,0.06
9.456026e-04,0.1
9.456028e-04,0.02
9.456030e-04,0.06
9.456032e-04,0.02
9.456034e-04,0.02
9.456036e-04,0.02
9.456038e-04,-0.02
9.456040e-04,0.02
9.456042e-04,0.06
9.456044e-04,0.06
9.456046e-04,0.1
9.456048e-04,0.06
9.456050e-04,0.06
9.456052e-04,-0.02
9.456054e-04,0.02
9.456056e-04,0.06
9.456058e-04,0.06
9.456060e-04,0.02
9.456062e-04,0.06
9.456064e-04,0.1
9.456066e-04,0.1
9.456068e-04,0.02
9.456070e-04,0.02
9.456072e-04,0.02
9.456074e-04,0.06
9.456076e-04,0.02
9.456078e-04,0.06
9.456080e-04,0.06
9.456082e-04,0.02
9.456084e-04,0.06
9.456086e-04,0.06
9.456088e-04,0.02
9.456090e-04,0.06
9.456092e-04,0.02
9.456094e-04,0.06
9.456096e-04,0.06
9.456098e-04,0.1
9.456100e-04,0.02
9.456102e-04,0.06
9.456104e-04,0.14
9.456106e-04,0.02
9.456108e-04,0.06
9.456110e-04,0.06
9.456112e-04,0.06
9.456114e-04,0.02
9.456116e-04,0.02
9.456118e-04,0.1
9.456120e-04,0.06
9.456122e-04,0.06
9.456124e-04,0.06
9.456126e-04,0.02
9.456128e-04,0.02
9.456130e-04,0.06
9.456132e-04,0.06
9.456134e-04,0.1
9.456136e-04,0.06
9.456138e-04,0.1
9.456140e-04,0.02
9.456142e-04,0.06
9.456144e-04,0.06
9.456146e-04,0.06
9.456148e-04,0.06
9.456150e-04,0.02
9.456152e-04,0.1
9.456154e-04,0.1
9.456156e-04,0.06
9.456158e-04,0.06
9.456160e-04,0.06
9.456162e-04,0.06
9.456164e-04,0.06
9.456166e-04,0.06
9.456168e-04,0.02
9.456170e-04,0.06
9.456172e-04,0.02
9.456174e-04,0.02
9.456176e-04,0.02
9.456178e-04,0.02
9.456180e-04,0.06
9.456182e-04,0.02
9.456184e-04,0.06
9.456186e-04,0.06
9.456188e-04,0.02
9.456190e-04,0.06
9.456192e-04,0.06
9.456194e-04,0.06
9.456196e-04,0.06
9.456198e-04,0.06
9.456200e-04,0.02
9.456202e-04,0.02
9.456204e-04,0.06
9.456206e-04,0.06
9.456208e-04,0.1
9.456210e-04,0.06
9.456212e-04,0.1
9.456214e-04,0.1
9.456216e-04,0.06
9.456218e-04,0.06
9.456220e-04,0.06
9.456222e-04,0.02
9.456224e-04,0.06
9.456226e-04,0.06
9.456228e-04,0.02
9.456230e-04,0.06
9.456232e-04,0.06
9.456234e-04,0.06
9.456236e-04,0.06
9.456238e-04,0.1
9.456240e-04,0.02
9.456242e-04,0.1
9.456244e-04,0.06
9.456246e-04,0.06
9.456248e-04,0.06
9.456250e-04,0.02
9.456252e-04,0.06
9.456254e-04,0.06
9.456256e-04,0.02
9.456258e-04,0.06
9.456260e-04,0.02
9.456262e-04,0.06
9.456264e-04,0.06
9.456266e-04,0.1
9.456268e-04,0.06
9.456270e-04,0.02
9.456272e-04,0.06
9.456274e-04,0.06
9.456276e-04,0.02
9.456278e-04,0.06
9.456280e-04,0.1
9.456282e-04,0.1
9.456284e-04,0.06
9.456286e-04,0.06
9.456288e-04,0.06
9.456290e-04,0.1
9.456292e-04,0.06
9.456294e-04,0.1
9.456296e-04,0.06
9.456298e-04,0.1
9.456300e-04,0.06
9.456302e-04,0.1
9.456304e-04,0.02
9.456306e-04,0.02
9.456308e-04,0.1
9.456310e-04,0.1
9.456312e-04,0.06
9.456314e-04,0.06
9.456316e-04,0.02
9.456318e-04,0.06
9.456320e-04,0.06
9.456322e-04,0.06
9.456324e-04,0.06
9.456326e-04,0.06
9.456328e-04,0.1
9.456330e-04,0.06
9.456332e-04,0.06
9.456334e-04,-0.02
9.456336e-04,0.02
9.456338e-04,0.06
9.456340e-04,0.02
9.456342e-04,0.06
9.456344e-04,0.02
9.456346e-04,0.02
9.456348e-04,0.06
9.456350e-04,0.06
9.456352e-04,0.06
9.456354e-04,0.06
9.456356e-04,0.06
9.456358e-04,0.1
9.456360e-04,0.02
9.456362e-04,0.02
9.456364e-04,-0.02
9.456366e-04,0.02
9.456368e-04,0.06
9.456370e-04,0.06
9.456372e-04,0.06
9.456374e-04,0.06
9.456376e-04,0.06
9.456378e-04,0.06
9.456380e-04,0.06
9.456382e-04,0.06
9.456384e-04,0.06
9.456386e-04,0.1
9.456388e-04,0.1
9.456390e-04,0.06
9.456392e-04,0.06
9.456394e-04,0.1
9.456396e-04,0.1
9.456398e-04,0.1
9.456400e-04,0.02
9.456402e-04,0.06
9.456404e-04,0.06
9.456406e-04,0.06
9.456408e-04,0.02
9.456410e-04,0.06
9.456412e-04,0.02
9.456414e-04,0.06
9.456416e-04,0.02
9.456418e-04,0.02
9.456420e-04,0.02
9.456422e-04,0.06
9.456424e-04,0.02
9.456426e-04,0.02
9.456428e-04,0.06
9.456430e-04,0.06
9.456432e-04,0.02
9.456434e-04,0.1
9.456436e-04,0.06
9.456438e-04,0.02
9.456440e-04,0.02
9.456442e-04,0.06
9.456444e-04,0.06
9.456446e-04,0.1
9.456448e-04,0.06
9.456450e-04,0.06
9.456452e-04,0.06
9.456454e-04,0.02
9.456456e-04,0.06
9.456458e-04,0.1
9.456460e-04,0.06
9.456462e-04,0.02
9.456464e-04,0.06
9.456466e-04,0.06
9.456468e-04,0.02
9.456470e-04,0.06
9.456472e-04,0.02
9.456474e-04,0.06
9.456476e-04,0.06
9.456478e-04,0.1
9.456480e-04,0.02
9.456482e-04,0.06
9.456484e-04,0.02
9.456486e-04,0.02
9.456488e-04,0.06
9.456490e-04,0.06
9.456492e-04,0.02
9.456494e-04,0.06
9.456496e-04,0.06
9.456498e-04,0.06
9.456500e-04,0.02
9.456502e-04,0.06
9.456504e-04,0.06
9.456506e-04,0.02
9.456508e-04,0.02
9.456510e-04,0.02
9.456512e-04,0.06
9.456514e-04,0.06
9.456516e-04,0.06
9.456518e-04,0.1
9.456520e-04,0.06
9.456522e-04,0.02
9.456524e-04,0.06
9.456526e-04,-0.02
9.456528e-04,0.06
9.456530e-04,0.06
9.456532e-04,0.06
9.456534e-04,0.06
9.456536e-04,0.06
9.456538e-04,0.06
9.456540e-04,0.06
9.456542e-04,0.02
9.456544e-04,0.02
9.456546e-04,-0.02
9.456548e-04,0.02
9.456550e-04,0.06
9.456552e-04,0.06
9.456554e-04,0.02
9.456556e-04,0.02
9.456558e-04,0.02
9.456560e-04,0.02
9.456562e-04,0.06
9.456564e-04,0.06
9.456566e-04,0.06
9.456568e-04,0.02
9.456570e-04,0.1
9.456572e-04,0.06
9.456574e-04,0.1
9.456576e-04,0.1
9.456578e-04,0.06
9.456580e-04,0.02
9.456582e-04,0.02
9.456584e-04,0.02
9.456586e-04,0.06
9.456588e-04,0.06
9.456590e-04,0.06
9.456592e-04,0.06
9.456594e-04,0.06
9.456596e-04,0.06
9.456598e-04,0.1
9.456600e-04,0.06
9.456602e-04,0.06
9.456604e-04,0.02
9.456606e-04,0.06
9.456608e-04,0.06
9.456610e-04,0.06
9.456612e-04,0.1
9.456614e-04,0.1
9.456616e-04,0.02
9.456618e-04,0.06
9.456620e-04,0.06
9.456622e-04,0.1
9.456624e-04,0.06
9.456626e-04,0.06
9.456628e-04,0.02
9.456630e-04,0.06
9.456632e-04,0.06
9.456634e-04,0.06
9.456636e-04,0.02
9.456638e-04,0.02
9.456640e-04,0.02
9.456642e-04,0.02
9.456644e-04,0.06
9.456646e-04,0.06
9.456648e-04,0.06
9.456650e-04,0.02
9.456652e-04,0.02
9.456654e-04,0.06
9.456656e-04,0.06
9.456658e-04,0.06
9.456660e-04,-0.02
9.456662e-04,0.02
9.456664e-04,0.06
9.456666e-04,0.06
9.456668e-04,0.06
9.456670e-04,0.06
9.456672e-04,0.06
9.456674e-04,0.06
9.456676e-04,0.02
9.456678e-04,0.06
9.456680e-04,0.02
9.456682e-04,0.02
9.456684e-04,0.06
9.456686e-04,0.06
9.456688e-04,0.02
9.456690e-04,0.02
9.456692e-04,0.02
9.456694e-04,0.06
9.456696e-04,0.06
9.456698e-04,0.06
9.456700e-04,0.06
9.456702e-04,0.1
9.456704e-04,0.06
9.456706e-04,0.1
9.456708e-04,0.1
9.456710e-04,0.06
9.456712e-04,0.06
9.456714e-04,0.06
9.456716e-04,0.06
9.456718e-04,0.02
9.456720e-04,0.06
9.456722e-04,0.06
9.456724e-04,0.06
9.456726e-04,0.1
9.456728e-04,0.02
9.456730e-04,0.02
9.456732e-04,0.06
9.456734e-04,0.02
9.456736e-04,0.06
9.456738e-04,0.02
9.456740e-04,0.06
9.456742e-04,0.06
9.456744e-04,0.02
9.456746e-04,0.1
9.456748e-04,0.02
9.456750e-04,0.02
9.456752e-04,0.02
9.456754e-04,0.06
9.456756e-04,0.02
9.456758e-04,0.02
9.456760e-04,0.06
9.456762e-04,0.06
9.456764e-04,0.02
9.456766e-04,0.06
9.456768e-04,0.06
9.456770e-04,0.1
9.456772e-04,0.06
9.456774e-04,0.06
9.456776e-04,0.02
9.456778e-04,0.06
9.456780e-04,0.02
9.456782e-04,0.02
9.456784e-04,0.02
9.456786e-04,0.02
9.456788e-04,0.02
9.456790e-04,0.02
9.456792e-04,0.06
9.456794e-04,0.06
9.456796e-04,0.02
9.456798e-04,0.06
9.456800e-04,0.02
9.456802e-04,0.06
9.456804e-04,0.06
9.456806e-04,0.06
9.456808e-04,0.06
9.456810e-04,0.06
9.456812e-04,0.06
9.456814e-04,0.02
9.456816e-04,0.02
9.456818e-04,0.06
9.456820e-04,0.06
9.456822e-04,0.02
9.456824e-04,0.02
9.456826e-04,0.06
9.456828e-04,0.06
9.456830e-04,0.1
9.456832e-04,0.06
9.456834e-04,0.06
9.456836e-04,0.02
9.456838e-04,0.06
9.456840e-04,0.1
9.456842e-04,0.06
9.456844e-04,0.06
9.456846e-04,0.06
9.456848e-04,0.02
9.456850e-04,0.06
9.456852e-04,0.06
9.456854e-04,0.06
9.456856e-04,0.06
9.456858e-04,0.1
9.456860e-04,0.06
9.456862e-04,0.06
9.456864e-04,0.02
9.456866e-04,0.06
9.456868e-04,0.06
9.456870e-04,0.06
9.456872e-04,0.06
9.456874e-04,0.06
9.456876e-04,0.06
9.456878e-04,0.02
9.456880e-04,0.06
9.456882e-04,0.02
9.456884e-04,0.02
9.456886e-04,0.06
9.456888e-04,0.02
9.456890e-04,0.1
9.456892e-04,0.06
9.456894e-04,0.02
9.456896e-04,0.02
9.456898e-04,0.06
9.456900e-04,0.02
9.456902e-04,0.02
9.456904e-04,0.02
9.456906e-04,0.02
9.456908e-04,0.06
9.456910e-04,0.02
9.456912e-04,0.02
9.456914e-04,0.06
9.456916e-04,0.06
9.456918e-04,0.06
9.456920e-04,0.02
9.456922e-04,0.02
9.456924e-04,0.02
9.456926e-04,0.02
9.456928e-04,0.06
9.456930e-04,0.02
9.456932e-04,0.06
9.456934e-04,0.02
9.456936e-04,-0.02
9.456938e-04,0.02
9.456940e-04,-0.02
9.456942e-04,0.02
9.456944e-04,0.06
9.456946e-04,0.06
9.456948e-04,0.02
9.456950e-04,0.06
9.456952e-04,0.06
9.456954e-04,0.06
9.456956e-04,0.02
9.456958e-04,0.06
9.456960e-04,0.02
9.456962e-04,0.06
9.456964e-04,0.02
9.456966e-04,0.02
9.456968e-04,0.02
9.456970e-04,0.02
9.456972e-04,0.06
9.456974e-04,0.06
9.456976e-04,0.06
9.456978e-04,0.06
9.456980e-04,0.06
9.456982e-04,0.02
9.456984e-04,0.02
9.456986e-04,0.02
9.456988e-04,0.02
9.456990e-04,0.06
9.456992e-04,0.06
9.456994e-04,0.06
9.456996e-04,0.02
9.456998e-04,0.06
9.457000e-04,0.02
9.457002e-04,0.06
9.457004e-04,0.06
9.457006e-04,0.02
9.457008e-04,0.02
9.457010e-04,0.06
9.457012e-04,0.06
9.457014e-04,0.02
9.457016e-04,0.02
9.457018e-04,0.06
9.457020e-04,0.02
9.457022e-04,0.1
9.457024e-04,0.06
9.457026e-04,0.02
9.457028e-04,0.06
9.457030e-04,0.06
9.457032e-04,0.06
9.457034e-04,0.06
9.457036e-04,0.06
9.457038e-04,0.06
9.457040e-04,0.06
9.457042e-04,0.06
9.457044e-04,0.06
9.457046e-04,0.06
9.457048e-04,0.06
9.457050e-04,0.14
9.457052e-04,0.06
9.457054e-04,0.02
9.457056e-04,0.02
9.457058e-04,0.02
9.457060e-04,0.02
9.457062e-04,0.06
9.457064e-04,0.1
9.457066e-04,0.06
9.457068e-04,0.02
9.457070e-04,0.1
9.457072e-04,0.1
9.457074e-04,0.06
9.457076e-04,0.06
9.457078e-04,0.1
9.457080e-04,0.06
9.457082e-04,0.06
9.457084e-04,0.02
9.457086e-04,0.02
9.457088e-04,0.06
9.457090e-04,0.02
9.457092e-04,0.06
9.457094e-04,0.02
9.457096e-04,-0.02
9.457098e-04,-0.02
9.457100e-04,0.02
9.457102e-04,0.02
9.457104e-04,0.02
9.457106e-04,0.1
9.457108e-04,0.02
9.457110e-04,0.06
9.457112e-04,0.02
9.457114e-04,0.1
9.457116e-04,0.1
9.457118e-04,0.06
9.457120e-04,0.02
9.457122e-04,0.06
9.457124e-04,0.02
9.457126e-04,0.06
9.457128e-04,0.02
9.457130e-04,0.02
9.457132e-04,0.1
9.457134e-04,0.06
9.457136e-04,0.1
9.457138e-04,0.06
9.457140e-04,0.06
9.457142e-04,0.02
9.457144e-04,0.06
9.457146e-04,0.06
9.457148e-04,0.02
9.457150e-04,0.02
9.457152e-04,0.06
9.457154e-04,0.06
9.457156e-04,0.02
9.457158e-04,0.1
9.457160e-04,0.06
9.457162e-04,0.06
9.457164e-04,0.06
9.457166e-04,0.1
9.457168e-04,0.06
9.457170e-04,0.06
9.457172e-04,0.02
9.457174e-04,0.06
9.457176e-04,0.06
9.457178e-04,0.06
9.457180e-04,0.06
9.457182e-04,0.06
9.457184e-04,0.06
9.457186e-04,0.06
9.457188e-04,0.06
9.457190e-04,0.06
9.457192e-04,0.06
9.457194e-04,0.02
9.457196e-04,0.02
9.457198e-04,0.02
9.457200e-04,0.02
9.457202e-04,0.02
9.457204e-04,0.06
9.457206e-04,0.1
9.457208e-04,0.06
9.457210e-04,0.06
9.457212e-04,0.02
9.457214e-04,0.02
9.457216e-04,0.02
9.457218e-04,0.06
9.457220e-04,0.06
9.457222e-04,0.02
9.457224e-04,0.06
9.457226e-04,0.02
9.457228e-04,0.02
9.457230e-04,0.1
9.457232e-04,0.06
9.457234e-04,0.06
9.457236e-04,0.06
9.457238e-04,0.1
9.457240e-04,0.06
9.457242e-04,0.06
9.457244e-04,0.02
9.457246e-04,0.06
9.457248e-04,0.06
9.457250e-04,0.02
9.457252e-04,0.06
9.457254e-04,0.02
9.457256e-04,0.02
9.457258e-04,0.02
9.457260e-04,0.06
9.457262e-04,0.06
9.457264e-04,0.02
9.457266e-04,0.1
9.457268e-04,0.06
9.457270e-04,0.06
9.457272e-04,0.06
9.457274e-04,0.06
9.457276e-04,0.02
9.457278e-04,0.02
9.457280e-04,0.02
9.457282e-04,0.02
9.457284e-04,0.02
9.457286e-04,0.02
9.457288e-04,0.06
9.457290e-04,0.06
9.457292e-04,0.06
9.457294e-04,0.06
9.457296e-04,0.06
9.457298e-04,0.02
9.457300e-04,0.06
9.457302e-04,0.06
9.457304e-04,0.06
9.457306e-04,0.06
9.457308e-04,0.06
9.457310e-04,0.02
9.457312e-04,0.06
9.457314e-04,0.1
9.457316e-04,0.06
9.457318e-04,0.06
9.457320e-04,0.02
9.457322e-04,0.06
9.457324e-04,0.06
9.457326e-04,0.06
9.457328e-04,0.06
9.457330e-04,0.02
9.457332e-04,0.06
9.457334e-04,0.06
9.457336e-04,0.02
9.457338e-04,0.02
9.457340e-04,0.02
9.457342e-04,0.02
9.457344e-04,0.06
9.457346e-04,0.02
9.457348e-04,0.06
9.457350e-04,0.02
9.457352e-04,0.06
9.457354e-04,0.06
9.457356e-04,0.06
9.457358e-04,0.06
9.457360e-04,0.06
9.457362e-04,0.06
9.457364e-04,0.06
9.457366e-04,0.1
9.457368e-04,0.1
9.457370e-04,0.06
9.457372e-04,0.02
9.457374e-04,0.06
9.457376e-04,0.02
9.457378e-04,0.06
9.457380e-04,0.02
9.457382e-04,0.02
9.457384e-04,0.06
9.457386e-04,0.06
9.457388e-04,0.06
9.457390e-04,0.02
9.457392e-04,0.02
9.457394e-04,0.06
9.457396e-04,0.06
9.457398e-04,0.1
9.457400e-04,0.06
9.457402e-04,0.06
9.457404e-04,0.02
9.457406e-04,0.06
9.457408e-04,0.06
9.457410e-04,0.1
9.457412e-04,0.06
9.457414e-04,0.06
9.457416e-04,0.02
9.457418e-04,0.06
9.457420e-04,0.06
9.457422e-04,0.06
9.457424e-04,0.02
9.457426e-04,0.02
9.457428e-04,0.06
9.457430e-04,0.02
9.457432e-04,0.06
9.457434e-04,0.06
9.457436e-04,0.02
9.457438e-04,0.06
9.457440e-04,0.06
9.457442e-04,0.06
9.457444e-04,0.02
9.457446e-04,0.06
9.457448e-04,0.06
9.457450e-04,0.02
9.457452e-04,0.06
9.457454e-04,0.02
9.457456e-04,0.02
9.457458e-04,0.06
9.457460e-04,0.02
9.457462e-04,0.06
9.457464e-04,0.02
9.457466e-04,0.1
9.457468e-04,0.06
9.457470e-04,0.06
9.457472e-04,0.06
9.457474e-04,0.06
9.457476e-04,0.02
9.457478e-04,0.02
9.457480e-04,0.02
9.457482e-04,0.1
9.457484e-04,0.06
9.457486e-04,0.06
9.457488e-04,0.06
9.457490e-04,0.1
9.457492e-04,0.06
9.457494e-04,0.06
9.457496e-04,0.06
9.457498e-04,0.06
9.457500e-04,0.02
9.457502e-04,0.02
9.457504e-04,0.06
9.457506e-04,0.06
9.457508e-04,0.06
9.457510e-04,0.06
9.457512e-04,0.06
9.457514e-04,0.06
9.457516e-04,0.06
9.457518e-04,0.06
9.457520e-04,0.06
9.457522e-04,0.06
9.457524e-04,0.06
9.457526e-04,0.06
9.457528e-04,0.06
9.457530e-04,0.02
9.457532e-04,0.06
9.457534e-04,0.06
9.457536e-04,0.06
9.457538e-04,0.06
9.457540e-04,0.02
9.457542e-04,0.06
9.457544e-04,0.02
9.457546e-04,0.06
9.457548e-04,0.06
9.457550e-04,0.02
9.457552e-04,0.02
9.457554e-04,0.02
9.457556e-04,0.06
9.457558e-04,0.06
9.457560e-04,0.02
9.457562e-04,0.02
9.457564e-04,0.02
9.457566e-04,0.06
9.457568e-04,0.02
9.457570e-04,0.02
9.457572e-04,0.02
9.457574e-04,0.02
9.457576e-04,0.06
9.457578e-04,0.02
9.457580e-04,0.02
9.457582e-04,0.06
9.457584e-04,0.02
9.457586e-04,0.06
9.457588e-04,0.06
9.457590e-04,0.06
9.457592e-04,0.02
9.457594e-04,0.06
9.457596e-04,0.02
9.457598e-04,0.06
9.457600e-04,0.06
9.457602e-04,0.06
9.457604e-04,0.06
9.457606e-04,0.06
9.457608e-04,0.02
9.457610e-04,0.02
9.457612e-04,0.06
9.457614e-04,0.06
9.457616e-04,0.06
9.457618e-04,0.02
9.457620e-04,0.02
9.457622e-04,0.06
9.457624e-04,0.02
9.457626e-04,0.06
9.457628e-04,0.02
9.457630e-04,0.02
9.457632e-04,0.06
9.457634e-04,0.02
9.457636e-04,0.06
9.457638e-04,0.06
9.457640e-04,0.02
9.457642e-04,0.06
9.457644e-04,0.02
9.457646e-04,0.02
9.457648e-04,0.06
9.457650e-04,0.06
9.457652e-04,0.02
9.457654e-04,0.06
9.457656e-04,0.02
9.457658e-04,0.02
9.457660e-04,0.02
9.457662e-04,0.02
9.457664e-04,0.02
9.457666e-04,0.06
9.457668e-04,0.06
9.457670e-04,0.06
9.457672e-04,0.02
9.457674e-04,0.02
9.457676e-04,0.06
9.457678e-04,0.02
9.457680e-04,0.06
9.457682e-04,0.06
9.457684e-04,0.06
9.457686e-04,0.06
9.457688e-04,0.06
9.457690e-04,0.06
9.457692e-04,0.02
9.457694e-04,0.1
9.457696e-04,0.02
9.457698e-04,-0.02
9.457700e-04,0.06
9.457702e-04,0.06
9.457704e-04,0.02
9.457706e-04,0.06
9.457708e-04,0.06
9.457710e-04,0.06
9.457712e-04,0.06
9.457714e-04,0.06
9.457716e-04,0.02
9.457718e-04,0.06
9.457720e-04,0.06
9.457722e-04,0.02
9.457724e-04,0.06
9.457726e-04,0.06
9.457728e-04,0.02
9.457730e-04,0.02
9.457732e-04,-0.02
9.457734e-04,0.06
9.457736e-04,0.06
9.457738e-04,0.1
9.457740e-04,-0.02
9.457742e-04,0.06
9.457744e-04,0.1
9.457746e-04,0.1
9.457748e-04,0.06
9.457750e-04,0.06
9.457752e-04,0.02
9.457754e-04,0.06
9.457756e-04,0.02
9.457758e-04,-0.02
9.457760e-04,0.06
9.457762e-04,0.02
9.457764e-04,0.02
9.457766e-04,0.1
9.457768e-04,0.1
9.457770e-04,0.06
9.457772e-04,0.06
9.457774e-04,0.1
9.457776e-04,0.02
9.457778e-04,0.06
9.457780e-04,0.1
9.457782e-04,0.06
9.457784e-04,0.1
9.457786e-04,0.1
9.457788e-04,0.1
9.457790e-04,0.06
9.457792e-04,0.06
9.457794e-04,0.06
9.457796e-04,0.02
9.457798e-04,0.1
9.457800e-04,0.02
9.457802e-04,0.06
9.457804e-04,0.02
9.457806e-04,0.02
9.457808e-04,0.02
9.457810e-04,0.02
9.457812e-04,0.06
9.457814e-04,0.02
9.457816e-04,0.06
9.457818e-04,0.06
9.457820e-04,0.06
9.457822e-04,0.1
9.457824e-04,0.06
9.457826e-04,0.06
9.457828e-04,0.02
9.457830e-04,0.06
9.457832e-04,0.06
9.457834e-04,0.1
9.457836e-04,0.06
9.457838e-04,0.06
9.457840e-04,0.06
9.457842e-04,0.02
9.457844e-04,0.02
9.457846e-04,0.06
9.457848e-04,0.06
9.457850e-04,0.06
9.457852e-04,0.02
9.457854e-04,0.06
9.457856e-04,0.06
9.457858e-04,0.1
9.457860e-04,0.02
9.457862e-04,0.06
9.457864e-04,0.06
9.457866e-04,0.06
9.457868e-04,0.06
9.457870e-04,0.02
9.457872e-04,0.02
9.457874e-04,0.06
9.457876e-04,0.06
9.457878e-04,0.06
9.457880e-04,0.06
9.457882e-04,0.02
9.457884e-04,0.02
9.457886e-04,0.06
9.457888e-04,0.06
9.457890e-04,0.06
9.457892e-04,0.02
9.457894e-04,0.06
9.457896e-04,0.1
9.457898e-04,0.06
9.457900e-04,0.1
9.457902e-04,0.1
9.457904e-04,0.06
9.457906e-04,0.06
9.457908e-04,0.02
9.457910e-04,0.06
9.457912e-04,0.02
9.457914e-04,0.06
9.457916e-04,0.02
9.457918e-04,0.1
9.457920e-04,0.06
9.457922e-04,0.06
9.457924e-04,0.02
9.457926e-04,0.02
9.457928e-04,0.02
9.457930e-04,0.02
9.457932e-04,0.02
9.457934e-04,0.1
9.457936e-04,0.06
9.457938e-04,0.06
9.457940e-04,0.02
9.457942e-04,0.02
9.457944e-04,0.06
9.457946e-04,0.1
9.457948e-04,0.06
9.457950e-04,0.06
9.457952e-04,0.06
9.457954e-04,0.02
9.457956e-04,0.06
9.457958e-04,0.06
9.457960e-04,0.02
9.457962e-04,0.02
9.457964e-04,0.02
9.457966e-04,0.02
9.457968e-04,0.02
9.457970e-04,0.06
9.457972e-04,0.02
9.457974e-04,0.06
9.457976e-04,0.02
9.457978e-04,0.02
9.457980e-04,0.06
9.457982e-04,0.06
9.457984e-04,0.06
9.457986e-04,0.06
9.457988e-04,0.02
9.457990e-04,0.06
9.457992e-04,0.06
9.457994e-04,0.06
9.457996e-04,0.02
9.457998e-04,0.06
9.458000e-04,0.06
9.458002e-04,0.1
9.458004e-04,0.06
9.458006e-04,0.06
9.458008e-04,0.06
9.458010e-04,0.02
9.458012e-04,0.06
9.458014e-04,0.06
9.458016e-04,0.1
9.458018e-04,-0.02
9.458020e-04,0.02
9.458022e-04,0.02
9.458024e-04,0.06
9.458026e-04,0.06
9.458028e-04,0.02
9.458030e-04,0.06
9.458032e-04,0.02
9.458034e-04,0.02
9.458036e-04,0.02
9.458038e-04,0.06
9.458040e-04,0.02
9.458042e-04,0.06
9.458044e-04,0.02
9.458046e-04,0.06
9.458048e-04,0.06
9.458050e-04,-0.02
9.458052e-04,0.02
9.458054e-04,0.06
9.458056e-04,0.02
9.458058e-04,0.06
9.458060e-04,0.06
9.458062e-04,0.02
9.458064e-04,0.02
9.458066e-04,0.06
9.458068e-04,0.06
9.458070e-04,0.02
9.458072e-04,0.1
9.458074e-04,0.02
9.458076e-04,0.02
9.458078e-04,0.02
9.458080e-04,0.02
9.458082e-04,0.06
9.458084e-04,0.06
9.458086e-04,0.02
9.458088e-04,0.06
9.458090e-04,0.1
9.458092e-04,0.06
9.458094e-04,0.1
9.458096e-04,0.02
9.458098e-04,0.02
9.458100e-04,0.06
9.458102e-04,0.02
9.458104e-04,0.02
9.458106e-04,0.02
9.458108e-04,0.02
9.458110e-04,0.06
9.458112e-04,0.1
9.458114e-04,0.1
9.458116e-04,0.02
9.458118e-04,0.02
9.458120e-04,0.02
9.458122e-04,0.06
9.458124e-04,0.02
9.458126e-04,0.06
9.458128e-04,0.06
9.458130e-04,-0.02
9.458132e-04,-0.02
9.458134e-04,0.06
9.458136e-04,0.02
9.458138e-04,0.14
9.458140e-04,0.06
9.458142e-04,0.06
9.458144e-04,0.02
9.458146e-04,0.06
9.458148e-04,0.02
9.458150e-04,0.02
9.458152e-04,0.02
9.458154e-04,0.06
9.458156e-04,0.06
9.458158e-04,0.1
9.458160e-04,0.02
9.458162e-04,0.02
9.458164e-04,0.06
9.458166e-04,0.06
9.458168e-04,0.02
9.458170e-04,0.02
9.458172e-04,0.02
9.458174e-04,0.06
9.458176e-04,0.06
9.458178e-04,0.06
9.458180e-04,0.1
9.458182e-04,0.06
9.458184e-04,0.02
9.458186e-04,0.06
9.458188e-04,0.06
9.458190e-04,0.06
9.458192e-04,0.06
9.458194e-04,0.02
9.458196e-04,0.06
9.458198e-04,0.06
9.458200e-04,0.02
9.458202e-04,0.06
9.458204e-04,0.02
9.458206e-04,0.06
9.458208e-04,0.06
9.458210e-04,0.06
9.458212e-04,0.06
9.458214e-04,0.02
9.458216e-04,0.02
9.458218e-04,0.02
9.458220e-04,0.06
9.458222e-04,0.02
9.458224e-04,0.06
9.458226e-04,0.02
9.458228e-04,0.02
9.458230e-04,0.06
9.458232e-04,0.06
9.458234e-04,0.06
9.458236e-04,0.02
9.458238e-04,0.06
9.458240e-04,0.1
9.458242e-04,0.1
9.458244e-04,0.02
9.458246e-04,0.06
9.458248e-04,0.06
9.458250e-04,0.06
9.458252e-04,0.02
9.458254e-04,0.02
9.458256e-04,-0.02
9.458258e-04,0.06
9.458260e-04,0.02
9.458262e-04,0.06
9.458264e-04,0.06
9.458266e-04,0.02
9.458268e-04,0.06
9.458270e-04,0.02
9.458272e-04,0.06
9.458274e-04,0.06
9.458276e-04,0.06
9.458278e-04,0.06
9.458280e-04,0.06
9.458282e-04,0.02
9.458284e-04,0.02
9.458286e-04,0.06
9.458288e-04,0.02
9.458290e-04,0.1
9.458292e-04,0.06
9.458294e-04,0.06
9.458296e-04,0.06
9.458298e-04,0.06
9.458300e-04,0.02
9.458302e-04,0.06
9.458304e-04,0.06
9.458306e-04,0.06
9.458308e-04,0.02
9.458310e-04,0.02
9.458312e-04,0.02
9.458314e-04,0.06
9.458316e-04,0.02
9.458318e-04,0.06
9.458320e-04,0.06
9.458322e-04,0.02
9.458324e-04,0.06
9.458326e-04,0.06
9.458328e-04,-0.02
9.458330e-04,0.02
9.458332e-04,0.02
9.458334e-04,0.06
9.458336e-04,0.06
9.458338e-04,0.06
9.458340e-04,0.02
9.458342e-04,0.02
9.458344e-04,0.06
9.458346e-04,0.1
9.458348e-04,0.06
9.458350e-04,0.06
9.458352e-04,0.02
9.458354e-04,0.06
9.458356e-04,0.02
9.458358e-04,0.06
9.458360e-04,0.02
9.458362e-04,0.06
9.458364e-04,0.06
9.458366e-04,0.06
9.458368e-04,-0.02
9.458370e-04,0.02
9.458372e-04,0.06
9.458374e-04,0.02
9.458376e-04,0.06
9.458378e-04,0.06
9.458380e-04,0.1
9.458382e-04,0.06
9.458384e-04,0.02
9.458386e-04,0.02
9.458388e-04,0.06
9.458390e-04,0.06
9.458392e-04,0.06
9.458394e-04,0.02
9.458396e-04,0.06
9.458398e-04,0.02
9.458400e-04,0.02
9.458402e-04,0.02
9.458404e-04,0.02
9.458406e-04,0.02
9.458408e-04,-0.06
9.458410e-04,0.02
9.458412e-04,0.06
9.458414e-04,0.06
9.458416e-04,0.06
9.458418e-04,0.02
9.458420e-04,0.02
9.458422e-04,0.02
9.458424e-04,0.06
9.458426e-04,0.06
9.458428e-04,0.1
9.458430e-04,0.06
9.458432e-04,0.02
9.458434e-04,0.02
9.458436e-04,0.06
9.458438e-04,0.02
9.458440e-04,0.02
9.458442e-04,0.02
9.458444e-04,-0.02
9.458446e-04,0.06
9.458448e-04,0.06
9.458450e-04,0.02
9.458452e-04,0.02
9.458454e-04,0.06
9.458456e-04,0.06
9.458458e-04,0.02
9.458460e-04,0.02
9.458462e-04,0.06
9.458464e-04,0.02
9.458466e-04,0.02
9.458468e-04,0.06
9.458470e-04,0.1
9.458472e-04,0.02
9.458474e-04,0.02
9.458476e-04,0.02
9.458478e-04,0.1
9.458480e-04,0.06
9.458482e-04,0.1
9.458484e-04,0.06
9.458486e-04,0.06
9.458488e-04,0.02
9.458490e-04,0.06
9.458492e-04,0.06
9.458494e-04,0.06
9.458496e-04,0.02
9.458498e-04,0.06
9.458500e-04,0.06
9.458502e-04,0.06
9.458504e-04,0.02
9.458506e-04,0.06
9.458508e-04,0.06
9.458510e-04,0.1
9.458512e-04,0.06
9.458514e-04,0.06
9.458516e-04,0.02
9.458518e-04,0.06
9.458520e-04,0.02
9.458522e-04,-0.02
9.458524e-04,0.06
9.458526e-04,0.06
9.458528e-04,0.06
9.458530e-04,0.06
9.458532e-04,0.02
9.458534e-04,-0.02
9.458536e-04,-0.02
9.458538e-04,0.02
9.458540e-04,0.02
9.458542e-04,0.06
9.458544e-04,0.02
9.458546e-04,0.1
9.458548e-04,0.06
9.458550e-04,0.02
9.458552e-04,0.06
9.458554e-04,0.06
9.458556e-04,0.02
9.458558e-04,0.06
9.458560e-04,0.02
9.458562e-04,0.06
9.458564e-04,0.06
9.458566e-04,0.06
9.458568e-04,0.02
9.458570e-04,0.06
9.458572e-04,0.02
9.458574e-04,0.02
9.458576e-04,0.02
9.458578e-04,0.06
9.458580e-04,0.06
9.458582e-04,0.02
9.458584e-04,0.02
9.458586e-04,0.06
9.458588e-04,0.02
9.458590e-04,0.02
9.458592e-04,0.02
9.458594e-04,0.06
9.458596e-04,0.02
9.458598e-04,0.02
9.458600e-04,0.06
9.458602e-04,0.02
9.458604e-04,0.02
9.458606e-04,0.06
9.458608e-04,0.02
9.458610e-04,0.02
9.458612e-04,-0.02
9.458614e-04,0.02
9.458616e-04,0.06
9.458618e-04,0.1
9.458620e-04,0.06
9.458622e-04,0.06
9.458624e-04,0.02
9.458626e-04,0.02
9.458628e-04,0.02
9.458630e-04,0.06
9.458632e-04,0.06
9.458634e-04,0.14
9.458636e-04,0.14
9.458638e-04,0.1
9.458640e-04,0.06
9.458642e-04,0.02
9.458644e-04,0.06
9.458646e-04,0.06
9.458648e-04,0.06
9.458650e-04,0.06
9.458652e-04,0.06
9.458654e-04,0.1
9.458656e-04,0.06
9.458658e-04,0.06
9.458660e-04,0.06
9.458662e-04,0.06
9.458664e-04,0.02
9.458666e-04,0.02
9.458668e-04,0.02
9.458670e-04,0.02
9.458672e-04,0.02
9.458674e-04,0.02
9.458676e-04,0.06
9.458678e-04,0.06
9.458680e-04,0.06
9.458682e-04,0.1
9.458684e-04,0.06
9.458686e-04,0.1
9.458688e-04,0.06
9.458690e-04,0.06
9.458692e-04,0.02
9.458694e-04,0.02
9.458696e-04,0.06
9.458698e-04,0.06
9.458700e-04,-0.02
9.458702e-04,0.02
9.458704e-04,0.02
9.458706e-04,0.06
9.458708e-04,0.06
9.458710e-04,0.02
9.458712e-04,0.02
9.458714e-04,0.06
9.458716e-04,0.02
9.458718e-04,0.02
9.458720e-04,0.02
9.458722e-04,0.02
9.458724e-04,0.02
9.458726e-04,0.02
9.458728e-04,0.02
9.458730e-04,0.06
9.458732e-04,0.06
9.458734e-04,0.06
9.458736e-04,0.02
9.458738e-04,0.02
9.458740e-04,0.06
9.458742e-04,-0.02
9.458744e-04,0.02
9.458746e-04,0.06
9.458748e-04,0.02
9.458750e-04,0.02
9.458752e-04,0.02
9.458754e-04,0.02
9.458756e-04,0.06
9.458758e-04,0.1
9.458760e-04,0.02
9.458762e-04,0.06
9.458764e-04,0.06
9.458766e-04,0.06
9.458768e-04,0.06
9.458770e-04,0.1
9.458772e-04,0.02
9.458774e-04,-0.02
9.458776e-04,-0.02
9.458778e-04,0.02
9.458780e-04,0.1
9.458782e-04,0.1
9.458784e-04,0.1
9.458786e-04,0.02
9.458788e-04,0.02
9.458790e-04,0.06
9.458792e-04,-0.02
9.458794e-04,0.06
9.458796e-04,0.06
9.458798e-04,0.02
9.458800e-04,0.02
9.458802e-04,0.02
9.458804e-04,0.02
9.458806e-04,0.06
9.458808e-04,0.02
9.458810e-04,0.02
9.458812e-04,0.02
9.458814e-04,0.06
9.458816e-04,0.06
9.458818e-04,0.02
9.458820e-04,0.06
9.458822e-04,0.06
9.458824e-04,0.02
9.458826e-04,0.02
9.458828e-04,0.06
9.458830e-04,0.06
9.458832e-04,0.06
9.458834e-04,0.02
9.458836e-04,0.02
9.458838e-04,0.06
9.458840e-04,0.06
9.458842e-04,0.02
9.458844e-04,0.02
9.458846e-04,0.02
9.458848e-04,0.06
9.458850e-04,0.06
9.458852e-04,0.06
9.458854e-04,0.06
9.458856e-04,0.02
9.458858e-04,0.06
9.458860e-04,0.06
9.458862e-04,0.02
9.458864e-04,0.02
9.458866e-04,0.06
9.458868e-04,0.06
9.458870e-04,0.02
9.458872e-04,0.02
9.458874e-04,0.02
9.458876e-04,0.02
9.458878e-04,0.06
9.458880e-04,0.06
9.458882e-04,0.06
9.458884e-04,0.06
9.458886e-04,0.06
9.458888e-04,0.02
9.458890e-04,-0.02
9.458892e-04,0.06
9.458894e-04,0.06
9.458896e-04,0.06
9.458898e-04,0.02
9.458900e-04,0.06
9.458902e-04,0.06
9.458904e-04,0.06
9.458906e-04,0.06
9.458908e-04,0.06
9.458910e-04,0.02
9.458912e-04,0.02
9.458914e-04,0.06
9.458916e-04,0.1
9.458918e-04,0.06
9.458920e-04,0.02
9.458922e-04,0.06
9.458924e-04,0.02
9.458926e-04,0.06
9.458928e-04,0.06
9.458930e-04,0.06
9.458932e-04,0.06
9.458934e-04,0.1
9.458936e-04,0.06
9.458938e-04,0.02
9.458940e-04,0.06
9.458942e-04,-0.02
9.458944e-04,0.02
9.458946e-04,0.02
9.458948e-04,0.06
9.458950e-04,0.1
9.458952e-04,0.06
9.458954e-04,0.02
9.458956e-04,0.02
9.458958e-04,0.02
9.458960e-04,0.02
9.458962e-04,0.06
9.458964e-04,0.06
9.458966e-04,0.02
9.458968e-04,0.06
9.458970e-04,0.02
9.458972e-04,0.02
9.458974e-04,0.02
9.458976e-04,0.06
9.458978e-04,0.02
9.458980e-04,0.02
9.458982e-04,0.06
9.458984e-04,0.02
9.458986e-04,0.06
9.458988e-04,0.02
9.458990e-04,0.1
9.458992e-04,-0.02
9.458994e-04,0.02
9.458996e-04,0.06
9.458998e-04,0.1
9.459000e-04,0.06
9.459002e-04,0.06
9.459004e-04,0.02
9.459006e-04,0.02
9.459008e-04,0.06
9.459010e-04,0.02
9.459012e-04,0.06
9.459014e-04,0.06
9.459016e-04,0.06
9.459018e-04,0.06
9.459020e-04,0.02
9.459022e-04,0.02
9.459024e-04,0.02
9.459026e-04,0.02
9.459028e-04,0.02
9.459030e-04,0.06
9.459032e-04,0.06
9.459034e-04,0.06
9.459036e-04,0.02
9.459038e-04,0.02
9.459040e-04,0.02
9.459042e-04,0.02
9.459044e-04,0.06
9.459046e-04,-0.02
9.459048e-04,0.06
9.459050e-04,0.06
9.459052e-04,0.02
9.459054e-04,0.02
9.459056e-04,0.02
9.459058e-04,0.02
9.459060e-04,0.06
9.459062e-04,0.06
9.459064e-04,0.02
9.459066e-04,0.02
9.459068e-04,0.06
9.459070e-04,0.02
9.459072e-04,0.02
9.459074e-04,0.02
9.459076e-04,0.06
9.459078e-04,0.1
9.459080e-04,0.02
9.459082e-04,0.06
9.459084e-04,0.02
9.459086e-04,0.02
9.459088e-04,0.02
9.459090e-04,0.06
9.459092e-04,0.06
9.459094e-04,0.06
9.459096e-04,0.02
9.459098e-04,0.06
9.459100e-04,0.02
9.459102e-04,0.06
9.459104e-04,0.06
9.459106e-04,0.02
9.459108e-04,0.06
9.459110e-04,0.02
9.459112e-04,0.02
9.459114e-04,0.02
9.459116e-04,0.06
9.459118e-04,0.06
9.459120e-04,0.06
9.459122e-04,0.06
9.459124e-04,0.02
9.459126e-04,-0.02
9.459128e-04,0.02
9.459130e-04,0.06
9.459132e-04,0.06
9.459134e-04,0.02
9.459136e-04,0.02
9.459138e-04,0.06
9.459140e-04,0.06
9.459142e-04,-0.02
9.459144e-04,0.06
9.459146e-04,0.06
9.459148e-04,0.06
9.459150e-04,0.1
9.459152e-04,0.06
9.459154e-04,0.06
9.459156e-04,0.02
9.459158e-04,0.06
9.459160e-04,0.06
9.459162e-04,0.1
9.459164e-04,0.06
9.459166e-04,0.1
9.459168e-04,0.02
9.459170e-04,0.02
9.459172e-04,0.06
9.459174e-04,0.02
9.459176e-04,0.06
9.459178e-04,0.06
9.459180e-04,0.06
9.459182e-04,0.02
9.459184e-04,0.02
9.459186e-04,-0.02
9.459188e-04,0.02
9.459190e-04,0.06
9.459192e-04,0.02
9.459194e-04,0.06
9.459196e-04,0.02
9.459198e-04,0.06
9.459200e-04,0.02
9.459202e-04,0.02
9.459204e-04,0.1
9.459206e-04,0.06
9.459208e-04,0.06
9.459210e-04,0.06
9.459212e-04,0.02
9.459214e-04,-0.02
9.459216e-04,0.02
9.459218e-04,0.06
9.459220e-04,0.06
9.459222e-04,0.02
9.459224e-04,0.02
9.459226e-04,0.02
9.459228e-04,0.02
9.459230e-04,0.06
9.459232e-04,0.02
9.459234e-04,0.1
9.459236e-04,0.06
9.459238e-04,0.02
9.459240e-04,0.02
9.459242e-04,0.06
9.459244e-04,0.06
9.459246e-04,0.02
9.459248e-04,-0.02
9.459250e-04,0.1
9.459252e-04,0.02
9.459254e-04,0.06
9.459256e-04,0.02
9.459258e-04,0.06
9.459260e-04,0.06
9.459262e-04,0.02
9.459264e-04,0.06
9.459266e-04,0.06
9.459268e-04,0.02
9.459270e-04,0.06
9.459272e-04,0.02
9.459274e-04,0.06
9.459276e-04,0.02
9.459278e-04,0.02
9.459280e-04,0.06
9.459282e-04,0.06
9.459284e-04,0.02
9.459286e-04,0.06
9.459288e-04,0.02
9.459290e-04,0.02
9.459292e-04,0.02
9.459294e-04,0.06
9.459296e-04,0.06
9.459298e-04,0.02
9.459300e-04,0.06
9.459302e-04,-0.02
9.459304e-04,0.02
9.459306e-04,0.06
9.459308e-04,0.06
9.459310e-04,0.02
9.459312e-04,-0.02
9.459314e-04,0.06
9.459316e-04,-0.02
9.459318e-04,0.06
9.459320e-04,0.02
9.459322e-04,0.06
9.459324e-04,0.06
9.459326e-04,0.06
9.459328e-04,0.02
9.459330e-04,0.1
9.459332e-04,0.06
9.459334e-04,0.02
9.459336e-04,-0.02
9.459338e-04,0.02
9.459340e-04,0.06
9.459342e-04,0.02
9.459344e-04,0.02
9.459346e-04,0.06
9.459348e-04,0.02
9.459350e-04,0.06
9.459352e-04,0.06
9.459354e-04,0.02
9.459356e-04,0.06
9.459358e-04,0.02
9.459360e-04,0.06
9.459362e-04,0.1
9.459364e-04,0.06
9.459366e-04,0.02
9.459368e-04,0.06
9.459370e-04,0.06
9.459372e-04,0.06
9.459374e-04,0.1
9.459376e-04,0.06
9.459378e-04,0.06
9.459380e-04,0.02
9.459382e-04,0.02
9.459384e-04,0.02
9.459386e-04,0.02
9.459388e-04,0.02
9.459390e-04,0.06
9.459392e-04,0.02
9.459394e-04,0.06
9.459396e-04,0.06
9.459398e-04,0.02
9.459400e-04,-0.02
9.459402e-04,0.06
9.459404e-04,0.06
9.459406e-04,0.06
9.459408e-04,0.02
9.459410e-04,0.02
9.459412e-04,0.06
9.459414e-04,0.02
9.459416e-04,0.02
9.459418e-04,0.06
9.459420e-04,0.02
9.459422e-04,0.1
9.459424e-04,0.1
9.459426e-04,0.06
9.459428e-04,0.06
9.459430e-04,0.02
9.459432e-04,0.06
9.459434e-04,0.06
9.459436e-04,0.02
9.459438e-04,0.06
9.459440e-04,0.02
9.459442e-04,0.06
9.459444e-04,0.06
9.459446e-04,0.06
9.459448e-04,0.06
9.459450e-04,0.02
9.459452e-04,0.06
9.459454e-04,0.06
9.459456e-04,0.02
9.459458e-04,-0.02
9.459460e-04,0.06
9.459462e-04,0.06
9.459464e-04,0.06
9.459466e-04,0.06
9.459468e-04,0.02
9.459470e-04,0.02
9.459472e-04,0.06
9.459474e-04,0.06
9.459476e-04,0.02
9.459478e-04,0.06
9.459480e-04,0.06
9.459482e-04,0.06
9.459484e-04,0.02
9.459486e-04,0.06
9.459488e-04,0.02
9.459490e-04,0.02
9.459492e-04,0.06
9.459494e-04,0.02
9.459496e-04,0.02
9.459498e-04,0.06
9.459500e-04,0.02
9.459502e-04,0.06
9.459504e-04,0.06
9.459506e-04,0.06
9.459508e-04,0.06
9.459510e-04,0.06
9.459512e-04,0.06
9.459514e-04,0.1
9.459516e-04,0.06
9.459518e-04,0.02
9.459520e-04,0.06
9.459522e-04,0.06
9.459524e-04,0.06
9.459526e-04,0.06
9.459528e-04,0.02
9.459530e-04,0.06
9.459532e-04,0.06
9.459534e-04,0.06
9.459536e-04,0.06
9.459538e-04,0.1
9.459540e-04,0.06
9.459542e-04,0.02
9.459544e-04,0.06
9.459546e-04,0.06
9.459548e-04,0.06
9.459550e-04,0.06
9.459552e-04,0.02
9.459554e-04,0.02
9.459556e-04,0.06
9.459558e-04,0.06
9.459560e-04,0.06
9.459562e-04,0.02
9.459564e-04,0.02
9.459566e-04,0.02
9.459568e-04,0.02
9.459570e-04,0.02
9.459572e-04,0.06
9.459574e-04,0.02
9.459576e-04,0.06
9.459578e-04,0.06
9.459580e-04,0.02
9.459582e-04,0.02
9.459584e-04,0.02
9.459586e-04,0.02
9.459588e-04,0.02
9.459590e-04,0.06
9.459592e-04,0.06
9.459594e-04,0.02
9.459596e-04,0.02
9.459598e-04,0.06
9.459600e-04,0.06
9.459602e-04,0.1
9.459604e-04,0.06
9.459606e-04,0.06
9.459608e-04,0.06
9.459610e-04,0.06
9.459612e-04,0.02
9.459614e-04,0.02
9.459616e-04,0.06
9.459618e-04,0.02
9.459620e-04,0.06
9.459622e-04,0.02
9.459624e-04,0.06
9.459626e-04,0.06
9.459628e-04,0.06
9.459630e-04,0.02
9.459632e-04,0.02
9.459634e-04,0.06
9.459636e-04,0.06
9.459638e-04,0.06
9.459640e-04,0.02
9.459642e-04,0.06
9.459644e-04,0.06
9.459646e-04,0.02
9.459648e-04,0.02
9.459650e-04,0.02
9.459652e-04,0.06
9.459654e-04,0.02
9.459656e-04,0.06
9.459658e-04,0.06
9.459660e-04,0.02
9.459662e-04,0.02
9.459664e-04,0.02
9.459666e-04,0.06
9.459668e-04,0.02
9.459670e-04,0.02
9.459672e-04,0.06
9.459674e-04,0.06
9.459676e-04,0.02
9.459678e-04,0.06
9.459680e-04,0.02
9.459682e-04,0.06
9.459684e-04,0.06
9.459686e-04,0.1
9.459688e-04,0.06
9.459690e-04,0.06
9.459692e-04,0.1
9.459694e-04,0.1
9.459696e-04,0.06
9.459698e-04,0.06
9.459700e-04,0.06
9.459702e-04,0.02
9.459704e-04,0.02
9.459706e-04,0.06
9.459708e-04,0.06
9.459710e-04,0.06
9.459712e-04,0.02
9.459714e-04,0.02
9.459716e-04,0.02
9.459718e-04,0.06
9.459720e-04,0.06
9.459722e-04,0.1
9.459724e-04,0.06
9.459726e-04,0.06
9.459728e-04,0.06
9.459730e-04,0.06
9.459732e-04,0.02
9.459734e-04,0.06
9.459736e-04,0.02
9.459738e-04,0.02
9.459740e-04,0.02
9.459742e-04,0.02
9.459744e-04,0.1
9.459746e-04,0.06
9.459748e-04,0.02
9.459750e-04,0.02
9.459752e-04,0.02
9.459754e-04,-0.02
9.459756e-04,0.02
9.459758e-04,0.06
9.459760e-04,0.06
9.459762e-04,0.1
9.459764e-04,0.06
9.459766e-04,0.02
9.459768e-04,0.02
9.459770e-04,0.02
9.459772e-04,0.02
9.459774e-04,0.06
9.459776e-04,0.02
9.459778e-04,0.02
9.459780e-04,0.06
9.459782e-04,0.02
9.459784e-04,0.06
9.459786e-04,0.06
9.459788e-04,0.06
9.459790e-04,0.06
9.459792e-04,0.02
9.459794e-04,0.02
9.459796e-04,0.06
9.459798e-04,0.02
9.459800e-04,0.02
9.459802e-04,0.06
9.459804e-04,0.1
9.459806e-04,0.06
9.459808e-04,0.06
9.459810e-04,0.1
9.459812e-04,0.06
9.459814e-04,0.02
9.459816e-04,-0.06
9.459818e-04,0.02
9.459820e-04,0.02
9.459822e-04,0.06
9.459824e-04,0.02
9.459826e-04,0.1
9.459828e-04,0.02
9.459830e-04,0.02
9.459832e-04,0.02
9.459834e-04,0.06
9.459836e-04,0.06
9.459838e-04,0.02
9.459840e-04,0.06
9.459842e-04,0.02
9.459844e-04,0.06
9.459846e-04,0.06
9.459848e-04,0.06
9.459850e-04,0.06
9.459852e-04,0.06
9.459854e-04,0.06
9.459856e-04,0.06
9.459858e-04,0.1
9.459860e-04,0.06
9.459862e-04,0.06
9.459864e-04,0.02
9.459866e-04,0.06
9.459868e-04,0.02
9.459870e-04,0.02
9.459872e-04,0.06
9.459874e-04,0.06
9.459876e-04,0.02
9.459878e-04,0.02
9.459880e-04,0.02
9.459882e-04,0.02
9.459884e-04,0.02
9.459886e-04,0.02
9.459888e-04,0.06
9.459890e-04,0.06
9.459892e-04,0.06
9.459894e-04,0.1
9.459896e-04,0.06
9.459898e-04,0.02
9.459900e-04,0.06
9.459902e-04,0.06
9.459904e-04,0.02
9.459906e-04,0.02
9.459908e-04,0.02
9.459910e-04,0.02
9.459912e-04,0.02
9.459914e-04,0.02
9.459916e-04,0.02
9.459918e-04,0.06
9.459920e-04,0.02
9.459922e-04,0.02
9.459924e-04,0.06
9.459926e-04,0.06
9.459928e-04,0.02
9.459930e-04,-0.02
9.459932e-04,0.02
9.459934e-04,0.06
9.459936e-04,0.06
9.459938e-04,0.02
9.459940e-04,0.02
9.459942e-04,0.1
9.459944e-04,0.06
9.459946e-04,0.1
9.459948e-04,0.06
9.459950e-04,0.02
9.459952e-04,0.06
9.459954e-04,0.1
9.459956e-04,0.14
9.459958e-04,0.06
9.459960e-04,0.06
9.459962e-04,0.06
9.459964e-04,-0.02
9.459966e-04,-0.02
9.459968e-04,0.02
9.459970e-04,0.06
9.459972e-04,0.06
9.459974e-04,0.06
9.459976e-04,0.06
9.459978e-04,0.06
9.459980e-04,0.1
9.459982e-04,0.1
9.459984e-04,0.02
9.459986e-04,0.06
9.459988e-04,0.02
9.459990e-04,0.02
9.459992e-04,0.02
9.459994e-04,0.06
9.459996e-04,0.06
9.459998e-04,0.02
9.460000e-04,0.02
9.460002e-04,0.02
9.460004e-04,0.02
9.460006e-04,0.02
9.460008e-04,0.02
9.460010e-04,0.1
9.460012e-04,0.06
9.460014e-04,0.02
9.460016e-04,-0.02
9.460018e-04,0.02
9.460020e-04,0.06
9.460022e-04,0.06
9.460024e-04,0.02
9.460026e-04,0.06
9.460028e-04,0.06
9.460030e-04,0.06
9.460032e-04,0.02
9.460034e-04,0.02
9.460036e-04,0.06
9.460038e-04,0.06
9.460040e-04,0.1
9.460042e-04,0.06
9.460044e-04,0.02
9.460046e-04,0.02
9.460048e-04,0.06
9.460050e-04,0.1
9.460052e-04,0.06
9.460054e-04,0.1
9.460056e-04,0.06
9.460058e-04,0.02
9.460060e-04,0.02
9.460062e-04,0.06
9.460064e-04,0.06
9.460066e-04,0.02
9.460068e-04,0.02
9.460070e-04,0.06
9.460072e-04,0.02
9.460074e-04,0.02
9.460076e-04,-0.02
9.460078e-04,0.06
9.460080e-04,0.02
9.460082e-04,0.06
9.460084e-04,0.02
9.460086e-04,0.06
9.460088e-04,0.1
9.460090e-04,0.06
9.460092e-04,0.06
9.460094e-04,0.06
9.460096e-04,0.02
9.460098e-04,0.02
9.460100e-04,-0.02
9.460102e-04,0.02
9.460104e-04,0.02
9.460106e-04,0.06
9.460108e-04,0.02
9.460110e-04,0.06
9.460112e-04,0.02
9.460114e-04,0.06
9.460116e-04,0.02
9.460118e-04,0.02
9.460120e-04,0.02
9.460122e-04,0.02
9.460124e-04,0.02
9.460126e-04,0.06
9.460128e-04,0.02
9.460130e-04,0.02
9.460132e-04,0.06
9.460134e-04,0.06
9.460136e-04,0.02
9.460138e-04,0.06
9.460140e-04,0.06
9.460142e-04,0.02
9.460144e-04,-0.02
9.460146e-04,0.02
9.460148e-04,0.1
9.460150e-04,0.06
9.460152e-04,0.06
9.460154e-04,0.02
9.460156e-04,0.06
9.460158e-04,0.06
9.460160e-04,0.06
9.460162e-04,0.02
9.460164e-04,0.02
9.460166e-04,0.1
9.460168e-04,0.06
9.460170e-04,0.06
9.460172e-04,0.06
9.460174e-04,0.02
9.460176e-04,0.06
9.460178e-04,0.02
9.460180e-04,0.02
9.460182e-04,0.02
9.460184e-04,0.02
9.460186e-04,0.02
9.460188e-04,0.02
9.460190e-04,0.06
9.460192e-04,0.06
9.460194e-04,0.06
9.460196e-04,0.06
9.460198e-04,0.1
9.460200e-04,0.1
9.460202e-04,0.06
9.460204e-04,0.06
9.460206e-04,0.02
9.460208e-04,0.06
9.460210e-04,0.02
9.460212e-04,0.02
9.460214e-04,0.06
9.460216e-04,0.02
9.460218e-04,0.02
9.460220e-04,0.02
9.460222e-04,0.02
9.460224e-04,-0.02
9.460226e-04,0.02
9.460228e-04,0.06
9.460230e-04,0.02
9.460232e-04,0.06
9.460234e-04,0.02
9.460236e-04,0.02
9.460238e-04,0.06
9.460240e-04,0.02
9.460242e-04,-0.02
9.460244e-04,0.02
9.460246e-04,0.06
9.460248e-04,0.06
9.460250e-04,0.1
9.460252e-04,0.02
9.460254e-04,-0.02
9.460256e-04,0.06
9.460258e-04,0.06
9.460260e-04,0.06
9.460262e-04,0.02
9.460264e-04,0.06
9.460266e-04,0.06
9.460268e-04,0.06
9.460270e-04,0.1
9.460272e-04,0.06
9.460274e-04,0.06
9.460276e-04,0.02
9.460278e-04,0.02
9.460280e-04,0.06
9.460282e-04,0.02
9.460284e-04,0.02
9.460286e-04,0.06
9.460288e-04,0.02
9.460290e-04,0.02
9.460292e-04,0.06
9.460294e-04,0.06
9.460296e-04,0.02
9.460298e-04,0.02
9.460300e-04,0.06
9.460302e-04,0.02
9.460304e-04,0.1
9.460306e-04,0.1
9.460308e-04,0.06
9.460310e-04,0.02
9.460312e-04,0.02
9.460314e-04,0.02
9.460316e-04,0.06
9.460318e-04,0.06
9.460320e-04,0.02
9.460322e-04,0.06
9.460324e-04,0.06
9.460326e-04,0.06
9.460328e-04,0.06
9.460330e-04,0.06
9.460332e-04,0.06
9.460334e-04,0.02
9.460336e-04,0.06
9.460338e-04,0.1
9.460340e-04,0.06
9.460342e-04,0.06
9.460344e-04,0.02
9.460346e-04,0.06
9.460348e-04,0.06
9.460350e-04,0.06
9.460352e-04,0.02
9.460354e-04,0.06
9.460356e-04,0.02
9.460358e-04,0.02
9.460360e-04,0.02
9.460362e-04,0.02
9.460364e-04,0.02
9.460366e-04,0.02
9.460368e-04,0.02
9.460370e-04,0.02
9.460372e-04,0.06
9.460374e-04,0.06
9.460376e-04,0.02
9.460378e-04,0.06
9.460380e-04,0.02
9.460382e-04,0.02
9.460384e-04,0.02
9.460386e-04,0.02
9.460388e-04,-0.02
9.460390e-04,0.02
9.460392e-04,0.06
9.460394e-04,0.02
9.460396e-04,0.02
9.460398e-04,0.02
9.460400e-04,0.02
9.460402e-04,0.02
9.460404e-04,0.02
9.460406e-04,0.02
9.460408e-04,0.06
9.460410e-04,0.02
9.460412e-04,0.06
9.460414e-04,0.02
9.460416e-04,0.06
9.460418e-04,0.06
9.460420e-04,0.06
9.460422e-04,0.06
9.460424e-04,0.06
9.460426e-04,0.1
9.460428e-04,0.06
9.460430e-04,0.06
9.460432e-04,0.02
9.460434e-04,0.06
9.460436e-04,0.02
9.460438e-04,0.06
9.460440e-04,0.06
9.460442e-04,0.06
9.460444e-04,0.02
9.460446e-04,-0.02
9.460448e-04,0.02
9.460450e-04,-0.02
9.460452e-04,-0.02
9.460454e-04,0.06
9.460456e-04,0.02
9.460458e-04,0.1
9.460460e-04,0.06
9.460462e-04,-0.02
9.460464e-04,0.02
9.460466e-04,0.02
9.460468e-04,0.02
9.460470e-04,0.06
9.460472e-04,0.02
9.460474e-04,0.1
9.460476e-04,-0.02
9.460478e-04,0.02
9.460480e-04,0.02
9.460482e-04,0.06
9.460484e-04,0.02
9.460486e-04,0.1
9.460488e-04,0.1
9.460490e-04,0.02
9.460492e-04,0.02
9.460494e-04,-0.02
9.460496e-04,0.02
9.460498e-04,0.02
9.460500e-04,0.06
9.460502e-04,0.02
9.460504e-04,0.06
9.460506e-04,0.02
9.460508e-04,0.02
9.460510e-04,0.06
9.460512e-04,0.06
9.460514e-04,0.06
9.460516e-04,0.02
9.460518e-04,0.06
9.460520e-04,-0.02
9.460522e-04,0.02
9.460524e-04,0.02
9.460526e-04,0.06
9.460528e-04,0.06
9.460530e-04,0.02
9.460532e-04,0.02
9.460534e-04,0.06
9.460536e-04,0.02
9.460538e-04,-0.02
9.460540e-04,0.02
9.460542e-04,0.02
9.460544e-04,0.02
9.460546e-04,0.02
9.460548e-04,0.06
9.460550e-04,0.06
9.460552e-04,0.02
9.460554e-04,0.02
9.460556e-04,0.02
9.460558e-04,0.02
9.460560e-04,0.02
9.460562e-04,0.02
9.460564e-04,0.02
9.460566e-04,0.1
9.460568e-04,0.06
9.460570e-04,0.06
9.460572e-04,0.06
9.460574e-04,0.06
9.460576e-04,0.02
9.460578e-04,0.06
9.460580e-04,0.02
9.460582e-04,0.06
9.460584e-04,0.06
9.460586e-04,0.02
9.460588e-04,0.02
9.460590e-04,0.06
9.460592e-04,0.06
9.460594e-04,0.06
9.460596e-04,0.06
9.460598e-04,0.1
9.460600e-04,0.06
9.460602e-04,0.1
9.460604e-04,0.06
9.460606e-04,0.06
9.460608e-04,0.06
9.460610e-04,0.06
9.460612e-04,0.06
9.460614e-04,0.06
9.460616e-04,0.06
9.460618e-04,0.06
9.460620e-04,0.02
9.460622e-04,0.02
9.460624e-04,0.06
9.460626e-04,0.1
9.460628e-04,0.06
9.460630e-04,0.06
9.460632e-04,0.06
9.460634e-04,0.06
9.460636e-04,-0.02
9.460638e-04,0.06
9.460640e-04,0.02
9.460642e-04,0.02
9.460644e-04,0.02
9.460646e-04,0.06
9.460648e-04,0.02
9.460650e-04,0.02
9.460652e-04,0.02
9.460654e-04,0.06
9.460656e-04,0.02
9.460658e-04,0.06
9.460660e-04,0.06
9.460662e-04,0.02
9.460664e-04,0.06
9.460666e-04,0.02
9.460668e-04,0.06
9.460670e-04,0.06
9.460672e-04,0.02
9.460674e-04,0.06
9.460676e-04,0.06
9.460678e-04,0.06
9.460680e-04,0.06
9.460682e-04,0.02
9.460684e-04,0.02
9.460686e-04,0.02
9.460688e-04,0.02
9.460690e-04,0.06
9.460692e-04,0.1
9.460694e-04,0.02
9.460696e-04,0.06
9.460698e-04,0.02
9.460700e-04,0.02
9.460702e-04,-0.02
9.460704e-04,0.02
9.460706e-04,0.06
9.460708e-04,0.02
9.460710e-04,0.02
9.460712e-04,0.02
9.460714e-04,0.02
9.460716e-04,0.02
9.460718e-04,0.06
9.460720e-04,0.02
9.460722e-04,0.02
9.460724e-04,0.02
9.460726e-04,0.02
9.460728e-04,0.02
9.460730e-04,0.06
9.460732e-04,0.02
9.460734e-04,0.06
9.460736e-04,0.02
9.460738e-04,0.02
9.460740e-04,0.02
9.460742e-04,0.06
9.460744e-04,0.06
9.460746e-04,0.02
9.460748e-04,0.02
9.460750e-04,0.1
9.460752e-04,0.06
9.460754e-04,0.06
9.460756e-04,0.06
9.460758e-04,0.06
9.460760e-04,0.06
9.460762e-04,0.02
9.460764e-04,0.02
9.460766e-04,0.06
9.460768e-04,0.06
9.460770e-04,0.02
9.460772e-04,0.02
9.460774e-04,0.06
9.460776e-04,0.02
9.460778e-04,0.06
9.460780e-04,0.06
9.460782e-04,0.02
9.460784e-04,0.02
9.460786e-04,0.06
9.460788e-04,0.02
9.460790e-04,0.02
9.460792e-04,0.06
9.460794e-04,0.1
9.460796e-04,0.02
9.460798e-04,0.06
9.460800e-04,-0.02
9.460802e-04,-0.02
9.460804e-04,0.06
9.460806e-04,0.1
9.460808e-04,0.02
9.460810e-04,0.02
9.460812e-04,0.02
9.460814e-04,0.02
9.460816e-04,0.06
9.460818e-04,0.06
9.460820e-04,0.06
9.460822e-04,0.02
9.460824e-04,0.02
9.460826e-04,-0.02
9.460828e-04,0.02
9.460830e-04,0.02
9.460832e-04,0.06
9.460834e-04,0.02
9.460836e-04,0.02
9.460838e-04,0.06
9.460840e-04,0.02
9.460842e-04,-0.02
9.460844e-04,0.02
9.460846e-04,0.02
9.460848e-04,0.02
9.460850e-04,0.02
9.460852e-04,0.02
9.460854e-04,0.06
9.460856e-04,-0.02
9.460858e-04,0.06
9.460860e-04,0.02
9.460862e-04,0.02
9.460864e-04,0.06
9.460866e-04,0.02
9.460868e-04,0.06
9.460870e-04,0.06
9.460872e-04,0.06
9.460874e-04,0.06
9.460876e-04,0.02
9.460878e-04,0.02
9.460880e-04,0.02
9.460882e-04,0.02
9.460884e-04,-0.02
9.460886e-04,0.06
9.460888e-04,0.06
9.460890e-04,0.06
9.460892e-04,0.02
9.460894e-04,0.06
9.460896e-04,0.02
9.460898e-04,0.06
9.460900e-04,0.02
9.460902e-04,0.02
9.460904e-04,0.02
9.460906e-04,0.02
9.460908e-04,0.02
9.460910e-04,0.06
9.460912e-04,0.02
9.460914e-04,0.06
9.460916e-04,0.06
9.460918e-04,0.02
9.460920e-04,0.02
9.460922e-04,0.06
9.460924e-04,0.02
9.460926e-04,0.06
9.460928e-04,0.06
9.460930e-04,0.06
9.460932e-04,0.06
9.460934e-04,0.02
9.460936e-04,0.02
9.460938e-04,0.06
9.460940e-04,0.02
9.460942e-04,0.06
9.460944e-04,0.02
9.460946e-04,0.1
9.460948e-04,0.1
9.460950e-04,0.06
9.460952e-04,0.02
9.460954e-04,0.02
9.460956e-04,0.1
9.460958e-04,0.06
9.460960e-04,0.02
9.460962e-04,0.02
9.460964e-04,0.02
9.460966e-04,0.02
9.460968e-04,0.02
9.460970e-04,0.06
9.460972e-04,-0.02
9.460974e-04,0.02
9.460976e-04,0.06
9.460978e-04,0.02
9.460980e-04,0.02
9.460982e-04,0.1
9.460984e-04,0.02
9.460986e-04,0.06
9.460988e-04,0.02
9.460990e-04,0.06
9.460992e-04,0.02
9.460994e-04,0.06
9.460996e-04,0.06
9.460998e-04,0.1
9.461000e-04,0.02
9.461002e-04,0.02
9.461004e-04,-0.02
9.461006e-04,0.06
9.461008e-04,0.06
9.461010e-04,0.02
9.461012e-04,0.06
9.461014e-04,0.06
9.461016e-04,0.02
9.461018e-04,-0.02
9.461020e-04,0.02
9.461022e-04,0.02
9.461024e-04,0.02
9.461026e-04,0.02
9.461028e-04,0.02
9.461030e-04,0.02
9.461032e-04,0.06
9.461034e-04,0.06
9.461036e-04,-0.02
9.461038e-04,0.02
9.461040e-04,-0.02
9.461042e-04,0.06
9.461044e-04,0.02
9.461046e-04,0.06
9.461048e-04,0.02
9.461050e-04,0.02
9.461052e-04,-0.02
9.461054e-04,-0.02
9.461056e-04,0.02
9.461058e-04,0.06
9.461060e-04,0.02
9.461062e-04,0.06
9.461064e-04,0.02
9.461066e-04,0.06
9.461068e-04,0.06
9.461070e-04,0.02
9.461072e-04,0.02
9.461074e-04,0.02
9.461076e-04,0.02
9.461078e-04,0.06
9.461080e-04,0.02
9.461082e-04,0.06
9.461084e-04,0.06
9.461086e-04,0.06
9.461088e-04,0.02
9.461090e-04,0.06
9.461092e-04,0.02
9.461094e-04,0.02
9.461096e-04,-0.02
9.461098e-04,-0.02
9.461100e-04,0.06
9.461102e-04,-0.02
9.461104e-04,0.02
9.461106e-04,0.06
9.461108e-04,0.06
9.461110e-04,0.06
9.461112e-04,0.06
9.461114e-04,0.02
9.461116e-04,0.02
9.461118e-04,0.06
9.461120e-04,0.06
9.461122e-04,-0.02
9.461124e-04,0.02
9.461126e-04,0.06
9.461128e-04,0.06
9.461130e-04,0.06
9.461132e-04,0.06
9.461134e-04,-0.02
9.461136e-04,-0.02
9.461138e-04,0.02
9.461140e-04,0.02
9.461142e-04,0.02
9.461144e-04,0.02
9.461146e-04,0.02
9.461148e-04,0.06
9.461150e-04,0.06
9.461152e-04,0.02
9.461154e-04,0.06
9.461156e-04,0.02
9.461158e-04,0.06
9.461160e-04,0.02
9.461162e-04,0.02
9.461164e-04,0.1
9.461166e-04,0.02
9.461168e-04,0.06
9.461170e-04,0.1
9.461172e-04,0.06
9.461174e-04,0.06
9.461176e-04,0.02
9.461178e-04,0.06
9.461180e-04,0.06
9.461182e-04,0.06
9.461184e-04,0.1
9.461186e-04,0.1
9.461188e-04,0.06
9.461190e-04,0.06
9.461192e-04,0.06
9.461194e-04,0.06
9.461196e-04,0.02
9.461198e-04,0.02
9.461200e-04,0.02
9.461202e-04,0.02
9.461204e-04,0.02
9.461206e-04,0.02
9.461208e-04,0.02
9.461210e-04,0.06
9.461212e-04,0.02
9.461214e-04,0.02
9.461216e-04,0.02
9.461218e-04,-0.02
9.461220e-04,-0.02
9.461222e-04,-0.02
9.461224e-04,0.06
9.461226e-04,0.06
9.461228e-04,0.06
9.461230e-04,0.02
9.461232e-04,0.02
9.461234e-04,0.06
9.461236e-04,0.06
9.461238e-04,0.02
9.461240e-04,0.02
9.461242e-04,0.02
9.461244e-04,0.02
9.461246e-04,0.02
9.461248e-04,0.02
9.461250e-04,0.02
9.461252e-04,0.02
9.461254e-04,0.06
9.461256e-04,0.06
9.461258e-04,0.1
9.461260e-04,0.02
9.461262e-04,0.06
9.461264e-04,0.06
9.461266e-04,0.06
9.461268e-04,0.1
9.461270e-04,0.02
9.461272e-04,0.1
9.461274e-04,0.1
9.461276e-04,0.02
9.461278e-04,0.02
9.461280e-04,0.02
9.461282e-04,0.02
9.461284e-04,0.06
9.461286e-04,0.06
9.461288e-04,0.02
9.461290e-04,0.02
9.461292e-04,0.02
9.461294e-04,0.02
9.461296e-04,0.02
9.461298e-04,0.02
9.461300e-04,0.02
9.461302e-04,0.02
9.461304e-04,0.02
9.461306e-04,0.06
9.461308e-04,0.02
9.461310e-04,0.06
9.461312e-04,0.06
9.461314e-04,0.02
9.461316e-04,0.06
9.461318e-04,0.06
9.461320e-04,-0.02
9.461322e-04,0.02
9.461324e-04,0.06
9.461326e-04,0.06
9.461328e-04,0.02
9.461330e-04,0.02
9.461332e-04,0.02
9.461334e-04,0.06
9.461336e-04,0.02
9.461338e-04,0.02
9.461340e-04,0.06
9.461342e-04,0.06
9.461344e-04,0.06
9.461346e-04,0.06
9.461348e-04,0.06
9.461350e-04,0.06
9.461352e-04,0.02
9.461354e-04,0.02
9.461356e-04,0.02
9.461358e-04,0.06
9.461360e-04,0.06
9.461362e-04,0.06
9.461364e-04,0.02
9.461366e-04,0.06
9.461368e-04,0.06
9.461370e-04,0.06
9.461372e-04,0.02
9.461374e-04,0.06
9.461376e-04,-0.02
9.461378e-04,0.02
9.461380e-04,0.06
9.461382e-04,0.06
9.461384e-04,0.02
9.461386e-04,0.02
9.461388e-04,0.06
9.461390e-04,0.06
9.461392e-04,0.06
9.461394e-04,-0.02
9.461396e-04,-0.02
9.461398e-04,0.02
9.461400e-04,0.02
9.461402e-04,0.06
9.461404e-04,0.06
9.461406e-04,0.06
9.461408e-04,0.06
9.461410e-04,0.06
9.461412e-04,0.02
9.461414e-04,0.06
9.461416e-04,0.1
9.461418e-04,0.06
9.461420e-04,0.06
9.461422e-04,0.02
9.461424e-04,0.02
9.461426e-04,0.02
9.461428e-04,0.06
9.461430e-04,0.06
9.461432e-04,0.02
9.461434e-04,0.02
9.461436e-04,0.06
9.461438e-04,0.06
9.461440e-04,0.02
9.461442e-04,0.06
9.461444e-04,0.02
9.461446e-04,0.06
9.461448e-04,0.02
9.461450e-04,0.06
9.461452e-04,0.02
9.461454e-04,0.02
9.461456e-04,0.06
9.461458e-04,0.06
9.461460e-04,0.02
9.461462e-04,0.06
9.461464e-04,0.06
9.461466e-04,0.06
9.461468e-04,0.02
9.461470e-04,0.06
9.461472e-04,0.06
9.461474e-04,0.1
9.461476e-04,0.02
9.461478e-04,-0.02
9.461480e-04,0.02
9.461482e-04,-0.02
9.461484e-04,0.06
9.461486e-04,0.1
9.461488e-04,0.02
9.461490e-04,0.02
9.461492e-04,0.02
9.461494e-04,0.02
9.461496e-04,0.02
9.461498e-04,0.02
9.461500e-04,0.02
9.461502e-04,0.06
9.461504e-04,0.06
9.461506e-04,0.02
9.461508e-04,0.02
9.461510e-04,0.02
9.461512e-04,0.06
9.461514e-04,0.02
9.461516e-04,0.02
9.461518e-04,0.06
9.461520e-04,0.06
9.461522e-04,0.1
9.461524e-04,0.06
9.461526e-04,0.02
9.461528e-04,-0.02
9.461530e-04,0.06
9.461532e-04,0.02
9.461534e-04,0.02
9.461536e-04,0.02
9.461538e-04,0.02
9.461540e-04,0.02
9.461542e-04,0.06
9.461544e-04,0.02
9.461546e-04,0.02
9.461548e-04,0.06
9.461550e-04,0.1
9.461552e-04,0.02
9.461554e-04,0.02
9.461556e-04,0.06
9.461558e-04,0.06
9.461560e-04,0.06
9.461562e-04,0.02
9.461564e-04,0.06
9.461566e-04,-0.02
9.461568e-04,0.02
9.461570e-04,0.02
9.461572e-04,0.02
9.461574e-04,0.06
9.461576e-04,0.02
9.461578e-04,0.06
9.461580e-04,0.02
9.461582e-04,0.02
9.461584e-04,0.06
9.461586e-04,0.06
9.461588e-04,0.02
9.461590e-04,0.02
9.461592e-04,0.06
9.461594e-04,0.06
9.461596e-04,-0.02
9.461598e-04,0.02
9.461600e-04,0.06
9.461602e-04,0.06
9.461604e-04,0.02
9.461606e-04,0.02
9.461608e-04,0.1
9.461610e-04,0.06
9.461612e-04,-0.02
9.461614e-04,0.02
9.461616e-04,0.06
9.461618e-04,0.06
9.461620e-04,0.06
9.461622e-04,0.1
9.461624e-04,0.06
9.461626e-04,0.1
9.461628e-04,0.06
9.461630e-04,0.02
9.461632e-04,0.06
9.461634e-04,0.02
9.461636e-04,0.06
9.461638e-04,0.06
9.461640e-04,0.06
9.461642e-04,0.02
9.461644e-04,0.06
9.461646e-04,0.02
9.461648e-04,0.02
9.461650e-04,-0.02
9.461652e-04,0.02
9.461654e-04,0.06
9.461656e-04,0.02
9.461658e-04,0.02
9.461660e-04,0.06
9.461662e-04,0.06
9.461664e-04,0.06
9.461666e-04,0.1
9.461668e-04,0.02
9.461670e-04,0.02
9.461672e-04,0.02
9.461674e-04,-0.02
9.461676e-04,-0.06
9.461678e-04,0.02
9.461680e-04,0.06
9.461682e-04,0.02
9.461684e-04,-0.02
9.461686e-04,0.02
9.461688e-04,0.06
9.461690e-04,0.06
9.461692e-04,0.02
9.461694e-04,-0.02
9.461696e-04,0.02
9.461698e-04,0.02
9.461700e-04,0.02
9.461702e-04,-0.02
9.461704e-04,0.02
9.461706e-04,0.02
9.461708e-04,0.06
9.461710e-04,0.06
9.461712e-04,0.02
9.461714e-04,-0.02
9.461716e-04,-0.02
9.461718e-04,0.06
9.461720e-04,0.02
9.461722e-04,0.02
9.461724e-04,0.02
9.461726e-04,0.06
9.461728e-04,0.06
9.461730e-04,0.06
9.461732e-04,0.06
9.461734e-04,0.1
9.461736e-04,0.02
9.461738e-04,0.06
9.461740e-04,0.06
9.461742e-04,0.06
9.461744e-04,0.06
9.461746e-04,0.02
9.461748e-04,0.02
9.461750e-04,0.02
9.461752e-04,0.1
9.461754e-04,0.06
9.461756e-04,0.06
9.461758e-04,0.02
9.461760e-04,0.02
9.461762e-04,0.02
9.461764e-04,0.02
9.461766e-04,-0.02
9.461768e-04,0.02
9.461770e-04,0.06
9.461772e-04,0.02
9.461774e-04,0.06
9.461776e-04,0.06
9.461778e-04,-0.02
9.461780e-04,0.02
9.461782e-04,0.1
9.461784e-04,0.02
9.461786e-04,0.1
9.461788e-04,0.02
9.461790e-04,0.06
9.461792e-04,0.02
9.461794e-04,0.06
9.461796e-04,0.02
9.461798e-04,0.06
9.461800e-04,0.06
9.461802e-04,0.06
9.461804e-04,0.06
9.461806e-04,0.06
9.461808e-04,0.02
9.461810e-04,0.06
9.461812e-04,0.02
9.461814e-04,0.06
9.461816e-04,0.02
9.461818e-04,0.02
9.461820e-04,0.06
9.461822e-04,0.1
9.461824e-04,0.06
9.461826e-04,0.06
9.461828e-04,0.02
9.461830e-04,0.02
9.461832e-04,0.02
9.461834e-04,0.02
9.461836e-04,0.02
9.461838e-04,0.02
9.461840e-04,0.02
9.461842e-04,0.02
9.461844e-04,0.02
9.461846e-04,0.02
9.461848e-04,0.06
9.461850e-04,0.06
9.461852e-04,0.02
9.461854e-04,0.02
9.461856e-04,0.06
9.461858e-04,0.06
9.461860e-04,0.06
9.461862e-04,0.06
9.461864e-04,0.06
9.461866e-04,0.06
9.461868e-04,0.06
9.461870e-04,0.06
9.461872e-04,0.06
9.461874e-04,0.06
9.461876e-04,0.06
9.461878e-04,0.02
9.461880e-04,0.02
9.461882e-04,0.06
9.461884e-04,0.06
9.461886e-04,0.06
9.461888e-04,0.02
9.461890e-04,0.06
9.461892e-04,0.06
9.461894e-04,0.02
9.461896e-04,-0.02
9.461898e-04,0.02
9.461900e-04,-0.02
9.461902e-04,0.02
9.461904e-04,0.02
9.461906e-04,0.06
9.461908e-04,0.06
9.461910e-04,0.06
9.461912e-04,0.02
9.461914e-04,0.06
9.461916e-04,0.06
9.461918e-04,0.06
9.461920e-04,-0.02
9.461922e-04,0.06
9.461924e-04,0.06
9.461926e-04,-0.02
9.461928e-04,0.02
9.461930e-04,-0.02
9.461932e-04,0.02
9.461934e-04,0.02
9.461936e-04,0.02
9.461938e-04,0.06
9.461940e-04,0.06
9.461942e-04,0.06
9.461944e-04,0.02
9.461946e-04,0.02
9.461948e-04,0.02
9.461950e-04,0.02
9.461952e-04,0.02
9.461954e-04,0.06
9.461956e-04,0.06
9.461958e-04,0.06
9.461960e-04,0.02
9.461962e-04,0.06
9.461964e-04,0.06
9.461966e-04,0.06
9.461968e-04,0.06
9.461970e-04,0.02
9.461972e-04,0.06
9.461974e-04,0.06
9.461976e-04,0.1
9.461978e-04,0.06
9.461980e-04,-0.02
9.461982e-04,-0.02
9.461984e-04,0.02
9.461986e-04,0.02
9.461988e-04,0.02
9.461990e-04,0.1
9.461992e-04,0.06
9.461994e-04,0.06
9.461996e-04,0.06
9.461998e-04,0.02
9.462000e-04,0.02
9.462002e-04,0.02
9.462004e-04,0.06
9.462006e-04,0.06
9.462008e-04,0.06
9.462010e-04,0.02
9.462012e-04,0.02
9.462014e-04,0.02
9.462016e-04,0.06
9.462018e-04,0.02
9.462020e-04,0.02
9.462022e-04,0.02
9.462024e-04,0.02
9.462026e-04,0.06
9.462028e-04,0.02
9.462030e-04,0.02
9.462032e-04,0.06
9.462034e-04,0.06
9.462036e-04,0.02
9.462038e-04,0.02
9.462040e-04,0.02
9.462042e-04,0.1
9.462044e-04,0.06
9.462046e-04,0.02
9.462048e-04,-0.02
9.462050e-04,0.02
9.462052e-04,-0.02
9.462054e-04,0.02
9.462056e-04,0.02
9.462058e-04,0.02
9.462060e-04,0.06
9.462062e-04,0.02
9.462064e-04,0.06
9.462066e-04,0.06
9.462068e-04,0.1
9.462070e-04,0.06
9.462072e-04,0.02
9.462074e-04,-0.02
9.462076e-04,0.06
9.462078e-04,0.02
9.462080e-04,0.02
9.462082e-04,0.02
9.462084e-04,0.14
9.462086e-04,0.06
9.462088e-04,0.06
9.462090e-04,0.02
9.462092e-04,0.02
9.462094e-04,0.06
9.462096e-04,0.02
9.462098e-04,0.02
9.462100e-04,0.02
9.462102e-04,-0.02
9.462104e-04,0.02
9.462106e-04,0.02
9.462108e-04,0.06
9.462110e-04,0.02
9.462112e-04,0.1
9.462114e-04,0.1
9.462116e-04,0.1
9.462118e-04,0.1
9.462120e-04,0.02
9.462122e-04,0.06
9.462124e-04,0.02
9.462126e-04,0.02
9.462128e-04,0.06
9.462130e-04,0.02
9.462132e-04,-0.02
9.462134e-04,0.06
9.462136e-04,0.02
9.462138e-04,0.02
9.462140e-04,0.1
9.462142e-04,0.1
9.462144e-04,0.06
9.462146e-04,-0.02
9.462148e-04,0.02
9.462150e-04,0.06
9.462152e-04,0.06
9.462154e-04,0.02
9.462156e-04,0.02
9.462158e-04,0.02
9.462160e-04,0.06
9.462162e-04,0.06
9.462164e-04,0.06
9.462166e-04,0.06
9.462168e-04,0.06
9.462170e-04,0.06
9.462172e-04,0.02
9.462174e-04,0.06
9.462176e-04,0.02
9.462178e-04,0.02
9.462180e-04,0.06
9.462182e-04,0.02
9.462184e-04,0.02
9.462186e-04,0.02
9.462188e-04,0.06
9.462190e-04,0.06
9.462192e-04,0.02
9.462194e-04,0.06
9.462196e-04,0.02
9.462198e-04,-0.02
9.462200e-04,-0.02
9.462202e-04,0.06
9.462204e-04,0.06
9.462206e-04,0.06
9.462208e-04,-0.02
9.462210e-04,-0.02
9.462212e-04,0.06
9.462214e-04,0.1
9.462216e-04,0.14
9.462218e-04,0.06
9.462220e-04,0.02
9.462222e-04,0.06
9.462224e-04,0.02
9.462226e-04,0.02
9.462228e-04,0.06
9.462230e-04,0.02
9.462232e-04,0.06
9.462234e-04,-0.02
9.462236e-04,-0.02
9.462238e-04,0.02
9.462240e-04,-0.02
9.462242e-04,0.02
9.462244e-04,0.06
9.462246e-04,0.06
9.462248e-04,-0.02
9.462250e-04,0.06
9.462252e-04,0.06
9.462254e-04,0.06
9.462256e-04,0.02
9.462258e-04,0.06
9.462260e-04,0.06
9.462262e-04,0.02
9.462264e-04,0.06
9.462266e-04,0.02
9.462268e-04,0.02
9.462270e-04,0.06
9.462272e-04,0.06
9.462274e-04,0.06
9.462276e-04,0.02
9.462278e-04,0.02
9.462280e-04,0.02
9.462282e-04,0.06
9.462284e-04,0.06
9.462286e-04,0.06
9.462288e-04,0.06
9.462290e-04,0.06
9.462292e-04,0.06
9.462294e-04,0.06
9.462296e-04,0.06
9.462298e-04,0.06
9.462300e-04,0.06
9.462302e-04,0.06
9.462304e-04,0.06
9.462306e-04,0.06
9.462308e-04,0.06
9.462310e-04,0.02
9.462312e-04,0.06
9.462314e-04,0.02
9.462316e-04,0.02
9.462318e-04,0.02
9.462320e-04,0.02
9.462322e-04,0.02
9.462324e-04,0.02
9.462326e-04,0.02
9.462328e-04,0.06
9.462330e-04,0.06
9.462332e-04,0.06
9.462334e-04,0.02
9.462336e-04,-0.02
9.462338e-04,0.06
9.462340e-04,0.02
9.462342e-04,0.1
9.462344e-04,0.02
9.462346e-04,-0.02
9.462348e-04,-0.02
9.462350e-04,0.06
9.462352e-04,0.06
9.462354e-04,0.02
9.462356e-04,0.06
9.462358e-04,0.06
9.462360e-04,0.06
9.462362e-04,-0.02
9.462364e-04,0.02
9.462366e-04,0.02
9.462368e-04,0.02
9.462370e-04,0.06
9.462372e-04,0.02
9.462374e-04,0.02
9.462376e-04,0.02
9.462378e-04,0.06
9.462380e-04,0.02
9.462382e-04,0.06
9.462384e-04,0.02
9.462386e-04,0.06
9.462388e-04,0.02
9.462390e-04,0.02
9.462392e-04,0.02
9.462394e-04,0.06
9.462396e-04,0.06
9.462398e-04,0.02
9.462400e-04,0.02
9.462402e-04,0.06
9.462404e-04,0.02
9.462406e-04,0.02
9.462408e-04,-0.02
9.462410e-04,0.06
9.462412e-04,0.02
9.462414e-04,0.06
9.462416e-04,0.06
9.462418e-04,0.06
9.462420e-04,0.06
9.462422e-04,0.02
9.462424e-04,0.02
9.462426e-04,0.02
9.462428e-04,0.06
9.462430e-04,0.06
9.462432e-04,0.02
9.462434e-04,0.02
9.462436e-04,0.06
9.462438e-04,0.02
9.462440e-04,0.02
9.462442e-04,0.02
9.462444e-04,0.02
9.462446e-04,0.06
9.462448e-04,0.1
9.462450e-04,0.06
9.462452e-04,0.06
9.462454e-04,0.02
9.462456e-04,0.06
9.462458e-04,0.02
9.462460e-04,0.06
9.462462e-04,0.06
9.462464e-04,0.06
9.462466e-04,0.02
9.462468e-04,0.02
9.462470e-04,0.06
9.462472e-04,0.06
9.462474e-04,0.02
9.462476e-04,0.02
9.462478e-04,0.02
9.462480e-04,0.02
9.462482e-04,-0.02
9.462484e-04,0.02
9.462486e-04,0.06
9.462488e-04,0.02
9.462490e-04,-0.02
9.462492e-04,0.02
9.462494e-04,0.1
9.462496e-04,0.06
9.462498e-04,0.02
9.462500e-04,0.06
9.462502e-04,0.02
9.462504e-04,0.06
9.462506e-04,0.02
9.462508e-04,0.02
9.462510e-04,0.06
9.462512e-04,0.02
9.462514e-04,0.02
9.462516e-04,0.02
9.462518e-04,0.02
9.462520e-04,0.06
9.462522e-04,0.02
9.462524e-04,0.02
9.462526e-04,0.02
9.462528e-04,0.02
9.462530e-04,0.02
9.462532e-04,0.02
9.462534e-04,0.02
9.462536e-04,0.06
9.462538e-04,0.02
9.462540e-04,0.02
9.462542e-04,0.06
9.462544e-04,0.06
9.462546e-04,0.06
9.462548e-04,0.02
9.462550e-04,0.02
9.462552e-04,-0.02
9.462554e-04,0.02
9.462556e-04,0.02
9.462558e-04,0.06
9.462560e-04,0.06
9.462562e-04,0.02
9.462564e-04,0.06
9.462566e-04,0.06
9.462568e-04,0.02
9.462570e-04,0.06
9.462572e-04,0.06
9.462574e-04,0.02
9.462576e-04,0.06
9.462578e-04,0.02
9.462580e-04,0.02
9.462582e-04,0.06
9.462584e-04,0.06
9.462586e-04,0.06
9.462588e-04,0.02
9.462590e-04,0.02
9.462592e-04,0.06
9.462594e-04,0.02
9.462596e-04,0.06
9.462598e-04,0.1
9.462600e-04,0.14
9.462602e-04,0.06
9.462604e-04,0.06
9.462606e-04,0.02
9.462608e-04,0.02
9.462610e-04,0.02
9.462612e-04,0.02
9.462614e-04,0.06
9.462616e-04,0.02
9.462618e-04,0.02
9.462620e-04,0.02
9.462622e-04,0.02
9.462624e-04,0.06
9.462626e-04,0.02
9.462628e-04,0.02
9.462630e-04,0.02
9.462632e-04,-0.02
9.462634e-04,0.06
9.462636e-04,0.02
9.462638e-04,0.06
9.462640e-04,0.02
9.462642e-04,0.02
9.462644e-04,0.02
9.462646e-04,0.06
9.462648e-04,0.02
9.462650e-04,0.02
9.462652e-04,0.02
9.462654e-04,0.06
9.462656e-04,-0.02
9.462658e-04,-0.02
9.462660e-04,0.06
9.462662e-04,0.06
9.462664e-04,0.02
9.462666e-04,0.06
9.462668e-04,0.02
9.462670e-04,0.06
9.462672e-04,0.02
9.462674e-04,0.06
9.462676e-04,0.02
9.462678e-04,0.02
9.462680e-04,0.06
9.462682e-04,0.02
9.462684e-04,0.06
9.462686e-04,0.06
9.462688e-04,0.06
9.462690e-04,0.06
9.462692e-04,0.14
9.462694e-04,0.1
9.462696e-04,0.02
9.462698e-04,0.02
9.462700e-04,0.06
9.462702e-04,0.02
9.462704e-04,0.06
9.462706e-04,0.1
9.462708e-04,0.06
9.462710e-04,0.02
9.462712e-04,0.02
9.462714e-04,0.06
9.462716e-04,0.02
9.462718e-04,0.1
9.462720e-04,0.06
9.462722e-04,0.06
9.462724e-04,0.02
9.462726e-04,0.02
9.462728e-04,0.02
9.462730e-04,-0.02
9.462732e-04,0.02
9.462734e-04,0.06
9.462736e-04,0.06
9.462738e-04,0.02
9.462740e-04,0.02
9.462742e-04,0.02
9.462744e-04,0.02
9.462746e-04,0.1
9.462748e-04,0.02
9.462750e-04,0.02
9.462752e-04,0.02
9.462754e-04,0.06
9.462756e-04,0.02
9.462758e-04,0.06
9.462760e-04,0.02
9.462762e-04,0.02
9.462764e-04,0.02
9.462766e-04,0.06
9.462768e-04,0.02
9.462770e-04,0.02
9.462772e-04,-0.02
9.462774e-04,0.02
9.462776e-04,0.02
9.462778e-04,0.02
9.462780e-04,-0.02
9.462782e-04,0.02
9.462784e-04,0.06
9.462786e-04,0.06
9.462788e-04,-0.02
9.462790e-04,0.02
9.462792e-04,0.06
9.462794e-04,-0.02
9.462796e-04,-0.02
9.462798e-04,0.02
9.462800e-04,0.02
9.462802e-04,-0.02
9.462804e-04,0.02
9.462806e-04,0.02
9.462808e-04,-0.02
9.462810e-04,0.02
9.462812e-04,0.06
9.462814e-04,0.02
9.462816e-04,0.02
9.462818e-04,0.06
9.462820e-04,0.02
9.462822e-04,0.06
9.462824e-04,0.02
9.462826e-04,0.06
9.462828e-04,0.06
9.462830e-04,0.1
9.462832e-04,0.06
9.462834e-04,0.06
9.462836e-04,0.02
9.462838e-04,0.02
9.462840e-04,0.06
9.462842e-04,0.1
9.462844e-04,0.06
9.462846e-04,0.06
9.462848e-04,0.06
9.462850e-04,0.02
9.462852e-04,0.06
9.462854e-04,0.02
9.462856e-04,0.06
9.462858e-04,-0.02
9.462860e-04,0.06
9.462862e-04,0.06
9.462864e-04,0.02
9.462866e-04,0.02
9.462868e-04,0.02
9.462870e-04,0.06
9.462872e-04,0.02
9.462874e-04,0.02
9.462876e-04,0.02
9.462878e-04,0.02
9.462880e-04,0.02
9.462882e-04,0.06
9.462884e-04,0.06
9.462886e-04,0.06
9.462888e-04,0.02
9.462890e-04,0.06
9.462892e-04,0.02
9.462894e-04,0.02
9.462896e-04,0.02
9.462898e-04,0.06
9.462900e-04,0.06
9.462902e-04,0.06
9.462904e-04,0.02
9.462906e-04,0.02
9.462908e-04,0.02
9.462910e-04,0.06
9.462912e-04,0.02
9.462914e-04,0.06
9.462916e-04,0.02
9.462918e-04,0.02
9.462920e-04,0.06
9.462922e-04,0.06
9.462924e-04,0.06
9.462926e-04,0.06
9.462928e-04,0.06
9.462930e-04,0.02
9.462932e-04,0.06
9.462934e-04,0.06
9.462936e-04,0.02
9.462938e-04,0.06
9.462940e-04,0.06
9.462942e-04,0.06
9.462944e-04,0.02
9.462946e-04,0.02
9.462948e-04,0.02
9.462950e-04,0.06
9.462952e-04,0.02
9.462954e-04,0.1
9.462956e-04,0.02
9.462958e-04,0.06
9.462960e-04,0.02
9.462962e-04,0.06
9.462964e-04,0.02
9.462966e-04,0.02
9.462968e-04,0.06
9.462970e-04,0.02
9.462972e-04,-0.02
9.462974e-04,0.02
9.462976e-04,0.02
9.462978e-04,0.02
9.462980e-04,0.02
9.462982e-04,0.02
9.462984e-04,0.06
9.462986e-04,0.06
9.462988e-04,0.02
9.462990e-04,0.06
9.462992e-04,0.06
9.462994e-04,0.02
9.462996e-04,0.02
9.462998e-04,0.06
9.463000e-04,0.06
9.463002e-04,0.02
9.463004e-04,-0.02
9.463006e-04,-0.02
9.463008e-04,0.06
9.463010e-04,0.06
9.463012e-04,0.06
9.463014e-04,0.02
9.463016e-04,0.06
9.463018e-04,0.06
9.463020e-04,0.06
9.463022e-04,0.1
9.463024e-04,0.06
9.463026e-04,0.02
9.463028e-04,0.02
9.463030e-04,0.02
9.463032e-04,0.06
9.463034e-04,0.02
9.463036e-04,0.06
9.463038e-04,0.02
9.463040e-04,0.02
9.463042e-04,0.1
9.463044e-04,0.06
9.463046e-04,0.02
9.463048e-04,0.02
9.463050e-04,0.06
9.463052e-04,0.06
9.463054e-04,0.1
9.463056e-04,0.02
9.463058e-04,0.06
9.463060e-04,0.02
9.463062e-04,0.06
9.463064e-04,0.1
9.463066e-04,0.06
9.463068e-04,0.02
9.463070e-04,0.02
9.463072e-04,0.02
9.463074e-04,0.1
9.463076e-04,0.02
9.463078e-04,0.02
9.463080e-04,0.02
9.463082e-04,0.06
9.463084e-04,-0.02
9.463086e-04,0.02
9.463088e-04,0.06
9.463090e-04,0.02
9.463092e-04,0.02
9.463094e-04,0.06
9.463096e-04,0.02
9.463098e-04,0.06
9.463100e-04,-0.02
9.463102e-04,0.02
9.463104e-04,0.06
9.463106e-04,-0.02
9.463108e-04,0.02
9.463110e-04,0.06
9.463112e-04,0.02
9.463114e-04,0.02
9.463116e-04,-0.02
9.463118e-04,-0.02
9.463120e-04,-0.02
9.463122e-04,0.06
9.463124e-04,0.02
9.463126e-04,0.06
9.463128e-04,0.02
9.463130e-04,0.02
9.463132e-04,0.06
9.463134e-04,0.02
9.463136e-04,0.02
9.463138e-04,0.02
9.463140e-04,0.06
9.463142e-04,0.06
9.463144e-04,0.06
9.463146e-04,0.02
9.463148e-04,0.06
9.463150e-04,0.06
9.463152e-04,0.02
9.463154e-04,0.06
9.463156e-04,0.06
9.463158e-04,0.06
9.463160e-04,0.02
9.463162e-04,0.02
9.463164e-04,-0.02
9.463166e-04,0.02
9.463168e-04,0.02
9.463170e-04,0.02
9.463172e-04,0.02
9.463174e-04,0.06
9.463176e-04,0.06
9.463178e-04,0.02
9.463180e-04,0.02
9.463182e-04,0.02
9.463184e-04,0.02
9.463186e-04,0.06
9.463188e-04,0.02
9.463190e-04,0.06
9.463192e-04,0.02
9.463194e-04,0.06
9.463196e-04,0.02
9.463198e-04,0.02
9.463200e-04,0.02
9.463202e-04,0.02
9.463204e-04,-0.02
9.463206e-04,-0.02
9.463208e-04,0.06
9.463210e-04,0.14
9.463212e-04,0.02
9.463214e-04,0.02
9.463216e-04,-0.02
9.463218e-04,0.1
9.463220e-04,0.02
9.463222e-04,-0.02
9.463224e-04,0.02
9.463226e-04,0.06
9.463228e-04,0.02
9.463230e-04,-0.02
9.463232e-04,0.06
9.463234e-04,0.06
9.463236e-04,0.1
9.463238e-04,0.02
9.463240e-04,0.02
9.463242e-04,0.02
9.463244e-04,0.06
9.463246e-04,0.06
9.463248e-04,0.06
9.463250e-04,0.06
9.463252e-04,0.02
9.463254e-04,0.02
9.463256e-04,0.06
9.463258e-04,0.06
9.463260e-04,0.02
9.463262e-04,0.1
9.463264e-04,0.02
9.463266e-04,0.06
9.463268e-04,0.02
9.463270e-04,0.06
9.463272e-04,0.06
9.463274e-04,0.06
9.463276e-04,0.06
9.463278e-04,0.06
9.463280e-04,0.06
9.463282e-04,0.06
9.463284e-04,0.06
9.463286e-04,0.02
9.463288e-04,0.02
9.463290e-04,0.02
9.463292e-04,0.02
9.463294e-04,0.06
9.463296e-04,0.06
9.463298e-04,0.02
9.463300e-04,0.06
9.463302e-04,0.02
9.463304e-04,0.06
9.463306e-04,0.02
9.463308e-04,0.02
9.463310e-04,0.02
9.463312e-04,0.06
9.463314e-04,0.02
9.463316e-04,0.06
9.463318e-04,0.06
9.463320e-04,0.06
9.463322e-04,0.02
9.463324e-04,0.02
9.463326e-04,0.02
9.463328e-04,0.06
9.463330e-04,0.1
9.463332e-04,0.02
9.463334e-04,0.02
9.463336e-04,0.06
9.463338e-04,0.02
9.463340e-04,0.06
9.463342e-04,0.02
9.463344e-04,-0.02
9.463346e-04,0.02
9.463348e-04,0.02
9.463350e-04,0.02
9.463352e-04,0.06
9.463354e-04,0.1
9.463356e-04,0.06
9.463358e-04,0.1
9.463360e-04,0.02
9.463362e-04,0.06
9.463364e-04,0.02
9.463366e-04,0.02
9.463368e-04,0.06
9.463370e-04,0.02
9.463372e-04,0.02
9.463374e-04,-0.02
9.463376e-04,0.02
9.463378e-04,0.02
9.463380e-04,-0.02
9.463382e-04,0.02
9.463384e-04,0.02
9.463386e-04,0.02
9.463388e-04,0.02
9.463390e-04,0.02
9.463392e-04,0.02
9.463394e-04,0.02
9.463396e-04,0.06
9.463398e-04,0.02
9.463400e-04,0.06
9.463402e-04,0.02
9.463404e-04,0.06
9.463406e-04,0.06
9.463408e-04,0.06
9.463410e-04,0.06
9.463412e-04,0.06
9.463414e-04,0.02
9.463416e-04,0.02
9.463418e-04,0.06
9.463420e-04,0.02
9.463422e-04,0.02
9.463424e-04,0.06
9.463426e-04,0.02
9.463428e-04,0.02
9.463430e-04,0.02
9.463432e-04,0.02
9.463434e-04,0.02
9.463436e-04,0.02
9.463438e-04,0.06
9.463440e-04,0.02
9.463442e-04,0.02
9.463444e-04,0.06
9.463446e-04,0.06
9.463448e-04,0.02
9.463450e-04,0.06
9.463452e-04,0.06
9.463454e-04,0.02
9.463456e-04,0.02
9.463458e-04,0.02
9.463460e-04,0.06
9.463462e-04,0.02
9.463464e-04,0.06
9.463466e-04,0.02
9.463468e-04,0.02
9.463470e-04,0.1
9.463472e-04,0.06
9.463474e-04,0.02
9.463476e-04,0.02
9.463478e-04,0.02
9.463480e-04,0.06
9.463482e-04,0.06
9.463484e-04,0.02
9.463486e-04,0.06
9.463488e-04,0.06
9.463490e-04,0.06
9.463492e-04,0.02
9.463494e-04,0.02
9.463496e-04,0.06
9.463498e-04,0.02
9.463500e-04,0.02
9.463502e-04,0.06
9.463504e-04,0.06
9.463506e-04,0.02
9.463508e-04,0.02
9.463510e-04,0.1
9.463512e-04,0.02
9.463514e-04,0.06

