Model,DPO4104
Firmware Version,2.68

Waveform Type,ANALOG
Point Format,Y
Horizontal Units,s
Horizontal Scale,1e-08
Horizontal Delay,0.000945365
Sample Interval,2e-10
Record Length,10000
Gating,0.0% to 100.0%
Probe Attenuation,1
Vertical Units,V
Vertical Offset,0
Vertical Scale,0.5
Vertical Position,-3.54
,
,
,
Label,
TIME,CH4
9.443647e-04,0.01
9.443649e-04,0.01
9.443651e-04,-0.01
9.443653e-04,-0.01
9.443655e-04,0.03
9.443657e-04,-0.01
9.443659e-04,0.01
9.443661e-04,0.01
9.443663e-04,0.01
9.443665e-04,-0.01
9.443667e-04,0.03
9.443669e-04,0.01
9.443671e-04,0.03
9.443673e-04,0.01
9.443675e-04,0.01
9.443677e-04,0.03
9.443679e-04,0.01
9.443681e-04,-0.01
9.443683e-04,0.03
9.443685e-04,-0.01
9.443687e-04,0.01
9.443689e-04,0.01
9.443691e-04,0.01
9.443693e-04,0.03
9.443695e-04,0.03
9.443697e-04,0.01
9.443699e-04,0.01
9.443701e-04,0.01
9.443703e-04,0.01
9.443705e-04,0.01
9.443707e-04,0.01
9.443709e-04,0.01
9.443711e-04,0.01
9.443713e-04,0.01
9.443715e-04,0.03
9.443717e-04,0.01
9.443719e-04,0.01
9.443721e-04,0.03
9.443723e-04,0.03
9.443725e-04,0.01
9.443727e-04,0.01
9.443729e-04,0.01
9.443731e-04,0.03
9.443733e-04,-0.01
9.443735e-04,0.03
9.443737e-04,0.01
9.443739e-04,0.05
9.443741e-04,0.03
9.443743e-04,0.01
9.443745e-04,-0.01
9.443747e-04,0.05
9.443749e-04,0.05
9.443751e-04,0.05
9.443753e-04,0.01
9.443755e-04,0.01
9.443757e-04,0.01
9.443759e-04,0.01
9.443761e-04,-0.01
9.443763e-04,0.03
9.443765e-04,0.03
9.443767e-04,0.01
9.443769e-04,0.01
9.443771e-04,0.03
9.443773e-04,0.03
9.443775e-04,0.05
9.443777e-04,0.05
9.443779e-04,0.03
9.443781e-04,0.03
9.443783e-04,0.01
9.443785e-04,0.03
9.443787e-04,0.01
9.443789e-04,0.03
9.443791e-04,0.01
9.443793e-04,0.01
9.443795e-04,0.01
9.443797e-04,0.01
9.443799e-04,0.03
9.443801e-04,0.03
9.443803e-04,0.01
9.443805e-04,0.01
9.443807e-04,0.01
9.443809e-04,0.01
9.443811e-04,0.01
9.443813e-04,0.03
9.443815e-04,0.03
9.443817e-04,0.03
9.443819e-04,0.01
9.443821e-04,0.01
9.443823e-04,0.07
9.443825e-04,0.03
9.443827e-04,0.01
9.443829e-04,0.03
9.443831e-04,0.05
9.443833e-04,0.01
9.443835e-04,-0.01
9.443837e-04,-0.01
9.443839e-04,-0.01
9.443841e-04,-0.01
9.443843e-04,0.01
9.443845e-04,0.05
9.443847e-04,0.03
9.443849e-04,-0.01
9.443851e-04,0.01
9.443853e-04,0.03
9.443855e-04,0.03
9.443857e-04,-0.01
9.443859e-04,0.03
9.443861e-04,0.05
9.443863e-04,0.01
9.443865e-04,0.01
9.443867e-04,0.01
9.443869e-04,0.03
9.443871e-04,0.01
9.443873e-04,0.01
9.443875e-04,0.03
9.443877e-04,0.01
9.443879e-04,0.01
9.443881e-04,0.03
9.443883e-04,0.03
9.443885e-04,0.01
9.443887e-04,0.03
9.443889e-04,0.03
9.443891e-04,0.01
9.443893e-04,0.01
9.443895e-04,0.03
9.443897e-04,0.03
9.443899e-04,0.03
9.443901e-04,-0.01
9.443903e-04,0.01
9.443905e-04,0.01
9.443907e-04,0.05
9.443909e-04,0.03
9.443911e-04,0.05
9.443913e-04,0.01
9.443915e-04,0.01
9.443917e-04,0.01
9.443919e-04,0.01
9.443921e-04,0.05
9.443923e-04,0.03
9.443925e-04,0.01
9.443927e-04,0.03
9.443929e-04,0.03
9.443931e-04,0.01
9.443933e-04,0.03
9.443935e-04,0.03
9.443937e-04,0.03
9.443939e-04,0.01
9.443941e-04,0.01
9.443943e-04,-0.01
9.443945e-04,0.01
9.443947e-04,0.05
9.443949e-04,0.01
9.443951e-04,-0.01
9.443953e-04,-0.01
9.443955e-04,0.01
9.443957e-04,-0.01
9.443959e-04,-0.01
9.443961e-04,0.03
9.443963e-04,0.01
9.443965e-04,0.01
9.443967e-04,0.03
9.443969e-04,0.03
9.443971e-04,0.03
9.443973e-04,0.01
9.443975e-04,0.03
9.443977e-04,0.01
9.443979e-04,0.03
9.443981e-04,0.01
9.443983e-04,-0.01
9.443985e-04,-0.01
9.443987e-04,0.01
9.443989e-04,0.01
9.443991e-04,0.01
9.443993e-04,0.01
9.443995e-04,0.03
9.443997e-04,0.01
9.443999e-04,0.01
9.444001e-04,-0.01
9.444003e-04,0.03
9.444005e-04,0.01
9.444007e-04,0.01
9.444009e-04,0.01
9.444011e-04,0.03
9.444013e-04,0.01
9.444015e-04,-0.01
9.444017e-04,-0.01
9.444019e-04,0.03
9.444021e-04,0.03
9.444023e-04,0.01
9.444025e-04,0.01
9.444027e-04,0.01
9.444029e-04,0.01
9.444031e-04,0.01
9.444033e-04,0.03
9.444035e-04,0.03
9.444037e-04,0.03
9.444039e-04,-0.01
9.444041e-04,0.01
9.444043e-04,0.01
9.444045e-04,0.03
9.444047e-04,0.03
9.444049e-04,0.03
9.444051e-04,0.05
9.444053e-04,0.05
9.444055e-04,0.01
9.444057e-04,0.03
9.444059e-04,0.03
9.444061e-04,0.03
9.444063e-04,0.03
9.444065e-04,0.01
9.444067e-04,0.01
9.444069e-04,0.03
9.444071e-04,0.03
9.444073e-04,0.01
9.444075e-04,0.03
9.444077e-04,0.03
9.444079e-04,0.01
9.444081e-04,0.01
9.444083e-04,0.03
9.444085e-04,0.03
9.444087e-04,0.03
9.444089e-04,0.01
9.444091e-04,0.01
9.444093e-04,0.01
9.444095e-04,0.03
9.444097e-04,0.05
9.444099e-04,0.03
9.444101e-04,0.01
9.444103e-04,-0.01
9.444105e-04,0.01
9.444107e-04,0.03
9.444109e-04,0.01
9.444111e-04,0.03
9.444113e-04,0.03
9.444115e-04,0.03
9.444117e-04,0.05
9.444119e-04,0.03
9.444121e-04,0.03
9.444123e-04,0.01
9.444125e-04,0.03
9.444127e-04,-0.01
9.444129e-04,-0.01
9.444131e-04,-0.01
9.444133e-04,0.01
9.444135e-04,0.03
9.444137e-04,0.03
9.444139e-04,0.01
9.444141e-04,-0.01
9.444143e-04,-0.01
9.444145e-04,-0.01
9.444147e-04,0.01
9.444149e-04,0.03
9.444151e-04,0.01
9.444153e-04,0.03
9.444155e-04,0.01
9.444157e-04,0.01
9.444159e-04,0.03
9.444161e-04,0.03
9.444163e-04,0.03
9.444165e-04,0.01
9.444167e-04,0.01
9.444169e-04,0.01
9.444171e-04,-0.01
9.444173e-04,0.03
9.444175e-04,0.03
9.444177e-04,0.03
9.444179e-04,0.01
9.444181e-04,0.01
9.444183e-04,0.03
9.444185e-04,0.05
9.444187e-04,0.03
9.444189e-04,0.03
9.444191e-04,0.03
9.444193e-04,0.05
9.444195e-04,0.01
9.444197e-04,0.01
9.444199e-04,0.03
9.444201e-04,0.01
9.444203e-04,0.01
9.444205e-04,0.01
9.444207e-04,0.01
9.444209e-04,0.01
9.444211e-04,0.03
9.444213e-04,0.03
9.444215e-04,0.03
9.444217e-04,0.01
9.444219e-04,0.03
9.444221e-04,0.03
9.444223e-04,0.01
9.444225e-04,0.03
9.444227e-04,0.03
9.444229e-04,0.03
9.444231e-04,0.01
9.444233e-04,-0.01
9.444235e-04,0.01
9.444237e-04,0.01
9.444239e-04,0.07
9.444241e-04,0.05
9.444243e-04,0.05
9.444245e-04,0.05
9.444247e-04,0.03
9.444249e-04,0.01
9.444251e-04,0.01
9.444253e-04,0.01
9.444255e-04,0.03
9.444257e-04,0.01
9.444259e-04,-0.01
9.444261e-04,-0.01
9.444263e-04,0.01
9.444265e-04,0.01
9.444267e-04,0.01
9.444269e-04,-0.03
9.444271e-04,0.01
9.444273e-04,0.01
9.444275e-04,0.01
9.444277e-04,0.01
9.444279e-04,0.03
9.444281e-04,-0.01
9.444283e-04,0.01
9.444285e-04,-0.01
9.444287e-04,-0.01
9.444289e-04,0.03
9.444291e-04,0.03
9.444293e-04,-0.01
9.444295e-04,-0.01
9.444297e-04,0.03
9.444299e-04,0.03
9.444301e-04,0.03
9.444303e-04,0.01
9.444305e-04,-0.01
9.444307e-04,-0.01
9.444309e-04,0.03
9.444311e-04,0.01
9.444313e-04,0.03
9.444315e-04,0.03
9.444317e-04,-0.01
9.444319e-04,0.01
9.444321e-04,0.03
9.444323e-04,0.01
9.444325e-04,0.03
9.444327e-04,-0.01
9.444329e-04,0.03
9.444331e-04,0.05
9.444333e-04,0.03
9.444335e-04,-0.01
9.444337e-04,0.03
9.444339e-04,0.03
9.444341e-04,0.01
9.444343e-04,0.03
9.444345e-04,-0.01
9.444347e-04,-0.01
9.444349e-04,-0.01
9.444351e-04,-0.01
9.444353e-04,0.03
9.444355e-04,0.03
9.444357e-04,0.01
9.444359e-04,-0.01
9.444361e-04,0.03
9.444363e-04,0.05
9.444365e-04,0.01
9.444367e-04,0.01
9.444369e-04,0.03
9.444371e-04,0.05
9.444373e-04,0.01
9.444375e-04,0.01
9.444377e-04,0.03
9.444379e-04,0.01
9.444381e-04,0.03
9.444383e-04,0.01
9.444385e-04,-0.01
9.444387e-04,-0.01
9.444389e-04,0.03
9.444391e-04,0.01
9.444393e-04,0.03
9.444395e-04,0.01
9.444397e-04,-0.01
9.444399e-04,0.03
9.444401e-04,0.01
9.444403e-04,0.03
9.444405e-04,0.03
9.444407e-04,0.01
9.444409e-04,0.01
9.444411e-04,0.03
9.444413e-04,0.03
9.444415e-04,-0.01
9.444417e-04,0.01
9.444419e-04,0.01
9.444421e-04,0.01
9.444423e-04,0.01
9.444425e-04,0.01
9.444427e-04,0.01
9.444429e-04,0.01
9.444431e-04,0.01
9.444433e-04,0.03
9.444435e-04,0.03
9.444437e-04,0.01
9.444439e-04,0.01
9.444441e-04,0.01
9.444443e-04,0.03
9.444445e-04,0.03
9.444447e-04,0.05
9.444449e-04,0.01
9.444451e-04,0.03
9.444453e-04,0.01
9.444455e-04,0.03
9.444457e-04,0.03
9.444459e-04,0.05
9.444461e-04,0.05
9.444463e-04,0.01
9.444465e-04,0.03
9.444467e-04,0.03
9.444469e-04,0.03
9.444471e-04,0.01
9.444473e-04,0.05
9.444475e-04,0.01
9.444477e-04,-0.01
9.444479e-04,0.03
9.444481e-04,0.03
9.444483e-04,0.03
9.444485e-04,-0.01
9.444487e-04,-0.01
9.444489e-04,0.01
9.444491e-04,0.03
9.444493e-04,0.07
9.444495e-04,0.03
9.444497e-04,0.03
9.444499e-04,0.03
9.444501e-04,0.03
9.444503e-04,0.01
9.444505e-04,0.01
9.444507e-04,0.05
9.444509e-04,0.03
9.444511e-04,0.03
9.444513e-04,0.01
9.444515e-04,0.01
9.444517e-04,0.03
9.444519e-04,0.03
9.444521e-04,0.03
9.444523e-04,0.01
9.444525e-04,0.01
9.444527e-04,0.01
9.444529e-04,0.01
9.444531e-04,0.01
9.444533e-04,0.01
9.444535e-04,0.03
9.444537e-04,0.01
9.444539e-04,0.03
9.444541e-04,0.01
9.444543e-04,0.01
9.444545e-04,0.01
9.444547e-04,0.03
9.444549e-04,0.03
9.444551e-04,0.01
9.444553e-04,0.01
9.444555e-04,0.03
9.444557e-04,0.03
9.444559e-04,0.03
9.444561e-04,0.03
9.444563e-04,-0.01
9.444565e-04,0.01
9.444567e-04,0.01
9.444569e-04,0.05
9.444571e-04,0.03
9.444573e-04,0.01
9.444575e-04,0.01
9.444577e-04,0.01
9.444579e-04,0.03
9.444581e-04,0.01
9.444583e-04,0.03
9.444585e-04,0.03
9.444587e-04,-0.01
9.444589e-04,0.05
9.444591e-04,0.01
9.444593e-04,0.01
9.444595e-04,0.01
9.444597e-04,0.01
9.444599e-04,0.03
9.444601e-04,0.03
9.444603e-04,0.03
9.444605e-04,0.03
9.444607e-04,0.01
9.444609e-04,0.01
9.444611e-04,0.05
9.444613e-04,0.03
9.444615e-04,0.03
9.444617e-04,0.03
9.444619e-04,0.01
9.444621e-04,0.03
9.444623e-04,0.03
9.444625e-04,0.01
9.444627e-04,-0.01
9.444629e-04,0.01
9.444631e-04,0.01
9.444633e-04,-0.01
9.444635e-04,-0.01
9.444637e-04,0.01
9.444639e-04,0.03
9.444641e-04,0.01
9.444643e-04,-0.01
9.444645e-04,0.03
9.444647e-04,0.03
9.444649e-04,-0.01
9.444651e-04,0.01
9.444653e-04,0.03
9.444655e-04,0.03
9.444657e-04,0.01
9.444659e-04,0.01
9.444661e-04,0.03
9.444663e-04,-0.01
9.444665e-04,0.01
9.444667e-04,0.01
9.444669e-04,0.01
9.444671e-04,0.01
9.444673e-04,0.01
9.444675e-04,0.01
9.444677e-04,0.01
9.444679e-04,0.01
9.444681e-04,0.01
9.444683e-04,0.01
9.444685e-04,0.03
9.444687e-04,0.03
9.444689e-04,0.03
9.444691e-04,0.01
9.444693e-04,0.01
9.444695e-04,0.05
9.444697e-04,0.01
9.444699e-04,0.01
9.444701e-04,0.01
9.444703e-04,0.01
9.444705e-04,0.01
9.444707e-04,0.01
9.444709e-04,0.03
9.444711e-04,0.01
9.444713e-04,0.03
9.444715e-04,0.03
9.444717e-04,0.01
9.444719e-04,0.01
9.444721e-04,0.01
9.444723e-04,0.01
9.444725e-04,0.01
9.444727e-04,-0.01
9.444729e-04,0.01
9.444731e-04,0.01
9.444733e-04,0.01
9.444735e-04,0.03
9.444737e-04,0.01
9.444739e-04,0.01
9.444741e-04,-0.01
9.444743e-04,0.01
9.444745e-04,0.01
9.444747e-04,0.01
9.444749e-04,0.01
9.444751e-04,0.03
9.444753e-04,0.03
9.444755e-04,0.01
9.444757e-04,0.01
9.444759e-04,0.01
9.444761e-04,0.01
9.444763e-04,0.01
9.444765e-04,0.03
9.444767e-04,0.01
9.444769e-04,-0.01
9.444771e-04,0.05
9.444773e-04,0.03
9.444775e-04,0.01
9.444777e-04,0.03
9.444779e-04,0.03
9.444781e-04,0.03
9.444783e-04,0.03
9.444785e-04,0.01
9.444787e-04,0.03
9.444789e-04,0.03
9.444791e-04,0.01
9.444793e-04,-0.01
9.444795e-04,0.01
9.444797e-04,0.03
9.444799e-04,0.01
9.444801e-04,0.01
9.444803e-04,0.03
9.444805e-04,0.01
9.444807e-04,0.03
9.444809e-04,0.01
9.444811e-04,0.03
9.444813e-04,0.03
9.444815e-04,0.03
9.444817e-04,0.03
9.444819e-04,0.01
9.444821e-04,0.01
9.444823e-04,0.03
9.444825e-04,0.03
9.444827e-04,0.03
9.444829e-04,0.01
9.444831e-04,0.03
9.444833e-04,0.03
9.444835e-04,0.03
9.444837e-04,0.01
9.444839e-04,0.03
9.444841e-04,0.01
9.444843e-04,-0.01
9.444845e-04,0.01
9.444847e-04,0.01
9.444849e-04,0.03
9.444851e-04,0.03
9.444853e-04,0.03
9.444855e-04,0.01
9.444857e-04,-0.01
9.444859e-04,0.03
9.444861e-04,0.03
9.444863e-04,0.03
9.444865e-04,-0.01
9.444867e-04,0.01
9.444869e-04,0.01
9.444871e-04,0.01
9.444873e-04,0.01
9.444875e-04,0.01
9.444877e-04,0.01
9.444879e-04,0.03
9.444881e-04,0.03
9.444883e-04,0.03
9.444885e-04,0.05
9.444887e-04,0.03
9.444889e-04,0.03
9.444891e-04,0.01
9.444893e-04,0.01
9.444895e-04,0.01
9.444897e-04,0.01
9.444899e-04,0.01
9.444901e-04,0.01
9.444903e-04,0.01
9.444905e-04,-0.01
9.444907e-04,0.03
9.444909e-04,0.03
9.444911e-04,0.03
9.444913e-04,0.03
9.444915e-04,0.01
9.444917e-04,0.01
9.444919e-04,0.03
9.444921e-04,0.05
9.444923e-04,0.05
9.444925e-04,0.01
9.444927e-04,0.01
9.444929e-04,0.05
9.444931e-04,0.01
9.444933e-04,-0.01
9.444935e-04,0.03
9.444937e-04,0.03
9.444939e-04,0.03
9.444941e-04,0.05
9.444943e-04,0.03
9.444945e-04,0.03
9.444947e-04,0.03
9.444949e-04,-0.01
9.444951e-04,0.03
9.444953e-04,0.01
9.444955e-04,0.01
9.444957e-04,0.05
9.444959e-04,-0.01
9.444961e-04,-0.01
9.444963e-04,0.01
9.444965e-04,0.03
9.444967e-04,0.01
9.444969e-04,0.03
9.444971e-04,0.03
9.444973e-04,0.01
9.444975e-04,0.01
9.444977e-04,-0.01
9.444979e-04,0.03
9.444981e-04,0.01
9.444983e-04,0.03
9.444985e-04,0.01
9.444987e-04,0.03
9.444989e-04,0.01
9.444991e-04,-0.01
9.444993e-04,0.01
9.444995e-04,0.01
9.444997e-04,0.01
9.444999e-04,0.03
9.445001e-04,0.03
9.445003e-04,0.01
9.445005e-04,-0.01
9.445007e-04,-0.01
9.445009e-04,0.01
9.445011e-04,-0.01
9.445013e-04,0.03
9.445015e-04,0.03
9.445017e-04,0.03
9.445019e-04,0.03
9.445021e-04,0.01
9.445023e-04,0.01
9.445025e-04,0.03
9.445027e-04,0.01
9.445029e-04,0.03
9.445031e-04,0.03
9.445033e-04,0.01
9.445035e-04,0.03
9.445037e-04,-0.01
9.445039e-04,-0.01
9.445041e-04,-0.01
9.445043e-04,0.03
9.445045e-04,0.03
9.445047e-04,0.03
9.445049e-04,0.01
9.445051e-04,0.01
9.445053e-04,0.03
9.445055e-04,0.05
9.445057e-04,0.05
9.445059e-04,0.01
9.445061e-04,0.03
9.445063e-04,0.03
9.445065e-04,0.01
9.445067e-04,0.03
9.445069e-04,0.03
9.445071e-04,0.03
9.445073e-04,-0.01
9.445075e-04,0.01
9.445077e-04,0.03
9.445079e-04,0.01
9.445081e-04,0.01
9.445083e-04,0.01
9.445085e-04,0.03
9.445087e-04,0.03
9.445089e-04,0.01
9.445091e-04,-0.01
9.445093e-04,0.01
9.445095e-04,0.01
9.445097e-04,0.03
9.445099e-04,0.05
9.445101e-04,-0.01
9.445103e-04,0.01
9.445105e-04,0.03
9.445107e-04,0.03
9.445109e-04,0.01
9.445111e-04,0.03
9.445113e-04,0.03
9.445115e-04,0.01
9.445117e-04,0.01
9.445119e-04,0.01
9.445121e-04,0.05
9.445123e-04,0.03
9.445125e-04,0.01
9.445127e-04,0.01
9.445129e-04,-0.03
9.445131e-04,0.03
9.445133e-04,0.03
9.445135e-04,0.03
9.445137e-04,0.01
9.445139e-04,0.03
9.445141e-04,0.03
9.445143e-04,0.03
9.445145e-04,0.05
9.445147e-04,0.03
9.445149e-04,0.05
9.445151e-04,0.05
9.445153e-04,0.03
9.445155e-04,0.03
9.445157e-04,0.03
9.445159e-04,0.01
9.445161e-04,0.01
9.445163e-04,0.01
9.445165e-04,0.01
9.445167e-04,-0.01
9.445169e-04,0.01
9.445171e-04,0.03
9.445173e-04,0.03
9.445175e-04,0.01
9.445177e-04,0.01
9.445179e-04,0.03
9.445181e-04,0.03
9.445183e-04,0.01
9.445185e-04,0.03
9.445187e-04,0.03
9.445189e-04,0.03
9.445191e-04,0.01
9.445193e-04,0.01
9.445195e-04,0.03
9.445197e-04,0.01
9.445199e-04,0.03
9.445201e-04,-0.03
9.445203e-04,-0.01
9.445205e-04,0.03
9.445207e-04,0.01
9.445209e-04,0.03
9.445211e-04,-0.01
9.445213e-04,0.01
9.445215e-04,0.01
9.445217e-04,0.01
9.445219e-04,-0.01
9.445221e-04,0.03
9.445223e-04,0.01
9.445225e-04,0.03
9.445227e-04,0.03
9.445229e-04,0.05
9.445231e-04,0.03
9.445233e-04,0.01
9.445235e-04,0.01
9.445237e-04,0.03
9.445239e-04,0.03
9.445241e-04,0.03
9.445243e-04,-0.01
9.445245e-04,0.01
9.445247e-04,0.01
9.445249e-04,0.01
9.445251e-04,-0.01
9.445253e-04,0.01
9.445255e-04,0.03
9.445257e-04,0.03
9.445259e-04,0.01
9.445261e-04,0.01
9.445263e-04,0.01
9.445265e-04,0.01
9.445267e-04,0.03
9.445269e-04,0.01
9.445271e-04,0.03
9.445273e-04,0.03
9.445275e-04,0.05
9.445277e-04,0.01
9.445279e-04,0.01
9.445281e-04,-0.01
9.445283e-04,0.03
9.445285e-04,0.03
9.445287e-04,0.03
9.445289e-04,0.03
9.445291e-04,0.01
9.445293e-04,0.03
9.445295e-04,0.01
9.445297e-04,0.01
9.445299e-04,0.01
9.445301e-04,0.03
9.445303e-04,0.03
9.445305e-04,0.03
9.445307e-04,0.01
9.445309e-04,0.03
9.445311e-04,0.03
9.445313e-04,0.01
9.445315e-04,0.03
9.445317e-04,0.01
9.445319e-04,0.03
9.445321e-04,0.01
9.445323e-04,0.03
9.445325e-04,0.03
9.445327e-04,0.01
9.445329e-04,0.01
9.445331e-04,0.01
9.445333e-04,0.01
9.445335e-04,-0.01
9.445337e-04,-0.01
9.445339e-04,0.03
9.445341e-04,0.01
9.445343e-04,0.03
9.445345e-04,0.03
9.445347e-04,0.01
9.445349e-04,0.03
9.445351e-04,0.03
9.445353e-04,0.01
9.445355e-04,0.03
9.445357e-04,0.03
9.445359e-04,0.03
9.445361e-04,0.03
9.445363e-04,0.05
9.445365e-04,0.01
9.445367e-04,0.01
9.445369e-04,0.01
9.445371e-04,0.01
9.445373e-04,0.01
9.445375e-04,0.05
9.445377e-04,0.03
9.445379e-04,0.03
9.445381e-04,0.03
9.445383e-04,0.03
9.445385e-04,0.01
9.445387e-04,0.03
9.445389e-04,0.01
9.445391e-04,0.01
9.445393e-04,-0.01
9.445395e-04,0.03
9.445397e-04,0.01
9.445399e-04,0.03
9.445401e-04,-0.01
9.445403e-04,0.01
9.445405e-04,0.05
9.445407e-04,0.03
9.445409e-04,0.05
9.445411e-04,0.03
9.445413e-04,0.01
9.445415e-04,0.01
9.445417e-04,-0.01
9.445419e-04,0.05
9.445421e-04,0.05
9.445423e-04,0.01
9.445425e-04,0.01
9.445427e-04,-0.01
9.445429e-04,0.03
9.445431e-04,0.03
9.445433e-04,0.03
9.445435e-04,0.01
9.445437e-04,0.05
9.445439e-04,0.03
9.445441e-04,0.03
9.445443e-04,0.03
9.445445e-04,0.03
9.445447e-04,0.03
9.445449e-04,0.03
9.445451e-04,0.01
9.445453e-04,0.01
9.445455e-04,-0.01
9.445457e-04,0.03
9.445459e-04,0.01
9.445461e-04,-0.01
9.445463e-04,0.01
9.445465e-04,-0.01
9.445467e-04,0.01
9.445469e-04,0.01
9.445471e-04,0.01
9.445473e-04,0.01
9.445475e-04,0.03
9.445477e-04,-0.03
9.445479e-04,0.01
9.445481e-04,0.01
9.445483e-04,0.03
9.445485e-04,0.03
9.445487e-04,-0.01
9.445489e-04,0.01
9.445491e-04,0.01
9.445493e-04,0.01
9.445495e-04,0.01
9.445497e-04,0.03
9.445499e-04,0.01
9.445501e-04,0.01
9.445503e-04,0.03
9.445505e-04,0.01
9.445507e-04,0.01
9.445509e-04,0.03
9.445511e-04,-0.01
9.445513e-04,0.03
9.445515e-04,0.01
9.445517e-04,0.01
9.445519e-04,0.01
9.445521e-04,0.01
9.445523e-04,0.01
9.445525e-04,0.01
9.445527e-04,0.03
9.445529e-04,0.01
9.445531e-04,0.01
9.445533e-04,0.01
9.445535e-04,-0.01
9.445537e-04,-0.01
9.445539e-04,0.03
9.445541e-04,0.03
9.445543e-04,0.03
9.445545e-04,-0.01
9.445547e-04,0.03
9.445549e-04,0.03
9.445551e-04,0.01
9.445553e-04,0.01
9.445555e-04,0.03
9.445557e-04,0.01
9.445559e-04,-0.01
9.445561e-04,0.01
9.445563e-04,0.01
9.445565e-04,0.01
9.445567e-04,0.01
9.445569e-04,0.01
9.445571e-04,-0.01
9.445573e-04,0.01
9.445575e-04,-0.01
9.445577e-04,0.01
9.445579e-04,0.01
9.445581e-04,-0.01
9.445583e-04,0.01
9.445585e-04,0.03
9.445587e-04,0.03
9.445589e-04,0.01
9.445591e-04,0.03
9.445593e-04,0.01
9.445595e-04,0.03
9.445597e-04,0.01
9.445599e-04,0.01
9.445601e-04,-0.01
9.445603e-04,0.01
9.445605e-04,0.03
9.445607e-04,0.01
9.445609e-04,0.03
9.445611e-04,0.01
9.445613e-04,0.01
9.445615e-04,0.01
9.445617e-04,0.01
9.445619e-04,0.01
9.445621e-04,0.01
9.445623e-04,0.01
9.445625e-04,0.01
9.445627e-04,0.01
9.445629e-04,0.01
9.445631e-04,0.03
9.445633e-04,0.01
9.445635e-04,0.01
9.445637e-04,0.03
9.445639e-04,0.01
9.445641e-04,0.01
9.445643e-04,0.01
9.445645e-04,0.01
9.445647e-04,0.01
9.445649e-04,0.01
9.445651e-04,0.01
9.445653e-04,0.01
9.445655e-04,0.01
9.445657e-04,0.01
9.445659e-04,0.01
9.445661e-04,-0.01
9.445663e-04,0.01
9.445665e-04,0.03
9.445667e-04,0.01
9.445669e-04,0.03
9.445671e-04,0.01
9.445673e-04,0.03
9.445675e-04,0.03
9.445677e-04,0.01
9.445679e-04,0.03
9.445681e-04,0.03
9.445683e-04,0.01
9.445685e-04,0.01
9.445687e-04,0.01
9.445689e-04,-0.03
9.445691e-04,-0.01
9.445693e-04,-0.01
9.445695e-04,0.01
9.445697e-04,0.03
9.445699e-04,0.01
9.445701e-04,0.01
9.445703e-04,0.01
9.445705e-04,0.01
9.445707e-04,0.03
9.445709e-04,0.01
9.445711e-04,0.03
9.445713e-04,0.01
9.445715e-04,0.01
9.445717e-04,0.03
9.445719e-04,0.01
9.445721e-04,-0.01
9.445723e-04,-0.01
9.445725e-04,0.03
9.445727e-04,0.01
9.445729e-04,0.01
9.445731e-04,0.03
9.445733e-04,0.03
9.445735e-04,0.03
9.445737e-04,0.03
9.445739e-04,0.01
9.445741e-04,0.03
9.445743e-04,0.05
9.445745e-04,0.01
9.445747e-04,0.03
9.445749e-04,-0.01
9.445751e-04,0.01
9.445753e-04,0.03
9.445755e-04,0.01
9.445757e-04,0.01
9.445759e-04,0.01
9.445761e-04,0.01
9.445763e-04,0.01
9.445765e-04,0.01
9.445767e-04,0.03
9.445769e-04,0.01
9.445771e-04,-0.01
9.445773e-04,0.01
9.445775e-04,0.01
9.445777e-04,0.01
9.445779e-04,0.01
9.445781e-04,0.01
9.445783e-04,0.05
9.445785e-04,0.01
9.445787e-04,0.01
9.445789e-04,0.01
9.445791e-04,0.03
9.445793e-04,0.01
9.445795e-04,0.01
9.445797e-04,-0.01
9.445799e-04,0.01
9.445801e-04,0.01
9.445803e-04,0.01
9.445805e-04,-0.01
9.445807e-04,-0.01
9.445809e-04,0.01
9.445811e-04,0.03
9.445813e-04,0.01
9.445815e-04,0.01
9.445817e-04,0.01
9.445819e-04,-0.01
9.445821e-04,0.01
9.445823e-04,0.03
9.445825e-04,0.03
9.445827e-04,0.03
9.445829e-04,0.03
9.445831e-04,0.01
9.445833e-04,0.03
9.445835e-04,0.03
9.445837e-04,0.01
9.445839e-04,0.05
9.445841e-04,0.01
9.445843e-04,0.01
9.445845e-04,0.01
9.445847e-04,0.01
9.445849e-04,0.05
9.445851e-04,0.01
9.445853e-04,0.05
9.445855e-04,0.03
9.445857e-04,0.05
9.445859e-04,0.03
9.445861e-04,0.01
9.445863e-04,0.03
9.445865e-04,0.03
9.445867e-04,0.01
9.445869e-04,0.01
9.445871e-04,-0.01
9.445873e-04,0.01
9.445875e-04,0.01
9.445877e-04,0.01
9.445879e-04,0.01
9.445881e-04,0.03
9.445883e-04,0.01
9.445885e-04,0.03
9.445887e-04,0.03
9.445889e-04,0.01
9.445891e-04,0.01
9.445893e-04,0.03
9.445895e-04,0.03
9.445897e-04,0.03
9.445899e-04,0.03
9.445901e-04,0.03
9.445903e-04,0.03
9.445905e-04,0.03
9.445907e-04,0.03
9.445909e-04,-0.03
9.445911e-04,-0.01
9.445913e-04,0.01
9.445915e-04,0.01
9.445917e-04,0.01
9.445919e-04,0.01
9.445921e-04,0.01
9.445923e-04,0.03
9.445925e-04,0.01
9.445927e-04,0.03
9.445929e-04,0.01
9.445931e-04,0.01
9.445933e-04,0.05
9.445935e-04,0.03
9.445937e-04,0.05
9.445939e-04,0.01
9.445941e-04,0.01
9.445943e-04,0.03
9.445945e-04,0.03
9.445947e-04,0.03
9.445949e-04,-0.03
9.445951e-04,0.03
9.445953e-04,-0.01
9.445955e-04,0.03
9.445957e-04,0.01
9.445959e-04,-0.01
9.445961e-04,0.01
9.445963e-04,0.01
9.445965e-04,-0.01
9.445967e-04,0.03
9.445969e-04,0.01
9.445971e-04,0.01
9.445973e-04,-0.01
9.445975e-04,0.03
9.445977e-04,0.03
9.445979e-04,0.01
9.445981e-04,0.01
9.445983e-04,0.01
9.445985e-04,-0.01
9.445987e-04,0.03
9.445989e-04,0.01
9.445991e-04,0.03
9.445993e-04,0.01
9.445995e-04,0.03
9.445997e-04,0.03
9.445999e-04,0.01
9.446001e-04,0.03
9.446003e-04,0.03
9.446005e-04,0.03
9.446007e-04,0.03
9.446009e-04,0.01
9.446011e-04,0.01
9.446013e-04,0.01
9.446015e-04,0.05
9.446017e-04,0.01
9.446019e-04,0.01
9.446021e-04,0.01
9.446023e-04,-0.01
9.446025e-04,0.03
9.446027e-04,0.05
9.446029e-04,-0.01
9.446031e-04,-0.01
9.446033e-04,0.03
9.446035e-04,0.03
9.446037e-04,0.03
9.446039e-04,0.03
9.446041e-04,0.01
9.446043e-04,-0.01
9.446045e-04,0.01
9.446047e-04,0.01
9.446049e-04,-0.01
9.446051e-04,0.01
9.446053e-04,0.01
9.446055e-04,0.01
9.446057e-04,-0.01
9.446059e-04,-0.01
9.446061e-04,-0.01
9.446063e-04,0.01
9.446065e-04,0.03
9.446067e-04,0.01
9.446069e-04,0.03
9.446071e-04,0.03
9.446073e-04,0.03
9.446075e-04,0.03
9.446077e-04,0.03
9.446079e-04,0.01
9.446081e-04,0.01
9.446083e-04,-0.01
9.446085e-04,0.01
9.446087e-04,-0.01
9.446089e-04,-0.01
9.446091e-04,0.01
9.446093e-04,0.01
9.446095e-04,0.03
9.446097e-04,0.03
9.446099e-04,0.03
9.446101e-04,0.03
9.446103e-04,0.03
9.446105e-04,0.03
9.446107e-04,0.03
9.446109e-04,0.01
9.446111e-04,-0.01
9.446113e-04,0.01
9.446115e-04,0.05
9.446117e-04,0.05
9.446119e-04,0.03
9.446121e-04,0.01
9.446123e-04,0.03
9.446125e-04,0.05
9.446127e-04,0.03
9.446129e-04,0.01
9.446131e-04,0.01
9.446133e-04,0.03
9.446135e-04,0.01
9.446137e-04,0.01
9.446139e-04,0.03
9.446141e-04,0.03
9.446143e-04,0.01
9.446145e-04,0.01
9.446147e-04,0.01
9.446149e-04,0.03
9.446151e-04,0.05
9.446153e-04,0.03
9.446155e-04,0.01
9.446157e-04,0.05
9.446159e-04,0.05
9.446161e-04,0.03
9.446163e-04,0.01
9.446165e-04,0.01
9.446167e-04,0.01
9.446169e-04,-0.01
9.446171e-04,-0.01
9.446173e-04,0.01
9.446175e-04,0.01
9.446177e-04,-0.01
9.446179e-04,-0.01
9.446181e-04,0.03
9.446183e-04,0.01
9.446185e-04,0.01
9.446187e-04,0.03
9.446189e-04,-0.01
9.446191e-04,0.01
9.446193e-04,0.01
9.446195e-04,0.01
9.446197e-04,0.01
9.446199e-04,0.01
9.446201e-04,0.01
9.446203e-04,-0.01
9.446205e-04,-0.01
9.446207e-04,0.03
9.446209e-04,0.03
9.446211e-04,0.01
9.446213e-04,0.03
9.446215e-04,0.01
9.446217e-04,0.03
9.446219e-04,0.03
9.446221e-04,0.01
9.446223e-04,0.03
9.446225e-04,0.03
9.446227e-04,0.01
9.446229e-04,-0.01
9.446231e-04,0.01
9.446233e-04,0.01
9.446235e-04,0.01
9.446237e-04,0.01
9.446239e-04,0.01
9.446241e-04,0.01
9.446243e-04,0.03
9.446245e-04,0.01
9.446247e-04,-0.01
9.446249e-04,0.01
9.446251e-04,0.03
9.446253e-04,0.03
9.446255e-04,0.01
9.446257e-04,0.03
9.446259e-04,0.03
9.446261e-04,0.03
9.446263e-04,0.03
9.446265e-04,0.03
9.446267e-04,0.01
9.446269e-04,0.01
9.446271e-04,0.03
9.446273e-04,0.01
9.446275e-04,0.03
9.446277e-04,0.03
9.446279e-04,0.03
9.446281e-04,0.03
9.446283e-04,0.05
9.446285e-04,0.05
9.446287e-04,0.01
9.446289e-04,0.01
9.446291e-04,0.01
9.446293e-04,0.03
9.446295e-04,-0.01
9.446297e-04,0.03
9.446299e-04,0.03
9.446301e-04,0.01
9.446303e-04,0.03
9.446305e-04,0.01
9.446307e-04,0.01
9.446309e-04,-0.01
9.446311e-04,0.01
9.446313e-04,0.03
9.446315e-04,0.01
9.446317e-04,0.01
9.446319e-04,0.01
9.446321e-04,0.03
9.446323e-04,0.03
9.446325e-04,0.03
9.446327e-04,0.03
9.446329e-04,-0.01
9.446331e-04,-0.01
9.446333e-04,0.01
9.446335e-04,0.01
9.446337e-04,0.03
9.446339e-04,0.01
9.446341e-04,0.01
9.446343e-04,0.01
9.446345e-04,0.01
9.446347e-04,0.01
9.446349e-04,0.03
9.446351e-04,0.01
9.446353e-04,0.03
9.446355e-04,0.01
9.446357e-04,0.01
9.446359e-04,0.01
9.446361e-04,-0.01
9.446363e-04,0.01
9.446365e-04,0.03
9.446367e-04,0.03
9.446369e-04,0.03
9.446371e-04,0.03
9.446373e-04,0.01
9.446375e-04,0.01
9.446377e-04,0.01
9.446379e-04,0.01
9.446381e-04,0.01
9.446383e-04,-0.01
9.446385e-04,0.03
9.446387e-04,0.03
9.446389e-04,0.01
9.446391e-04,0.01
9.446393e-04,0.01
9.446395e-04,0.03
9.446397e-04,0.01
9.446399e-04,-0.01
9.446401e-04,0.01
9.446403e-04,0.03
9.446405e-04,0.01
9.446407e-04,0.01
9.446409e-04,0.01
9.446411e-04,0.01
9.446413e-04,0.01
9.446415e-04,-0.01
9.446417e-04,0.03
9.446419e-04,0.01
9.446421e-04,0.01
9.446423e-04,0.03
9.446425e-04,0.03
9.446427e-04,-0.01
9.446429e-04,0.01
9.446431e-04,0.01
9.446433e-04,-0.01
9.446435e-04,-0.01
9.446437e-04,0.01
9.446439e-04,0.01
9.446441e-04,-0.01
9.446443e-04,-0.01
9.446445e-04,0.01
9.446447e-04,-0.01
9.446449e-04,0.03
9.446451e-04,0.03
9.446453e-04,0.03
9.446455e-04,0.03
9.446457e-04,-0.01
9.446459e-04,0.01
9.446461e-04,-0.01
9.446463e-04,0.01
9.446465e-04,0.03
9.446467e-04,0.03
9.446469e-04,-0.01
9.446471e-04,0.03
9.446473e-04,0.03
9.446475e-04,0.01
9.446477e-04,0.03
9.446479e-04,0.03
9.446481e-04,0.01
9.446483e-04,0.05
9.446485e-04,0.03
9.446487e-04,0.03
9.446489e-04,0.03
9.446491e-04,0.03
9.446493e-04,0.03
9.446495e-04,0.01
9.446497e-04,0.01
9.446499e-04,0.01
9.446501e-04,-0.01
9.446503e-04,-0.01
9.446505e-04,0.01
9.446507e-04,-0.01
9.446509e-04,0.01
9.446511e-04,0.03
9.446513e-04,-0.01
9.446515e-04,0.01
9.446517e-04,0.03
9.446519e-04,-0.01
9.446521e-04,0.01
9.446523e-04,0.01
9.446525e-04,0.01
9.446527e-04,0.01
9.446529e-04,0.03
9.446531e-04,0.01
9.446533e-04,0.01
9.446535e-04,0.01
9.446537e-04,0.03
9.446539e-04,0.03
9.446541e-04,-0.01
9.446543e-04,0.01
9.446545e-04,0.03
9.446547e-04,0.03
9.446549e-04,0.03
9.446551e-04,0.01
9.446553e-04,0.01
9.446555e-04,0.01
9.446557e-04,-0.01
9.446559e-04,0.01
9.446561e-04,0.01
9.446563e-04,0.03
9.446565e-04,0.01
9.446567e-04,0.03
9.446569e-04,-0.01
9.446571e-04,0.01
9.446573e-04,0.03
9.446575e-04,0.05
9.446577e-04,0.01
9.446579e-04,0.01
9.446581e-04,0.01
9.446583e-04,0.01
9.446585e-04,0.03
9.446587e-04,0.01
9.446589e-04,0.01
9.446591e-04,0.03
9.446593e-04,0.01
9.446595e-04,0.01
9.446597e-04,0.01
9.446599e-04,0.03
9.446601e-04,0.03
9.446603e-04,0.03
9.446605e-04,0.03
9.446607e-04,0.03
9.446609e-04,0.03
9.446611e-04,0.01
9.446613e-04,-0.01
9.446615e-04,0.01
9.446617e-04,0.01
9.446619e-04,0.01
9.446621e-04,0.05
9.446623e-04,-0.01
9.446625e-04,0.03
9.446627e-04,0.03
9.446629e-04,0.03
9.446631e-04,0.01
9.446633e-04,0.01
9.446635e-04,0.03
9.446637e-04,-0.01
9.446639e-04,0.01
9.446641e-04,0.01
9.446643e-04,0.01
9.446645e-04,0.05
9.446647e-04,0.03
9.446649e-04,0.03
9.446651e-04,-0.03
9.446653e-04,0.01
9.446655e-04,0.01
9.446657e-04,0.01
9.446659e-04,0.01
9.446661e-04,-0.01
9.446663e-04,0.01
9.446665e-04,-0.01
9.446667e-04,0.01
9.446669e-04,-0.01
9.446671e-04,0.01
9.446673e-04,0.03
9.446675e-04,0.01
9.446677e-04,0.01
9.446679e-04,0.01
9.446681e-04,0.03
9.446683e-04,0.03
9.446685e-04,0.01
9.446687e-04,0.01
9.446689e-04,0.03
9.446691e-04,0.03
9.446693e-04,0.01
9.446695e-04,0.01
9.446697e-04,0.03
9.446699e-04,0.01
9.446701e-04,0.01
9.446703e-04,0.01
9.446705e-04,-0.01
9.446707e-04,0.01
9.446709e-04,0.01
9.446711e-04,-0.01
9.446713e-04,-0.01
9.446715e-04,0.03
9.446717e-04,0.03
9.446719e-04,0.01
9.446721e-04,0.01
9.446723e-04,0.03
9.446725e-04,0.01
9.446727e-04,0.03
9.446729e-04,0.01
9.446731e-04,0.01
9.446733e-04,0.03
9.446735e-04,0.03
9.446737e-04,-0.01
9.446739e-04,0.03
9.446741e-04,0.03
9.446743e-04,0.03
9.446745e-04,0.01
9.446747e-04,0.03
9.446749e-04,0.03
9.446751e-04,0.05
9.446753e-04,0.01
9.446755e-04,0.03
9.446757e-04,0.05
9.446759e-04,0.05
9.446761e-04,0.01
9.446763e-04,0.01
9.446765e-04,-0.01
9.446767e-04,-0.01
9.446769e-04,0.01
9.446771e-04,0.03
9.446773e-04,0.05
9.446775e-04,0.05
9.446777e-04,0.03
9.446779e-04,0.01
9.446781e-04,0.01
9.446783e-04,0.03
9.446785e-04,0.01
9.446787e-04,0.03
9.446789e-04,0.05
9.446791e-04,0.03
9.446793e-04,0.05
9.446795e-04,0.03
9.446797e-04,0.01
9.446799e-04,0.01
9.446801e-04,0.01
9.446803e-04,0.01
9.446805e-04,-0.01
9.446807e-04,0.03
9.446809e-04,0.03
9.446811e-04,0.01
9.446813e-04,-0.01
9.446815e-04,-0.01
9.446817e-04,-0.01
9.446819e-04,0.01
9.446821e-04,-0.01
9.446823e-04,0.01
9.446825e-04,0.03
9.446827e-04,0.01
9.446829e-04,0.03
9.446831e-04,0.03
9.446833e-04,0.03
9.446835e-04,0.03
9.446837e-04,-0.01
9.446839e-04,0.03
9.446841e-04,0.01
9.446843e-04,0.01
9.446845e-04,0.05
9.446847e-04,0.05
9.446849e-04,0.01
9.446851e-04,0.03
9.446853e-04,0.01
9.446855e-04,0.03
9.446857e-04,0.01
9.446859e-04,-0.01
9.446861e-04,0.01
9.446863e-04,0.01
9.446865e-04,0.01
9.446867e-04,0.03
9.446869e-04,0.03
9.446871e-04,0.01
9.446873e-04,0.03
9.446875e-04,0.01
9.446877e-04,0.03
9.446879e-04,0.03
9.446881e-04,0.03
9.446883e-04,0.03
9.446885e-04,0.03
9.446887e-04,0.03
9.446889e-04,0.03
9.446891e-04,0.03
9.446893e-04,0.01
9.446895e-04,0.01
9.446897e-04,0.01
9.446899e-04,0.03
9.446901e-04,0.03
9.446903e-04,0.05
9.446905e-04,0.03
9.446907e-04,0.01
9.446909e-04,-0.01
9.446911e-04,0.01
9.446913e-04,0.03
9.446915e-04,0.01
9.446917e-04,0.01
9.446919e-04,0.05
9.446921e-04,0.03
9.446923e-04,0.03
9.446925e-04,-0.01
9.446927e-04,0.01
9.446929e-04,0.03
9.446931e-04,0.01
9.446933e-04,0.03
9.446935e-04,0.01
9.446937e-04,-0.01
9.446939e-04,0.01
9.446941e-04,0.01
9.446943e-04,0.03
9.446945e-04,0.03
9.446947e-04,0.03
9.446949e-04,0.01
9.446951e-04,0.03
9.446953e-04,0.05
9.446955e-04,0.03
9.446957e-04,0.01
9.446959e-04,0.01
9.446961e-04,0.03
9.446963e-04,0.05
9.446965e-04,0.03
9.446967e-04,0.03
9.446969e-04,-0.01
9.446971e-04,-0.01
9.446973e-04,-0.01
9.446975e-04,0.01
9.446977e-04,0.01
9.446979e-04,0.01
9.446981e-04,0.01
9.446983e-04,0.01
9.446985e-04,0.01
9.446987e-04,0.03
9.446989e-04,0.01
9.446991e-04,0.05
9.446993e-04,0.05
9.446995e-04,0.03
9.446997e-04,-0.01
9.446999e-04,0.01
9.447001e-04,-0.01
9.447003e-04,0.01
9.447005e-04,0.03
9.447007e-04,0.05
9.447009e-04,0.03
9.447011e-04,0.01
9.447013e-04,0.03
9.447015e-04,0.01
9.447017e-04,0.01
9.447019e-04,-0.01
9.447021e-04,-0.01
9.447023e-04,0.01
9.447025e-04,0.03
9.447027e-04,0.05
9.447029e-04,0.03
9.447031e-04,0.03
9.447033e-04,-0.01
9.447035e-04,0.03
9.447037e-04,0.01
9.447039e-04,0.01
9.447041e-04,0.01
9.447043e-04,0.03
9.447045e-04,0.03
9.447047e-04,0.03
9.447049e-04,0.01
9.447051e-04,0.01
9.447053e-04,0.03
9.447055e-04,0.05
9.447057e-04,0.03
9.447059e-04,0.03
9.447061e-04,0.01
9.447063e-04,0.03
9.447065e-04,0.03
9.447067e-04,0.01
9.447069e-04,-0.01
9.447071e-04,0.01
9.447073e-04,0.03
9.447075e-04,0.03
9.447077e-04,0.03
9.447079e-04,0.03
9.447081e-04,-0.01
9.447083e-04,-0.01
9.447085e-04,0.01
9.447087e-04,0.03
9.447089e-04,0.03
9.447091e-04,0.03
9.447093e-04,0.05
9.447095e-04,0.01
9.447097e-04,0.01
9.447099e-04,0.01
9.447101e-04,0.01
9.447103e-04,0.05
9.447105e-04,0.03
9.447107e-04,0.03
9.447109e-04,0.01
9.447111e-04,0.01
9.447113e-04,0.03
9.447115e-04,0.01
9.447117e-04,0.01
9.447119e-04,0.01
9.447121e-04,-0.01
9.447123e-04,0.01
9.447125e-04,0.03
9.447127e-04,0.01
9.447129e-04,0.01
9.447131e-04,0.01
9.447133e-04,0.05
9.447135e-04,0.03
9.447137e-04,-0.01
9.447139e-04,0.01
9.447141e-04,0.01
9.447143e-04,0.03
9.447145e-04,0.01
9.447147e-04,0.01
9.447149e-04,-0.01
9.447151e-04,0.03
9.447153e-04,0.03
9.447155e-04,0.01
9.447157e-04,0.01
9.447159e-04,0.01
9.447161e-04,-0.01
9.447163e-04,0.03
9.447165e-04,0.03
9.447167e-04,0.01
9.447169e-04,0.03
9.447171e-04,0.01
9.447173e-04,0.01
9.447175e-04,0.01
9.447177e-04,0.01
9.447179e-04,0.03
9.447181e-04,0.03
9.447183e-04,0.03
9.447185e-04,0.03
9.447187e-04,0.01
9.447189e-04,0.03
9.447191e-04,0.01
9.447193e-04,-0.01
9.447195e-04,0.01
9.447197e-04,0.03
9.447199e-04,-0.01
9.447201e-04,0.03
9.447203e-04,0.03
9.447205e-04,0.05
9.447207e-04,-0.01
9.447209e-04,-0.01
9.447211e-04,0.01
9.447213e-04,0.03
9.447215e-04,0.03
9.447217e-04,0.03
9.447219e-04,0.01
9.447221e-04,0.01
9.447223e-04,0.03
9.447225e-04,0.01
9.447227e-04,0.05
9.447229e-04,0.01
9.447231e-04,-0.01
9.447233e-04,0.03
9.447235e-04,0.05
9.447237e-04,0.03
9.447239e-04,0.03
9.447241e-04,0.03
9.447243e-04,0.01
9.447245e-04,0.03
9.447247e-04,0.03
9.447249e-04,0.03
9.447251e-04,0.05
9.447253e-04,0.03
9.447255e-04,0.01
9.447257e-04,-0.01
9.447259e-04,-0.01
9.447261e-04,-0.01
9.447263e-04,0.01
9.447265e-04,0.01
9.447267e-04,0.01
9.447269e-04,-0.01
9.447271e-04,-0.01
9.447273e-04,0.01
9.447275e-04,0.01
9.447277e-04,-0.01
9.447279e-04,0.01
9.447281e-04,0.03
9.447283e-04,0.03
9.447285e-04,-0.01
9.447287e-04,0.01
9.447289e-04,0.01
9.447291e-04,0.01
9.447293e-04,-0.01
9.447295e-04,0.01
9.447297e-04,-0.01
9.447299e-04,0.01
9.447301e-04,0.03
9.447303e-04,0.03
9.447305e-04,0.01
9.447307e-04,0.01
9.447309e-04,0.03
9.447311e-04,0.01
9.447313e-04,0.03
9.447315e-04,0.01
9.447317e-04,0.01
9.447319e-04,0.03
9.447321e-04,0.01
9.447323e-04,0.03
9.447325e-04,0.03
9.447327e-04,0.05
9.447329e-04,0.01
9.447331e-04,0.01
9.447333e-04,0.01
9.447335e-04,0.05
9.447337e-04,0.03
9.447339e-04,0.03
9.447341e-04,0.03
9.447343e-04,0.03
9.447345e-04,0.03
9.447347e-04,-0.01
9.447349e-04,-0.01
9.447351e-04,0.01
9.447353e-04,0.03
9.447355e-04,0.03
9.447357e-04,0.01
9.447359e-04,0.03
9.447361e-04,0.01
9.447363e-04,0.03
9.447365e-04,-0.01
9.447367e-04,0.01
9.447369e-04,0.03
9.447371e-04,0.03
9.447373e-04,0.03
9.447375e-04,0.03
9.447377e-04,-0.01
9.447379e-04,0.01
9.447381e-04,0.01
9.447383e-04,0.01
9.447385e-04,0.01
9.447387e-04,0.03
9.447389e-04,0.03
9.447391e-04,0.01
9.447393e-04,-0.01
9.447395e-04,-0.01
9.447397e-04,0.03
9.447399e-04,0.03
9.447401e-04,0.01
9.447403e-04,0.03
9.447405e-04,0.03
9.447407e-04,0.01
9.447409e-04,0.03
9.447411e-04,0.01
9.447413e-04,0.03
9.447415e-04,0.01
9.447417e-04,0.05
9.447419e-04,0.03
9.447421e-04,0.03
9.447423e-04,-0.01
9.447425e-04,0.03
9.447427e-04,0.03
9.447429e-04,0.03
9.447431e-04,0.03
9.447433e-04,0.01
9.447435e-04,-0.01
9.447437e-04,-0.01
9.447439e-04,0.03
9.447441e-04,0.01
9.447443e-04,0.01
9.447445e-04,0.01
9.447447e-04,-0.01
9.447449e-04,-0.01
9.447451e-04,0.05
9.447453e-04,0.05
9.447455e-04,0.01
9.447457e-04,0.03
9.447459e-04,0.01
9.447461e-04,0.01
9.447463e-04,-0.01
9.447465e-04,0.01
9.447467e-04,0.03
9.447469e-04,0.03
9.447471e-04,0.03
9.447473e-04,0.03
9.447475e-04,0.03
9.447477e-04,-0.01
9.447479e-04,-0.01
9.447481e-04,0.01
9.447483e-04,0.03
9.447485e-04,0.03
9.447487e-04,0.05
9.447489e-04,0.03
9.447491e-04,0.01
9.447493e-04,0.03
9.447495e-04,0.03
9.447497e-04,0.01
9.447499e-04,0.01
9.447501e-04,0.03
9.447503e-04,0.01
9.447505e-04,-0.01
9.447507e-04,0.01
9.447509e-04,0.01
9.447511e-04,-0.01
9.447513e-04,0.03
9.447515e-04,0.01
9.447517e-04,0.01
9.447519e-04,0.01
9.447521e-04,0.03
9.447523e-04,0.01
9.447525e-04,-0.01
9.447527e-04,0.01
9.447529e-04,0.01
9.447531e-04,0.01
9.447533e-04,0.03
9.447535e-04,-0.01
9.447537e-04,0.01
9.447539e-04,0.01
9.447541e-04,0.01
9.447543e-04,0.01
9.447545e-04,0.01
9.447547e-04,0.03
9.447549e-04,0.03
9.447551e-04,0.01
9.447553e-04,-0.01
9.447555e-04,0.01
9.447557e-04,0.01
9.447559e-04,0.03
9.447561e-04,0.01
9.447563e-04,0.05
9.447565e-04,0.03
9.447567e-04,-0.01
9.447569e-04,0.01
9.447571e-04,0.01
9.447573e-04,0.03
9.447575e-04,0.03
9.447577e-04,0.03
9.447579e-04,0.05
9.447581e-04,0.03
9.447583e-04,0.01
9.447585e-04,0.03
9.447587e-04,-0.01
9.447589e-04,0.01
9.447591e-04,0.03
9.447593e-04,0.01
9.447595e-04,0.01
9.447597e-04,0.01
9.447599e-04,-0.01
9.447601e-04,-0.01
9.447603e-04,0.01
9.447605e-04,0.01
9.447607e-04,-0.01
9.447609e-04,-0.01
9.447611e-04,0.01
9.447613e-04,0.03
9.447615e-04,0.01
9.447617e-04,-0.01
9.447619e-04,0.01
9.447621e-04,-0.01
9.447623e-04,0.03
9.447625e-04,-0.01
9.447627e-04,0.01
9.447629e-04,0.01
9.447631e-04,0.01
9.447633e-04,0.01
9.447635e-04,0.01
9.447637e-04,-0.01
9.447639e-04,0.01
9.447641e-04,0.03
9.447643e-04,0.01
9.447645e-04,0.03
9.447647e-04,0.05
9.447649e-04,0.05
9.447651e-04,0.05
9.447653e-04,0.03
9.447655e-04,0.01
9.447657e-04,-0.01
9.447659e-04,0.03
9.447661e-04,0.03
9.447663e-04,0.01
9.447665e-04,0.03
9.447667e-04,-0.01
9.447669e-04,0.01
9.447671e-04,0.01
9.447673e-04,-0.01
9.447675e-04,0.03
9.447677e-04,-0.01
9.447679e-04,-0.01
9.447681e-04,0.01
9.447683e-04,0.05
9.447685e-04,0.03
9.447687e-04,0.01
9.447689e-04,0.03
9.447691e-04,0.03
9.447693e-04,0.03
9.447695e-04,0.01
9.447697e-04,0.05
9.447699e-04,0.03
9.447701e-04,-0.01
9.447703e-04,0.01
9.447705e-04,0.03
9.447707e-04,0.01
9.447709e-04,0.03
9.447711e-04,0.01
9.447713e-04,0.03
9.447715e-04,0.03
9.447717e-04,0.03
9.447719e-04,-0.01
9.447721e-04,0.01
9.447723e-04,0.03
9.447725e-04,0.01
9.447727e-04,0.01
9.447729e-04,-0.01
9.447731e-04,-0.01
9.447733e-04,0.01
9.447735e-04,0.01
9.447737e-04,0.01
9.447739e-04,0.03
9.447741e-04,0.03
9.447743e-04,-0.01
9.447745e-04,0.01
9.447747e-04,0.01
9.447749e-04,0.03
9.447751e-04,0.01
9.447753e-04,0.01
9.447755e-04,-0.03
9.447757e-04,0.01
9.447759e-04,0.03
9.447761e-04,0.03
9.447763e-04,0.03
9.447765e-04,0.03
9.447767e-04,0.03
9.447769e-04,0.01
9.447771e-04,0.01
9.447773e-04,0.01
9.447775e-04,0.03
9.447777e-04,0.01
9.447779e-04,0.01
9.447781e-04,-0.01
9.447783e-04,0.03
9.447785e-04,0.03
9.447787e-04,0.03
9.447789e-04,-0.01
9.447791e-04,0.03
9.447793e-04,0.03
9.447795e-04,0.03
9.447797e-04,0.03
9.447799e-04,0.01
9.447801e-04,0.03
9.447803e-04,0.03
9.447805e-04,0.01
9.447807e-04,-0.01
9.447809e-04,0.01
9.447811e-04,0.01
9.447813e-04,-0.01
9.447815e-04,-0.01
9.447817e-04,0.03
9.447819e-04,0.01
9.447821e-04,0.01
9.447823e-04,0.01
9.447825e-04,0.01
9.447827e-04,0.01
9.447829e-04,-0.01
9.447831e-04,0.01
9.447833e-04,-0.01
9.447835e-04,-0.01
9.447837e-04,0.01
9.447839e-04,0.03
9.447841e-04,0.01
9.447843e-04,0.03
9.447845e-04,0.03
9.447847e-04,0.01
9.447849e-04,0.01
9.447851e-04,0.05
9.447853e-04,0.01
9.447855e-04,0.01
9.447857e-04,0.01
9.447859e-04,0.03
9.447861e-04,-0.01
9.447863e-04,0.01
9.447865e-04,0.03
9.447867e-04,0.03
9.447869e-04,0.01
9.447871e-04,0.01
9.447873e-04,0.01
9.447875e-04,0.01
9.447877e-04,0.03
9.447879e-04,0.03
9.447881e-04,0.03
9.447883e-04,0.03
9.447885e-04,-0.01
9.447887e-04,-0.01
9.447889e-04,-0.01
9.447891e-04,0.01
9.447893e-04,0.01
9.447895e-04,0.03
9.447897e-04,0.01
9.447899e-04,0.01
9.447901e-04,0.01
9.447903e-04,0.03
9.447905e-04,0.01
9.447907e-04,0.01
9.447909e-04,-0.01
9.447911e-04,0.01
9.447913e-04,0.01
9.447915e-04,0.03
9.447917e-04,0.01
9.447919e-04,0.03
9.447921e-04,0.03
9.447923e-04,0.03
9.447925e-04,-0.01
9.447927e-04,0.03
9.447929e-04,0.01
9.447931e-04,0.01
9.447933e-04,0.03
9.447935e-04,0.03
9.447937e-04,-0.01
9.447939e-04,0.01
9.447941e-04,0.01
9.447943e-04,0.03
9.447945e-04,0.03
9.447947e-04,0.03
9.447949e-04,-0.01
9.447951e-04,0.03
9.447953e-04,0.01
9.447955e-04,0.01
9.447957e-04,0.03
9.447959e-04,0.03
9.447961e-04,0.03
9.447963e-04,0.03
9.447965e-04,0.01
9.447967e-04,0.03
9.447969e-04,0.03
9.447971e-04,0.03
9.447973e-04,0.01
9.447975e-04,0.03
9.447977e-04,0.05
9.447979e-04,0.01
9.447981e-04,0.03
9.447983e-04,0.03
9.447985e-04,0.03
9.447987e-04,-0.01
9.447989e-04,0.03
9.447991e-04,0.03
9.447993e-04,0.03
9.447995e-04,-0.01
9.447997e-04,0.01
9.447999e-04,0.03
9.448001e-04,0.03
9.448003e-04,0.01
9.448005e-04,-0.01
9.448007e-04,0.03
9.448009e-04,0.01
9.448011e-04,0.03
9.448013e-04,0.01
9.448015e-04,0.03
9.448017e-04,0.03
9.448019e-04,0.03
9.448021e-04,0.01
9.448023e-04,0.01
9.448025e-04,0.03
9.448027e-04,0.01
9.448029e-04,0.03
9.448031e-04,0.05
9.448033e-04,0.05
9.448035e-04,0.03
9.448037e-04,0.01
9.448039e-04,0.01
9.448041e-04,0.01
9.448043e-04,0.01
9.448045e-04,0.01
9.448047e-04,0.05
9.448049e-04,0.03
9.448051e-04,0.05
9.448053e-04,0.03
9.448055e-04,0.01
9.448057e-04,0.01
9.448059e-04,0.03
9.448061e-04,0.03
9.448063e-04,0.03
9.448065e-04,0.01
9.448067e-04,0.03
9.448069e-04,0.01
9.448071e-04,-0.01
9.448073e-04,0.01
9.448075e-04,0.03
9.448077e-04,0.01
9.448079e-04,0.01
9.448081e-04,0.03
9.448083e-04,0.03
9.448085e-04,0.03
9.448087e-04,0.01
9.448089e-04,0.01
9.448091e-04,0.01
9.448093e-04,-0.01
9.448095e-04,0.01
9.448097e-04,0.03
9.448099e-04,0.01
9.448101e-04,0.01
9.448103e-04,0.01
9.448105e-04,0.01
9.448107e-04,0.01
9.448109e-04,0.01
9.448111e-04,0.01
9.448113e-04,0.01
9.448115e-04,0.01
9.448117e-04,0.03
9.448119e-04,0.01
9.448121e-04,0.03
9.448123e-04,0.01
9.448125e-04,0.01
9.448127e-04,0.03
9.448129e-04,0.01
9.448131e-04,0.03
9.448133e-04,0.05
9.448135e-04,0.03
9.448137e-04,0.01
9.448139e-04,0.03
9.448141e-04,0.03
9.448143e-04,0.03
9.448145e-04,0.03
9.448147e-04,0.03
9.448149e-04,-0.01
9.448151e-04,0.01
9.448153e-04,0.01
9.448155e-04,0.01
9.448157e-04,0.01
9.448159e-04,-0.01
9.448161e-04,-0.03
9.448163e-04,0.01
9.448165e-04,0.05
9.448167e-04,0.03
9.448169e-04,0.03
9.448171e-04,0.01
9.448173e-04,0.01
9.448175e-04,0.03
9.448177e-04,0.03
9.448179e-04,0.05
9.448181e-04,0.01
9.448183e-04,-0.01
9.448185e-04,-0.01
9.448187e-04,0.01
9.448189e-04,-0.01
9.448191e-04,0.03
9.448193e-04,0.03
9.448195e-04,0.01
9.448197e-04,0.01
9.448199e-04,0.01
9.448201e-04,0.01
9.448203e-04,0.01
9.448205e-04,0.01
9.448207e-04,0.01
9.448209e-04,-0.01
9.448211e-04,0.01
9.448213e-04,0.03
9.448215e-04,0.03
9.448217e-04,0.01
9.448219e-04,0.01
9.448221e-04,0.03
9.448223e-04,0.05
9.448225e-04,0.03
9.448227e-04,0.01
9.448229e-04,0.01
9.448231e-04,0.01
9.448233e-04,0.01
9.448235e-04,0.01
9.448237e-04,0.03
9.448239e-04,0.03
9.448241e-04,0.03
9.448243e-04,0.01
9.448245e-04,0.01
9.448247e-04,0.01
9.448249e-04,-0.01
9.448251e-04,0.01
9.448253e-04,0.03
9.448255e-04,0.03
9.448257e-04,0.01
9.448259e-04,0.01
9.448261e-04,-0.01
9.448263e-04,0.01
9.448265e-04,0.03
9.448267e-04,0.03
9.448269e-04,0.01
9.448271e-04,-0.01
9.448273e-04,-0.01
9.448275e-04,0.03
9.448277e-04,0.03
9.448279e-04,0.03
9.448281e-04,0.01
9.448283e-04,0.03
9.448285e-04,0.03
9.448287e-04,0.05
9.448289e-04,0.03
9.448291e-04,0.03
9.448293e-04,0.03
9.448295e-04,0.03
9.448297e-04,-0.03
9.448299e-04,-0.01
9.448301e-04,0.03
9.448303e-04,0.01
9.448305e-04,0.01
9.448307e-04,0.01
9.448309e-04,0.01
9.448311e-04,0.03
9.448313e-04,0.01
9.448315e-04,0.01
9.448317e-04,0.01
9.448319e-04,-0.01
9.448321e-04,-0.01
9.448323e-04,-0.01
9.448325e-04,-0.01
9.448327e-04,0.01
9.448329e-04,0.03
9.448331e-04,0.01
9.448333e-04,0.05
9.448335e-04,0.03
9.448337e-04,0.03
9.448339e-04,0.01
9.448341e-04,-0.01
9.448343e-04,-0.03
9.448345e-04,-0.01
9.448347e-04,0.01
9.448349e-04,-0.01
9.448351e-04,0.01
9.448353e-04,0.01
9.448355e-04,0.01
9.448357e-04,0.03
9.448359e-04,0.03
9.448361e-04,0.01
9.448363e-04,0.03
9.448365e-04,0.03
9.448367e-04,0.01
9.448369e-04,0.03
9.448371e-04,0.01
9.448373e-04,0.05
9.448375e-04,0.03
9.448377e-04,0.03
9.448379e-04,0.01
9.448381e-04,0.03
9.448383e-04,0.01
9.448385e-04,0.03
9.448387e-04,0.03
9.448389e-04,0.01
9.448391e-04,0.01
9.448393e-04,0.01
9.448395e-04,0.01
9.448397e-04,0.01
9.448399e-04,0.01
9.448401e-04,0.03
9.448403e-04,0.03
9.448405e-04,0.03
9.448407e-04,0.03
9.448409e-04,0.01
9.448411e-04,0.01
9.448413e-04,0.01
9.448415e-04,0.03
9.448417e-04,0.03
9.448419e-04,0.03
9.448421e-04,0.01
9.448423e-04,-0.01
9.448425e-04,0.01
9.448427e-04,0.01
9.448429e-04,0.03
9.448431e-04,0.05
9.448433e-04,0.03
9.448435e-04,0.05
9.448437e-04,-0.01
9.448439e-04,0.03
9.448441e-04,0.01
9.448443e-04,0.03
9.448445e-04,0.01
9.448447e-04,0.03
9.448449e-04,-0.01
9.448451e-04,-0.01
9.448453e-04,-0.01
9.448455e-04,-0.01
9.448457e-04,0.01
9.448459e-04,0.01
9.448461e-04,0.03
9.448463e-04,0.03
9.448465e-04,0.01
9.448467e-04,0.03
9.448469e-04,0.01
9.448471e-04,0.01
9.448473e-04,0.03
9.448475e-04,0.03
9.448477e-04,0.01
9.448479e-04,0.03
9.448481e-04,0.01
9.448483e-04,0.01
9.448485e-04,-0.01
9.448487e-04,0.01
9.448489e-04,0.01
9.448491e-04,0.01
9.448493e-04,-0.03
9.448495e-04,0.01
9.448497e-04,0.01
9.448499e-04,0.03
9.448501e-04,0.01
9.448503e-04,0.01
9.448505e-04,0.03
9.448507e-04,0.03
9.448509e-04,0.03
9.448511e-04,0.03
9.448513e-04,0.01
9.448515e-04,0.03
9.448517e-04,0.03
9.448519e-04,0.03
9.448521e-04,0.03
9.448523e-04,0.03
9.448525e-04,0.03
9.448527e-04,0.01
9.448529e-04,0.01
9.448531e-04,0.03
9.448533e-04,0.01
9.448535e-04,-0.01
9.448537e-04,-0.01
9.448539e-04,0.01
9.448541e-04,0.01
9.448543e-04,-0.01
9.448545e-04,0.01
9.448547e-04,0.03
9.448549e-04,0.01
9.448551e-04,-0.01
9.448553e-04,0.01
9.448555e-04,0.03
9.448557e-04,0.03
9.448559e-04,0.03
9.448561e-04,0.01
9.448563e-04,0.01
9.448565e-04,0.01
9.448567e-04,-0.01
9.448569e-04,0.01
9.448571e-04,0.03
9.448573e-04,0.01
9.448575e-04,0.01
9.448577e-04,0.01
9.448579e-04,0.01
9.448581e-04,0.03
9.448583e-04,-0.01
9.448585e-04,0.01
9.448587e-04,-0.01
9.448589e-04,0.03
9.448591e-04,0.01
9.448593e-04,0.03
9.448595e-04,0.03
9.448597e-04,-0.01
9.448599e-04,0.03
9.448601e-04,0.01
9.448603e-04,0.03
9.448605e-04,0.03
9.448607e-04,0.03
9.448609e-04,0.01
9.448611e-04,0.03
9.448613e-04,0.03
9.448615e-04,0.01
9.448617e-04,0.01
9.448619e-04,0.01
9.448621e-04,0.01
9.448623e-04,0.03
9.448625e-04,0.01
9.448627e-04,0.01
9.448629e-04,0.01
9.448631e-04,0.03
9.448633e-04,0.01
9.448635e-04,0.01
9.448637e-04,-0.01
9.448639e-04,0.03
9.448641e-04,0.01
9.448643e-04,0.01
9.448645e-04,-0.01
9.448647e-04,-0.01
9.448649e-04,0.01
9.448651e-04,-0.01
9.448653e-04,0.03
9.448655e-04,0.03
9.448657e-04,0.01
9.448659e-04,0.01
9.448661e-04,0.03
9.448663e-04,0.05
9.448665e-04,0.01
9.448667e-04,0.03
9.448669e-04,0.05
9.448671e-04,0.01
9.448673e-04,0.03
9.448675e-04,0.03
9.448677e-04,0.01
9.448679e-04,0.03
9.448681e-04,0.03
9.448683e-04,0.03
9.448685e-04,0.01
9.448687e-04,0.03
9.448689e-04,0.03
9.448691e-04,-0.01
9.448693e-04,0.01
9.448695e-04,0.01
9.448697e-04,0.01
9.448699e-04,0.03
9.448701e-04,0.05
9.448703e-04,0.05
9.448705e-04,0.05
9.448707e-04,0.03
9.448709e-04,0.01
9.448711e-04,0.03
9.448713e-04,0.01
9.448715e-04,0.03
9.448717e-04,0.05
9.448719e-04,0.01
9.448721e-04,0.01
9.448723e-04,0.01
9.448725e-04,0.03
9.448727e-04,0.03
9.448729e-04,0.01
9.448731e-04,0.01
9.448733e-04,0.03
9.448735e-04,0.03
9.448737e-04,0.03
9.448739e-04,0.01
9.448741e-04,0.01
9.448743e-04,0.01
9.448745e-04,-0.01
9.448747e-04,-0.01
9.448749e-04,0.01
9.448751e-04,0.01
9.448753e-04,0.03
9.448755e-04,0.05
9.448757e-04,-0.01
9.448759e-04,0.03
9.448761e-04,0.03
9.448763e-04,0.03
9.448765e-04,-0.01
9.448767e-04,0.03
9.448769e-04,0.01
9.448771e-04,0.03
9.448773e-04,0.01
9.448775e-04,-0.01
9.448777e-04,0.01
9.448779e-04,0.01
9.448781e-04,-0.01
9.448783e-04,-0.01
9.448785e-04,-0.01
9.448787e-04,-0.01
9.448789e-04,0.01
9.448791e-04,0.01
9.448793e-04,0.03
9.448795e-04,0.01
9.448797e-04,0.05
9.448799e-04,0.01
9.448801e-04,0.01
9.448803e-04,0.03
9.448805e-04,0.03
9.448807e-04,0.03
9.448809e-04,0.03
9.448811e-04,0.01
9.448813e-04,-0.01
9.448815e-04,0.03
9.448817e-04,0.05
9.448819e-04,0.05
9.448821e-04,0.01
9.448823e-04,0.03
9.448825e-04,-0.01
9.448827e-04,-0.01
9.448829e-04,0.03
9.448831e-04,0.01
9.448833e-04,0.03
9.448835e-04,0.03
9.448837e-04,0.03
9.448839e-04,0.03
9.448841e-04,0.03
9.448843e-04,0.01
9.448845e-04,-0.01
9.448847e-04,0.03
9.448849e-04,0.01
9.448851e-04,0.03
9.448853e-04,0.03
9.448855e-04,0.03
9.448857e-04,0.03
9.448859e-04,0.03
9.448861e-04,0.03
9.448863e-04,0.01
9.448865e-04,-0.01
9.448867e-04,-0.03
9.448869e-04,-0.01
9.448871e-04,0.01
9.448873e-04,0.01
9.448875e-04,0.01
9.448877e-04,0.01
9.448879e-04,0.01
9.448881e-04,0.01
9.448883e-04,-0.01
9.448885e-04,0.01
9.448887e-04,0.03
9.448889e-04,0.03
9.448891e-04,0.01
9.448893e-04,0.03
9.448895e-04,0.01
9.448897e-04,0.03
9.448899e-04,0.05
9.448901e-04,0.03
9.448903e-04,0.03
9.448905e-04,0.03
9.448907e-04,0.03
9.448909e-04,-0.01
9.448911e-04,-0.01
9.448913e-04,-0.01
9.448915e-04,0.01
9.448917e-04,0.05
9.448919e-04,0.01
9.448921e-04,0.01
9.448923e-04,-0.01
9.448925e-04,0.01
9.448927e-04,0.01
9.448929e-04,0.03
9.448931e-04,0.01
9.448933e-04,-0.01
9.448935e-04,-0.01
9.448937e-04,0.01
9.448939e-04,0.01
9.448941e-04,-0.01
9.448943e-04,0.01
9.448945e-04,0.03
9.448947e-04,-0.01
9.448949e-04,0.05
9.448951e-04,0.03
9.448953e-04,0.01
9.448955e-04,-0.01
9.448957e-04,-0.01
9.448959e-04,0.01
9.448961e-04,-0.01
9.448963e-04,0.01
9.448965e-04,0.03
9.448967e-04,0.03
9.448969e-04,0.01
9.448971e-04,0.05
9.448973e-04,0.03
9.448975e-04,0.03
9.448977e-04,0.03
9.448979e-04,0.03
9.448981e-04,0.01
9.448983e-04,0.03
9.448985e-04,0.01
9.448987e-04,0.03
9.448989e-04,0.03
9.448991e-04,0.03
9.448993e-04,0.03
9.448995e-04,0.03
9.448997e-04,0.03
9.448999e-04,0.01
9.449001e-04,0.01
9.449003e-04,0.01
9.449005e-04,0.03
9.449007e-04,0.03
9.449009e-04,0.03
9.449011e-04,0.03
9.449013e-04,0.03
9.449015e-04,-0.01
9.449017e-04,0.01
9.449019e-04,-0.01
9.449021e-04,0.01
9.449023e-04,0.03
9.449025e-04,0.03
9.449027e-04,0.01
9.449029e-04,0.01
9.449031e-04,0.03
9.449033e-04,0.01
9.449035e-04,-0.01
9.449037e-04,0.03
9.449039e-04,0.03
9.449041e-04,0.01
9.449043e-04,-0.01
9.449045e-04,0.01
9.449047e-04,0.01
9.449049e-04,0.01
9.449051e-04,-0.01
9.449053e-04,0.01
9.449055e-04,0.01
9.449057e-04,-0.01
9.449059e-04,0.01
9.449061e-04,-0.01
9.449063e-04,0.03
9.449065e-04,0.03
9.449067e-04,0.01
9.449069e-04,-0.01
9.449071e-04,0.03
9.449073e-04,0.03
9.449075e-04,0.03
9.449077e-04,0.01
9.449079e-04,0.01
9.449081e-04,0.01
9.449083e-04,0.01
9.449085e-04,-0.01
9.449087e-04,0.03
9.449089e-04,0.01
9.449091e-04,0.01
9.449093e-04,0.01
9.449095e-04,0.03
9.449097e-04,0.01
9.449099e-04,0.03
9.449101e-04,0.05
9.449103e-04,0.03
9.449105e-04,0.03
9.449107e-04,-0.01
9.449109e-04,-0.03
9.449111e-04,0.03
9.449113e-04,0.03
9.449115e-04,0.03
9.449117e-04,0.01
9.449119e-04,0.01
9.449121e-04,0.01
9.449123e-04,0.03
9.449125e-04,0.03
9.449127e-04,0.03
9.449129e-04,0.03
9.449131e-04,0.01
9.449133e-04,0.01
9.449135e-04,0.01
9.449137e-04,0.03
9.449139e-04,0.05
9.449141e-04,0.01
9.449143e-04,0.05
9.449145e-04,0.01
9.449147e-04,0.03
9.449149e-04,0.01
9.449151e-04,0.05
9.449153e-04,0.03
9.449155e-04,0.01
9.449157e-04,0.03
9.449159e-04,0.03
9.449161e-04,0.01
9.449163e-04,0.03
9.449165e-04,0.03
9.449167e-04,0.03
9.449169e-04,-0.01
9.449171e-04,-0.01
9.449173e-04,0.03
9.449175e-04,0.03
9.449177e-04,0.01
9.449179e-04,0.01
9.449181e-04,0.03
9.449183e-04,0.03
9.449185e-04,0.01
9.449187e-04,0.01
9.449189e-04,-0.01
9.449191e-04,0.01
9.449193e-04,0.01
9.449195e-04,0.01
9.449197e-04,0.01
9.449199e-04,0.03
9.449201e-04,0.01
9.449203e-04,0.03
9.449205e-04,0.01
9.449207e-04,-0.01
9.449209e-04,0.01
9.449211e-04,0.03
9.449213e-04,0.01
9.449215e-04,0.03
9.449217e-04,0.01
9.449219e-04,0.01
9.449221e-04,0.01
9.449223e-04,-0.01
9.449225e-04,0.03
9.449227e-04,0.01
9.449229e-04,0.01
9.449231e-04,-0.01
9.449233e-04,-0.01
9.449235e-04,-0.01
9.449237e-04,0.01
9.449239e-04,0.03
9.449241e-04,0.03
9.449243e-04,0.03
9.449245e-04,0.01
9.449247e-04,0.03
9.449249e-04,0.03
9.449251e-04,0.03
9.449253e-04,-0.01
9.449255e-04,0.03
9.449257e-04,0.03
9.449259e-04,0.05
9.449261e-04,0.01
9.449263e-04,0.03
9.449265e-04,-0.01
9.449267e-04,0.03
9.449269e-04,0.03
9.449271e-04,0.03
9.449273e-04,-0.01
9.449275e-04,0.01
9.449277e-04,0.01
9.449279e-04,0.03
9.449281e-04,-0.01
9.449283e-04,0.01
9.449285e-04,0.01
9.449287e-04,0.03
9.449289e-04,0.03
9.449291e-04,0.05
9.449293e-04,0.03
9.449295e-04,0.03
9.449297e-04,0.01
9.449299e-04,0.01
9.449301e-04,-0.01
9.449303e-04,0.01
9.449305e-04,-0.01
9.449307e-04,0.01
9.449309e-04,0.01
9.449311e-04,0.03
9.449313e-04,0.01
9.449315e-04,0.01
9.449317e-04,0.01
9.449319e-04,0.01
9.449321e-04,0.03
9.449323e-04,0.01
9.449325e-04,-0.01
9.449327e-04,0.01
9.449329e-04,0.01
9.449331e-04,0.01
9.449333e-04,0.01
9.449335e-04,0.01
9.449337e-04,0.01
9.449339e-04,0.01
9.449341e-04,0.03
9.449343e-04,0.01
9.449345e-04,0.03
9.449347e-04,0.03
9.449349e-04,0.03
9.449351e-04,0.01
9.449353e-04,0.03
9.449355e-04,0.01
9.449357e-04,0.03
9.449359e-04,0.03
9.449361e-04,0.03
9.449363e-04,0.03
9.449365e-04,0.01
9.449367e-04,0.03
9.449369e-04,0.05
9.449371e-04,0.03
9.449373e-04,0.05
9.449375e-04,0.05
9.449377e-04,0.03
9.449379e-04,0.01
9.449381e-04,0.03
9.449383e-04,0.03
9.449385e-04,0.03
9.449387e-04,0.03
9.449389e-04,0.03
9.449391e-04,0.01
9.449393e-04,0.01
9.449395e-04,0.01
9.449397e-04,0.03
9.449399e-04,0.05
9.449401e-04,0.03
9.449403e-04,0.01
9.449405e-04,0.01
9.449407e-04,0.03
9.449409e-04,0.01
9.449411e-04,0.03
9.449413e-04,0.03
9.449415e-04,0.03
9.449417e-04,0.03
9.449419e-04,0.01
9.449421e-04,-0.01
9.449423e-04,-0.01
9.449425e-04,0.01
9.449427e-04,0.03
9.449429e-04,0.01
9.449431e-04,0.01
9.449433e-04,0.05
9.449435e-04,0.07
9.449437e-04,0.03
9.449439e-04,0.03
9.449441e-04,0.01
9.449443e-04,0.01
9.449445e-04,0.01
9.449447e-04,0.01
9.449449e-04,0.03
9.449451e-04,0.03
9.449453e-04,-0.01
9.449455e-04,0.03
9.449457e-04,0.03
9.449459e-04,0.03
9.449461e-04,0.03
9.449463e-04,0.05
9.449465e-04,0.01
9.449467e-04,-0.01
9.449469e-04,-0.01
9.449471e-04,0.03
9.449473e-04,0.03
9.449475e-04,0.01
9.449477e-04,0.01
9.449479e-04,0.01
9.449481e-04,0.03
9.449483e-04,-0.01
9.449485e-04,0.03
9.449487e-04,0.03
9.449489e-04,0.05
9.449491e-04,0.01
9.449493e-04,0.01
9.449495e-04,0.01
9.449497e-04,0.03
9.449499e-04,-0.01
9.449501e-04,0.03
9.449503e-04,0.03
9.449505e-04,0.03
9.449507e-04,0.03
9.449509e-04,0.01
9.449511e-04,-0.01
9.449513e-04,0.01
9.449515e-04,-0.01
9.449517e-04,0.01
9.449519e-04,0.01
9.449521e-04,0.03
9.449523e-04,0.03
9.449525e-04,0.01
9.449527e-04,0.01
9.449529e-04,0.01
9.449531e-04,0.03
9.449533e-04,0.01
9.449535e-04,0.03
9.449537e-04,0.03
9.449539e-04,0.01
9.449541e-04,0.01
9.449543e-04,-0.01
9.449545e-04,0.01
9.449547e-04,0.03
9.449549e-04,-0.01
9.449551e-04,0.03
9.449553e-04,-0.01
9.449555e-04,0.01
9.449557e-04,0.01
9.449559e-04,0.01
9.449561e-04,0.05
9.449563e-04,0.01
9.449565e-04,-0.03
9.449567e-04,-0.01
9.449569e-04,0.01
9.449571e-04,0.01
9.449573e-04,0.03
9.449575e-04,0.01
9.449577e-04,0.01
9.449579e-04,0.03
9.449581e-04,0.01
9.449583e-04,0.03
9.449585e-04,0.03
9.449587e-04,0.01
9.449589e-04,0.01
9.449591e-04,0.01
9.449593e-04,0.03
9.449595e-04,0.03
9.449597e-04,0.01
9.449599e-04,0.03
9.449601e-04,0.05
9.449603e-04,0.03
9.449605e-04,0.03
9.449607e-04,0.03
9.449609e-04,0.03
9.449611e-04,0.01
9.449613e-04,0.01
9.449615e-04,0.01
9.449617e-04,0.01
9.449619e-04,0.01
9.449621e-04,0.03
9.449623e-04,0.01
9.449625e-04,0.01
9.449627e-04,0.03
9.449629e-04,0.01
9.449631e-04,0.01
9.449633e-04,0.01
9.449635e-04,0.01
9.449637e-04,0.01
9.449639e-04,0.01
9.449641e-04,0.03
9.449643e-04,0.03
9.449645e-04,0.01
9.449647e-04,0.01
9.449649e-04,0.03
9.449651e-04,0.03
9.449653e-04,0.01
9.449655e-04,0.03
9.449657e-04,0.03
9.449659e-04,0.03
9.449661e-04,0.03
9.449663e-04,0.01
9.449665e-04,0.03
9.449667e-04,0.03
9.449669e-04,0.03
9.449671e-04,0.01
9.449673e-04,0.01
9.449675e-04,0.01
9.449677e-04,0.05
9.449679e-04,0.01
9.449681e-04,0.01
9.449683e-04,0.01
9.449685e-04,0.01
9.449687e-04,0.01
9.449689e-04,-0.01
9.449691e-04,0.01
9.449693e-04,0.01
9.449695e-04,0.03
9.449697e-04,0.03
9.449699e-04,0.01
9.449701e-04,-0.01
9.449703e-04,0.03
9.449705e-04,0.01
9.449707e-04,0.01
9.449709e-04,0.03
9.449711e-04,0.01
9.449713e-04,0.03
9.449715e-04,0.03
9.449717e-04,0.03
9.449719e-04,0.01
9.449721e-04,0.03
9.449723e-04,0.01
9.449725e-04,0.03
9.449727e-04,0.03
9.449729e-04,0.03
9.449731e-04,0.03
9.449733e-04,0.01
9.449735e-04,0.01
9.449737e-04,0.05
9.449739e-04,0.03
9.449741e-04,0.01
9.449743e-04,0.03
9.449745e-04,0.01
9.449747e-04,0.03
9.449749e-04,0.01
9.449751e-04,0.03
9.449753e-04,0.01
9.449755e-04,0.01
9.449757e-04,-0.01
9.449759e-04,0.01
9.449761e-04,0.01
9.449763e-04,0.01
9.449765e-04,0.03
9.449767e-04,0.03
9.449769e-04,0.03
9.449771e-04,0.03
9.449773e-04,0.01
9.449775e-04,-0.01
9.449777e-04,0.01
9.449779e-04,0.01
9.449781e-04,0.01
9.449783e-04,0.03
9.449785e-04,0.03
9.449787e-04,0.01
9.449789e-04,0.01
9.449791e-04,0.01
9.449793e-04,0.01
9.449795e-04,0.01
9.449797e-04,0.01
9.449799e-04,0.01
9.449801e-04,0.01
9.449803e-04,0.01
9.449805e-04,0.01
9.449807e-04,0.01
9.449809e-04,0.01
9.449811e-04,0.03
9.449813e-04,0.01
9.449815e-04,0.01
9.449817e-04,0.01
9.449819e-04,0.01
9.449821e-04,0.01
9.449823e-04,0.01
9.449825e-04,0.01
9.449827e-04,0.01
9.449829e-04,0.03
9.449831e-04,0.01
9.449833e-04,0.03
9.449835e-04,0.05
9.449837e-04,0.03
9.449839e-04,0.01
9.449841e-04,0.01
9.449843e-04,0.03
9.449845e-04,0.01
9.449847e-04,0.01
9.449849e-04,0.03
9.449851e-04,0.03
9.449853e-04,0.01
9.449855e-04,0.03
9.449857e-04,0.01
9.449859e-04,0.01
9.449861e-04,0.01
9.449863e-04,0.01
9.449865e-04,0.01
9.449867e-04,0.01
9.449869e-04,0.05
9.449871e-04,0.05
9.449873e-04,0.03
9.449875e-04,0.03
9.449877e-04,0.05
9.449879e-04,0.03
9.449881e-04,0.01
9.449883e-04,0.01
9.449885e-04,0.01
9.449887e-04,0.01
9.449889e-04,0.03
9.449891e-04,0.01
9.449893e-04,-0.01
9.449895e-04,0.03
9.449897e-04,0.01
9.449899e-04,-0.01
9.449901e-04,0.01
9.449903e-04,0.05
9.449905e-04,0.01
9.449907e-04,0.03
9.449909e-04,0.05
9.449911e-04,0.05
9.449913e-04,0.03
9.449915e-04,0.01
9.449917e-04,0.03
9.449919e-04,0.03
9.449921e-04,0.01
9.449923e-04,-0.01
9.449925e-04,0.01
9.449927e-04,0.01
9.449929e-04,0.01
9.449931e-04,0.01
9.449933e-04,0.03
9.449935e-04,0.03
9.449937e-04,0.03
9.449939e-04,-0.01
9.449941e-04,0.03
9.449943e-04,0.03
9.449945e-04,0.03
9.449947e-04,0.03
9.449949e-04,0.01
9.449951e-04,0.01
9.449953e-04,0.03
9.449955e-04,0.01
9.449957e-04,0.01
9.449959e-04,0.03
9.449961e-04,-0.01
9.449963e-04,0.01
9.449965e-04,0.03
9.449967e-04,0.03
9.449969e-04,0.01
9.449971e-04,0.01
9.449973e-04,0.03
9.449975e-04,0.03
9.449977e-04,0.03
9.449979e-04,0.05
9.449981e-04,0.03
9.449983e-04,-0.01
9.449985e-04,0.03
9.449987e-04,-0.01
9.449989e-04,-0.01
9.449991e-04,0.03
9.449993e-04,0.01
9.449995e-04,0.01
9.449997e-04,0.01
9.449999e-04,0.03
9.450001e-04,0.03
9.450003e-04,0.01
9.450005e-04,-0.01
9.450007e-04,0.01
9.450009e-04,0.01
9.450011e-04,-0.01
9.450013e-04,0.01
9.450015e-04,0.03
9.450017e-04,0.01
9.450019e-04,0.01
9.450021e-04,0.01
9.450023e-04,0.03
9.450025e-04,0.03
9.450027e-04,0.01
9.450029e-04,0.01
9.450031e-04,0.01
9.450033e-04,0.03
9.450035e-04,0.03
9.450037e-04,0.01
9.450039e-04,0.01
9.450041e-04,-0.01
9.450043e-04,0.01
9.450045e-04,0.01
9.450047e-04,0.01
9.450049e-04,0.03
9.450051e-04,0.01
9.450053e-04,0.01
9.450055e-04,0.01
9.450057e-04,0.01
9.450059e-04,-0.01
9.450061e-04,0.03
9.450063e-04,0.03
9.450065e-04,0.01
9.450067e-04,0.01
9.450069e-04,0.01
9.450071e-04,0.03
9.450073e-04,0.01
9.450075e-04,0.03
9.450077e-04,0.01
9.450079e-04,0.03
9.450081e-04,0.05
9.450083e-04,0.01
9.450085e-04,0.03
9.450087e-04,0.01
9.450089e-04,0.01
9.450091e-04,0.01
9.450093e-04,0.03
9.450095e-04,0.01
9.450097e-04,0.01
9.450099e-04,0.01
9.450101e-04,0.01
9.450103e-04,0.03
9.450105e-04,0.01
9.450107e-04,-0.01
9.450109e-04,-0.01
9.450111e-04,0.03
9.450113e-04,0.03
9.450115e-04,0.01
9.450117e-04,0.03
9.450119e-04,0.05
9.450121e-04,0.03
9.450123e-04,0.01
9.450125e-04,0.01
9.450127e-04,0.03
9.450129e-04,0.03
9.450131e-04,0.01
9.450133e-04,0.01
9.450135e-04,0.01
9.450137e-04,0.01
9.450139e-04,0.01
9.450141e-04,-0.03
9.450143e-04,-0.01
9.450145e-04,0.03
9.450147e-04,0.03
9.450149e-04,0.03
9.450151e-04,0.03
9.450153e-04,0.03
9.450155e-04,0.01
9.450157e-04,0.01
9.450159e-04,-0.01
9.450161e-04,-0.01
9.450163e-04,-0.01
9.450165e-04,-0.01
9.450167e-04,-0.01
9.450169e-04,0.03
9.450171e-04,0.01
9.450173e-04,0.03
9.450175e-04,0.05
9.450177e-04,0.03
9.450179e-04,0.01
9.450181e-04,0.01
9.450183e-04,-0.01
9.450185e-04,0.01
9.450187e-04,0.03
9.450189e-04,0.03
9.450191e-04,0.03
9.450193e-04,0.03
9.450195e-04,0.01
9.450197e-04,0.03
9.450199e-04,0.01
9.450201e-04,0.03
9.450203e-04,0.01
9.450205e-04,0.03
9.450207e-04,0.03
9.450209e-04,0.01
9.450211e-04,-0.01
9.450213e-04,0.01
9.450215e-04,0.01
9.450217e-04,0.01
9.450219e-04,0.03
9.450221e-04,0.01
9.450223e-04,0.01
9.450225e-04,0.01
9.450227e-04,0.03
9.450229e-04,0.03
9.450231e-04,0.03
9.450233e-04,0.03
9.450235e-04,-0.01
9.450237e-04,0.01
9.450239e-04,0.01
9.450241e-04,0.01
9.450243e-04,0.01
9.450245e-04,0.01
9.450247e-04,0.01
9.450249e-04,0.03
9.450251e-04,0.03
9.450253e-04,-0.01
9.450255e-04,0.01
9.450257e-04,0.01
9.450259e-04,0.01
9.450261e-04,-0.01
9.450263e-04,0.03
9.450265e-04,0.01
9.450267e-04,0.01
9.450269e-04,0.01
9.450271e-04,-0.01
9.450273e-04,0.01
9.450275e-04,0.05
9.450277e-04,0.03
9.450279e-04,0.03
9.450281e-04,0.01
9.450283e-04,-0.01
9.450285e-04,0.01
9.450287e-04,0.03
9.450289e-04,0.03
9.450291e-04,0.01
9.450293e-04,0.03
9.450295e-04,0.01
9.450297e-04,-0.01
9.450299e-04,0.01
9.450301e-04,0.03
9.450303e-04,0.03
9.450305e-04,0.03
9.450307e-04,0.01
9.450309e-04,0.01
9.450311e-04,0.01
9.450313e-04,0.01
9.450315e-04,0.05
9.450317e-04,0.01
9.450319e-04,0.03
9.450321e-04,0.01
9.450323e-04,-0.01
9.450325e-04,-0.01
9.450327e-04,0.01
9.450329e-04,0.01
9.450331e-04,0.03
9.450333e-04,0.01
9.450335e-04,0.01
9.450337e-04,0.05
9.450339e-04,0.01
9.450341e-04,0.03
9.450343e-04,0.01
9.450345e-04,0.01
9.450347e-04,0.03
9.450349e-04,0.01
9.450351e-04,-0.03
9.450353e-04,-0.01
9.450355e-04,0.01
9.450357e-04,0.03
9.450359e-04,0.03
9.450361e-04,0.05
9.450363e-04,0.03
9.450365e-04,0.05
9.450367e-04,0.01
9.450369e-04,0.01
9.450371e-04,0.03
9.450373e-04,0.03
9.450375e-04,0.03
9.450377e-04,0.01
9.450379e-04,0.01
9.450381e-04,0.01
9.450383e-04,0.01
9.450385e-04,-0.01
9.450387e-04,-0.01
9.450389e-04,0.01
9.450391e-04,0.03
9.450393e-04,0.03
9.450395e-04,0.03
9.450397e-04,0.01
9.450399e-04,0.03
9.450401e-04,0.03
9.450403e-04,0.03
9.450405e-04,0.03
9.450407e-04,0.01
9.450409e-04,0.01
9.450411e-04,-0.01
9.450413e-04,0.01
9.450415e-04,0.03
9.450417e-04,0.03
9.450419e-04,0.03
9.450421e-04,-0.01
9.450423e-04,-0.01
9.450425e-04,0.01
9.450427e-04,0.03
9.450429e-04,0.03
9.450431e-04,0.03
9.450433e-04,0.01
9.450435e-04,-0.01
9.450437e-04,0.01
9.450439e-04,0.01
9.450441e-04,0.03
9.450443e-04,0.03
9.450445e-04,0.01
9.450447e-04,0.03
9.450449e-04,0.01
9.450451e-04,0.01
9.450453e-04,0.03
9.450455e-04,0.05
9.450457e-04,0.01
9.450459e-04,0.03
9.450461e-04,0.05
9.450463e-04,0.01
9.450465e-04,-0.01
9.450467e-04,0.03
9.450469e-04,0.01
9.450471e-04,0.01
9.450473e-04,0.01
9.450475e-04,0.03
9.450477e-04,0.03
9.450479e-04,0.01
9.450481e-04,0.03
9.450483e-04,0.01
9.450485e-04,0.01
9.450487e-04,0.01
9.450489e-04,0.01
9.450491e-04,0.01
9.450493e-04,0.01
9.450495e-04,0.03
9.450497e-04,0.01
9.450499e-04,0.03
9.450501e-04,0.03
9.450503e-04,0.01
9.450505e-04,0.01
9.450507e-04,0.01
9.450509e-04,0.01
9.450511e-04,0.01
9.450513e-04,0.01
9.450515e-04,0.01
9.450517e-04,-0.01
9.450519e-04,-0.01
9.450521e-04,0.01
9.450523e-04,0.03
9.450525e-04,0.03
9.450527e-04,0.03
9.450529e-04,0.01
9.450531e-04,0.01
9.450533e-04,0.03
9.450535e-04,0.01
9.450537e-04,0.03
9.450539e-04,0.01
9.450541e-04,0.01
9.450543e-04,0.03
9.450545e-04,0.01
9.450547e-04,-0.01
9.450549e-04,0.01
9.450551e-04,0.03
9.450553e-04,0.03
9.450555e-04,0.03
9.450557e-04,-0.01
9.450559e-04,-0.01
9.450561e-04,0.03
9.450563e-04,0.01
9.450565e-04,-0.01
9.450567e-04,0.03
9.450569e-04,0.03
9.450571e-04,0.01
9.450573e-04,0.03
9.450575e-04,0.03
9.450577e-04,0.01
9.450579e-04,0.01
9.450581e-04,-0.01
9.450583e-04,0.01
9.450585e-04,0.01
9.450587e-04,0.03
9.450589e-04,0.03
9.450591e-04,-0.01
9.450593e-04,-0.03
9.450595e-04,-0.01
9.450597e-04,0.01
9.450599e-04,0.01
9.450601e-04,0.03
9.450603e-04,0.03
9.450605e-04,0.03
9.450607e-04,0.05
9.450609e-04,0.01
9.450611e-04,-0.01
9.450613e-04,0.01
9.450615e-04,0.01
9.450617e-04,0.03
9.450619e-04,0.03
9.450621e-04,0.01
9.450623e-04,0.01
9.450625e-04,-0.01
9.450627e-04,0.01
9.450629e-04,0.03
9.450631e-04,0.03
9.450633e-04,0.01
9.450635e-04,0.01
9.450637e-04,0.03
9.450639e-04,0.03
9.450641e-04,-0.01
9.450643e-04,0.01
9.450645e-04,-0.01
9.450647e-04,0.01
9.450649e-04,0.01
9.450651e-04,0.01
9.450653e-04,0.01
9.450655e-04,0.01
9.450657e-04,0.01
9.450659e-04,0.03
9.450661e-04,0.01
9.450663e-04,0.03
9.450665e-04,0.01
9.450667e-04,0.03
9.450669e-04,0.01
9.450671e-04,0.01
9.450673e-04,0.01
9.450675e-04,0.03
9.450677e-04,0.03
9.450679e-04,-0.01
9.450681e-04,-0.01
9.450683e-04,0.01
9.450685e-04,0.03
9.450687e-04,0.03
9.450689e-04,0.01
9.450691e-04,0.03
9.450693e-04,0.01
9.450695e-04,0.01
9.450697e-04,0.01
9.450699e-04,0.01
9.450701e-04,-0.01
9.450703e-04,0.03
9.450705e-04,0.03
9.450707e-04,0.03
9.450709e-04,0.03
9.450711e-04,0.03
9.450713e-04,0.03
9.450715e-04,0.01
9.450717e-04,-0.01
9.450719e-04,0.03
9.450721e-04,0.03
9.450723e-04,-0.01
9.450725e-04,-0.01
9.450727e-04,0.03
9.450729e-04,0.01
9.450731e-04,0.01
9.450733e-04,0.01
9.450735e-04,-0.01
9.450737e-04,0.01
9.450739e-04,0.01
9.450741e-04,0.01
9.450743e-04,0.01
9.450745e-04,0.01
9.450747e-04,0.03
9.450749e-04,0.03
9.450751e-04,0.01
9.450753e-04,-0.01
9.450755e-04,0.01
9.450757e-04,-0.01
9.450759e-04,0.03
9.450761e-04,0.01
9.450763e-04,0.03
9.450765e-04,0.01
9.450767e-04,0.01
9.450769e-04,0.01
9.450771e-04,-0.01
9.450773e-04,0.01
9.450775e-04,0.03
9.450777e-04,0.03
9.450779e-04,0.03
9.450781e-04,0.01
9.450783e-04,0.03
9.450785e-04,0.01
9.450787e-04,0.03
9.450789e-04,0.01
9.450791e-04,-0.01
9.450793e-04,0.03
9.450795e-04,0.05
9.450797e-04,0.05
9.450799e-04,0.03
9.450801e-04,0.01
9.450803e-04,0.03
9.450805e-04,0.03
9.450807e-04,0.03
9.450809e-04,0.03
9.450811e-04,0.03
9.450813e-04,0.03
9.450815e-04,0.01
9.450817e-04,0.01
9.450819e-04,-0.01
9.450821e-04,0.03
9.450823e-04,0.01
9.450825e-04,-0.01
9.450827e-04,-0.01
9.450829e-04,0.03
9.450831e-04,0.05
9.450833e-04,0.01
9.450835e-04,0.01
9.450837e-04,0.01
9.450839e-04,0.03
9.450841e-04,0.03
9.450843e-04,0.03
9.450845e-04,0.01
9.450847e-04,0.03
9.450849e-04,0.01
9.450851e-04,0.01
9.450853e-04,0.01
9.450855e-04,0.01
9.450857e-04,0.03
9.450859e-04,0.03
9.450861e-04,0.03
9.450863e-04,-0.03
9.450865e-04,0.01
9.450867e-04,0.03
9.450869e-04,0.03
9.450871e-04,0.03
9.450873e-04,0.01
9.450875e-04,-0.01
9.450877e-04,0.03
9.450879e-04,0.01
9.450881e-04,0.01
9.450883e-04,0.01
9.450885e-04,0.01
9.450887e-04,0.03
9.450889e-04,0.01
9.450891e-04,0.01
9.450893e-04,-0.01
9.450895e-04,0.03
9.450897e-04,0.01
9.450899e-04,0.01
9.450901e-04,0.05
9.450903e-04,0.03
9.450905e-04,0.01
9.450907e-04,0.03
9.450909e-04,0.01
9.450911e-04,0.01
9.450913e-04,-0.01
9.450915e-04,0.01
9.450917e-04,0.01
9.450919e-04,-0.01
9.450921e-04,-0.03
9.450923e-04,-0.01
9.450925e-04,0.05
9.450927e-04,0.05
9.450929e-04,-0.01
9.450931e-04,0.01
9.450933e-04,0.01
9.450935e-04,0.03
9.450937e-04,-0.01
9.450939e-04,-0.01
9.450941e-04,-0.01
9.450943e-04,0.01
9.450945e-04,0.01
9.450947e-04,0.01
9.450949e-04,0.01
9.450951e-04,0.01
9.450953e-04,0.01
9.450955e-04,0.03
9.450957e-04,0.01
9.450959e-04,0.01
9.450961e-04,0.03
9.450963e-04,0.01
9.450965e-04,0.01
9.450967e-04,0.01
9.450969e-04,0.01
9.450971e-04,0.01
9.450973e-04,-0.01
9.450975e-04,-0.01
9.450977e-04,0.01
9.450979e-04,0.03
9.450981e-04,0.01
9.450983e-04,0.03
9.450985e-04,0.03
9.450987e-04,0.03
9.450989e-04,0.01
9.450991e-04,0.01
9.450993e-04,0.05
9.450995e-04,-0.01
9.450997e-04,-0.01
9.450999e-04,0.01
9.451001e-04,0.01
9.451003e-04,0.01
9.451005e-04,0.01
9.451007e-04,0.03
9.451009e-04,0.01
9.451011e-04,0.01
9.451013e-04,-0.01
9.451015e-04,0.01
9.451017e-04,0.01
9.451019e-04,0.01
9.451021e-04,0.03
9.451023e-04,0.01
9.451025e-04,0.01
9.451027e-04,0.01
9.451029e-04,0.03
9.451031e-04,0.01
9.451033e-04,0.03
9.451035e-04,0.03
9.451037e-04,0.03
9.451039e-04,0.05
9.451041e-04,0.01
9.451043e-04,-0.01
9.451045e-04,0.01
9.451047e-04,0.03
9.451049e-04,0.03
9.451051e-04,0.03
9.451053e-04,0.03
9.451055e-04,0.01
9.451057e-04,0.01
9.451059e-04,-0.01
9.451061e-04,0.01
9.451063e-04,0.01
9.451065e-04,-0.01
9.451067e-04,-0.01
9.451069e-04,0.03
9.451071e-04,0.03
9.451073e-04,0.03
9.451075e-04,-0.01
9.451077e-04,0.01
9.451079e-04,0.01
9.451081e-04,0.01
9.451083e-04,0.03
9.451085e-04,0.03
9.451087e-04,0.01
9.451089e-04,-0.01
9.451091e-04,0.03
9.451093e-04,0.05
9.451095e-04,0.01
9.451097e-04,0.01
9.451099e-04,-0.03
9.451101e-04,0.01
9.451103e-04,0.03
9.451105e-04,0.01
9.451107e-04,0.01
9.451109e-04,-0.03
9.451111e-04,0.05
9.451113e-04,0.03
9.451115e-04,0.01
9.451117e-04,0.01
9.451119e-04,0.03
9.451121e-04,0.05
9.451123e-04,0.03
9.451125e-04,0.01
9.451127e-04,0.03
9.451129e-04,-0.01
9.451131e-04,0.01
9.451133e-04,0.01
9.451135e-04,0.01
9.451137e-04,0.01
9.451139e-04,-0.01
9.451141e-04,-0.01
9.451143e-04,0.01
9.451145e-04,-0.01
9.451147e-04,0.01
9.451149e-04,-0.01
9.451151e-04,0.03
9.451153e-04,0.01
9.451155e-04,0.03
9.451157e-04,0.01
9.451159e-04,0.01
9.451161e-04,0.01
9.451163e-04,0.01
9.451165e-04,0.01
9.451167e-04,0.01
9.451169e-04,0.01
9.451171e-04,0.03
9.451173e-04,0.01
9.451175e-04,0.03
9.451177e-04,0.03
9.451179e-04,0.03
9.451181e-04,0.03
9.451183e-04,0.03
9.451185e-04,0.01
9.451187e-04,0.01
9.451189e-04,0.01
9.451191e-04,0.01
9.451193e-04,0.01
9.451195e-04,0.01
9.451197e-04,0.01
9.451199e-04,0.01
9.451201e-04,0.03
9.451203e-04,0.01
9.451205e-04,0.03
9.451207e-04,0.03
9.451209e-04,0.01
9.451211e-04,0.01
9.451213e-04,0.01
9.451215e-04,0.03
9.451217e-04,0.03
9.451219e-04,0.03
9.451221e-04,0.01
9.451223e-04,0.01
9.451225e-04,-0.01
9.451227e-04,0.03
9.451229e-04,0.03
9.451231e-04,0.03
9.451233e-04,0.03
9.451235e-04,0.01
9.451237e-04,-0.03
9.451239e-04,0.01
9.451241e-04,0.03
9.451243e-04,0.03
9.451245e-04,0.01
9.451247e-04,0.05
9.451249e-04,0.01
9.451251e-04,0.01
9.451253e-04,0.03
9.451255e-04,0.03
9.451257e-04,0.03
9.451259e-04,0.01
9.451261e-04,0.01
9.451263e-04,0.03
9.451265e-04,0.01
9.451267e-04,0.01
9.451269e-04,0.01
9.451271e-04,0.01
9.451273e-04,0.03
9.451275e-04,0.01
9.451277e-04,0.03
9.451279e-04,0.03
9.451281e-04,0.03
9.451283e-04,0.01
9.451285e-04,-0.01
9.451287e-04,0.01
9.451289e-04,0.01
9.451291e-04,0.03
9.451293e-04,0.01
9.451295e-04,0.01
9.451297e-04,0.01
9.451299e-04,0.03
9.451301e-04,0.05
9.451303e-04,0.03
9.451305e-04,0.03
9.451307e-04,0.01
9.451309e-04,0.03
9.451311e-04,0.01
9.451313e-04,0.01
9.451315e-04,0.01
9.451317e-04,0.01
9.451319e-04,0.01
9.451321e-04,0.01
9.451323e-04,0.01
9.451325e-04,0.03
9.451327e-04,0.03
9.451329e-04,0.01
9.451331e-04,0.01
9.451333e-04,-0.01
9.451335e-04,-0.01
9.451337e-04,0.01
9.451339e-04,-0.01
9.451341e-04,-0.01
9.451343e-04,0.03
9.451345e-04,0.05
9.451347e-04,0.01
9.451349e-04,0.03
9.451351e-04,0.03
9.451353e-04,0.03
9.451355e-04,0.03
9.451357e-04,0.01
9.451359e-04,0.01
9.451361e-04,0.03
9.451363e-04,0.03
9.451365e-04,0.01
9.451367e-04,0.01
9.451369e-04,0.03
9.451371e-04,0.03
9.451373e-04,-0.01
9.451375e-04,0.01
9.451377e-04,0.01
9.451379e-04,0.03
9.451381e-04,0.03
9.451383e-04,0.03
9.451385e-04,0.01
9.451387e-04,0.03
9.451389e-04,-0.01
9.451391e-04,0.01
9.451393e-04,0.01
9.451395e-04,0.01
9.451397e-04,0.03
9.451399e-04,0.03
9.451401e-04,0.03
9.451403e-04,0.03
9.451405e-04,0.03
9.451407e-04,0.03
9.451409e-04,0.01
9.451411e-04,0.01
9.451413e-04,0.01
9.451415e-04,0.05
9.451417e-04,0.05
9.451419e-04,0.05
9.451421e-04,-0.01
9.451423e-04,-0.01
9.451425e-04,0.05
9.451427e-04,0.01
9.451429e-04,0.01
9.451431e-04,0.01
9.451433e-04,-0.01
9.451435e-04,0.01
9.451437e-04,0.03
9.451439e-04,-0.01
9.451441e-04,-0.01
9.451443e-04,-0.01
9.451445e-04,0.01
9.451447e-04,0.01
9.451449e-04,-0.01
9.451451e-04,0.01
9.451453e-04,0.03
9.451455e-04,0.05
9.451457e-04,0.01
9.451459e-04,0.03
9.451461e-04,0.01
9.451463e-04,-0.03
9.451465e-04,0.03
9.451467e-04,0.03
9.451469e-04,0.03
9.451471e-04,-0.01
9.451473e-04,0.01
9.451475e-04,-0.01
9.451477e-04,0.01
9.451479e-04,0.01
9.451481e-04,0.01
9.451483e-04,0.03
9.451485e-04,0.01
9.451487e-04,0.01
9.451489e-04,-0.01
9.451491e-04,-0.01
9.451493e-04,0.03
9.451495e-04,0.03
9.451497e-04,0.03
9.451499e-04,0.01
9.451501e-04,0.01
9.451503e-04,0.01
9.451505e-04,0.03
9.451507e-04,0.01
9.451509e-04,0.01
9.451511e-04,-0.01
9.451513e-04,0.01
9.451515e-04,0.03
9.451517e-04,0.03
9.451519e-04,0.05
9.451521e-04,0.03
9.451523e-04,0.03
9.451525e-04,0.03
9.451527e-04,0.03
9.451529e-04,0.03
9.451531e-04,0.03
9.451533e-04,0.01
9.451535e-04,0.01
9.451537e-04,0.05
9.451539e-04,0.03
9.451541e-04,0.01
9.451543e-04,0.03
9.451545e-04,0.05
9.451547e-04,0.03
9.451549e-04,-0.01
9.451551e-04,0.01
9.451553e-04,0.01
9.451555e-04,0.05
9.451557e-04,0.03
9.451559e-04,0.01
9.451561e-04,-0.01
9.451563e-04,0.01
9.451565e-04,0.01
9.451567e-04,0.03
9.451569e-04,-0.01
9.451571e-04,0.01
9.451573e-04,0.01
9.451575e-04,0.05
9.451577e-04,0.01
9.451579e-04,-0.01
9.451581e-04,-0.01
9.451583e-04,0.01
9.451585e-04,0.01
9.451587e-04,0.01
9.451589e-04,-0.01
9.451591e-04,-0.01
9.451593e-04,-0.01
9.451595e-04,0.01
9.451597e-04,0.01
9.451599e-04,0.03
9.451601e-04,0.03
9.451603e-04,0.01
9.451605e-04,0.03
9.451607e-04,0.01
9.451609e-04,0.01
9.451611e-04,0.03
9.451613e-04,0.03
9.451615e-04,-0.01
9.451617e-04,-0.03
9.451619e-04,0.03
9.451621e-04,0.03
9.451623e-04,0.01
9.451625e-04,0.03
9.451627e-04,-0.01
9.451629e-04,0.03
9.451631e-04,0.03
9.451633e-04,0.01
9.451635e-04,0.01
9.451637e-04,0.03
9.451639e-04,0.03
9.451641e-04,0.01
9.451643e-04,0.01
9.451645e-04,0.01
9.451647e-04,0.01
9.451649e-04,0.01
9.451651e-04,0.03
9.451653e-04,0.03
9.451655e-04,0.05
9.451657e-04,0.03
9.451659e-04,0.01
9.451661e-04,0.01
9.451663e-04,0.01
9.451665e-04,-0.01
9.451667e-04,0.01
9.451669e-04,0.01
9.451671e-04,0.01
9.451673e-04,0.03
9.451675e-04,0.03
9.451677e-04,0.01
9.451679e-04,-0.01
9.451681e-04,-0.01
9.451683e-04,0.03
9.451685e-04,0.03
9.451687e-04,0.01
9.451689e-04,0.03
9.451691e-04,0.01
9.451693e-04,0.03
9.451695e-04,0.03
9.451697e-04,0.03
9.451699e-04,0.03
9.451701e-04,0.01
9.451703e-04,0.05
9.451705e-04,0.03
9.451707e-04,0.01
9.451709e-04,0.03
9.451711e-04,0.03
9.451713e-04,0.01
9.451715e-04,0.01
9.451717e-04,0.01
9.451719e-04,0.03
9.451721e-04,0.01
9.451723e-04,0.03
9.451725e-04,0.01
9.451727e-04,0.01
9.451729e-04,0.01
9.451731e-04,0.01
9.451733e-04,0.01
9.451735e-04,0.05
9.451737e-04,0.03
9.451739e-04,0.03
9.451741e-04,0.03
9.451743e-04,0.01
9.451745e-04,0.01
9.451747e-04,0.01
9.451749e-04,0.01
9.451751e-04,0.03
9.451753e-04,0.03
9.451755e-04,-0.01
9.451757e-04,0.01
9.451759e-04,-0.01
9.451761e-04,0.01
9.451763e-04,0.01
9.451765e-04,0.03
9.451767e-04,0.03
9.451769e-04,-0.01
9.451771e-04,0.01
9.451773e-04,0.01
9.451775e-04,0.01
9.451777e-04,0.01
9.451779e-04,-0.01
9.451781e-04,-0.01
9.451783e-04,0.01
9.451785e-04,0.03
9.451787e-04,0.05
9.451789e-04,0.01
9.451791e-04,-0.01
9.451793e-04,0.05
9.451795e-04,0.03
9.451797e-04,-0.03
9.451799e-04,-0.03
9.451801e-04,0.03
9.451803e-04,0.03
9.451805e-04,0.03
9.451807e-04,-0.01
9.451809e-04,0.03
9.451811e-04,0.01
9.451813e-04,-0.01
9.451815e-04,0.03
9.451817e-04,0.01
9.451819e-04,0.03
9.451821e-04,0.01
9.451823e-04,0.01
9.451825e-04,0.01
9.451827e-04,0.01
9.451829e-04,0.03
9.451831e-04,0.05
9.451833e-04,0.01
9.451835e-04,0.01
9.451837e-04,0.03
9.451839e-04,0.03
9.451841e-04,0.01
9.451843e-04,0.01
9.451845e-04,0.01
9.451847e-04,-0.01
9.451849e-04,0.03
9.451851e-04,0.03
9.451853e-04,0.05
9.451855e-04,0.03
9.451857e-04,0.01
9.451859e-04,0.03
9.451861e-04,-0.01
9.451863e-04,0.01
9.451865e-04,0.01
9.451867e-04,0.03
9.451869e-04,0.03
9.451871e-04,0.03
9.451873e-04,0.01
9.451875e-04,0.01
9.451877e-04,0.01
9.451879e-04,0.01
9.451881e-04,0.03
9.451883e-04,0.05
9.451885e-04,0.05
9.451887e-04,0.05
9.451889e-04,0.03
9.451891e-04,0.01
9.451893e-04,-0.01
9.451895e-04,-0.01
9.451897e-04,0.05
9.451899e-04,0.03
9.451901e-04,0.05
9.451903e-04,-0.01
9.451905e-04,0.01
9.451907e-04,-0.01
9.451909e-04,-0.01
9.451911e-04,0.03
9.451913e-04,0.01
9.451915e-04,0.01
9.451917e-04,0.03
9.451919e-04,-0.01
9.451921e-04,0.03
9.451923e-04,0.03
9.451925e-04,0.03
9.451927e-04,0.03
9.451929e-04,-0.01
9.451931e-04,0.03
9.451933e-04,0.01
9.451935e-04,0.03
9.451937e-04,0.03
9.451939e-04,0.01
9.451941e-04,0.01
9.451943e-04,0.03
9.451945e-04,-0.01
9.451947e-04,-0.01
9.451949e-04,0.01
9.451951e-04,-0.01
9.451953e-04,0.01
9.451955e-04,0.01
9.451957e-04,0.03
9.451959e-04,0.03
9.451961e-04,0.01
9.451963e-04,0.01
9.451965e-04,0.03
9.451967e-04,0.03
9.451969e-04,0.03
9.451971e-04,0.03
9.451973e-04,0.01
9.451975e-04,0.01
9.451977e-04,0.03
9.451979e-04,0.05
9.451981e-04,0.05
9.451983e-04,0.07
9.451985e-04,0.03
9.451987e-04,0.01
9.451989e-04,0.03
9.451991e-04,0.01
9.451993e-04,0.01
9.451995e-04,0.03
9.451997e-04,0.03
9.451999e-04,0.05
9.452001e-04,0.01
9.452003e-04,0.01
9.452005e-04,0.01
9.452007e-04,0.01
9.452009e-04,0.03
9.452011e-04,0.03
9.452013e-04,0.03
9.452015e-04,0.03
9.452017e-04,0.03
9.452019e-04,0.03
9.452021e-04,0.03
9.452023e-04,0.01
9.452025e-04,0.01
9.452027e-04,0.01
9.452029e-04,-0.01
9.452031e-04,0.01
9.452033e-04,0.03
9.452035e-04,0.01
9.452037e-04,0.03
9.452039e-04,0.01
9.452041e-04,0.01
9.452043e-04,0.05
9.452045e-04,-0.01
9.452047e-04,0.01
9.452049e-04,0.03
9.452051e-04,0.01
9.452053e-04,0.01
9.452055e-04,0.01
9.452057e-04,0.01
9.452059e-04,-0.01
9.452061e-04,0.01
9.452063e-04,0.03
9.452065e-04,0.01
9.452067e-04,-0.01
9.452069e-04,0.01
9.452071e-04,0.01
9.452073e-04,0.03
9.452075e-04,0.01
9.452077e-04,0.03
9.452079e-04,0.03
9.452081e-04,0.01
9.452083e-04,0.03
9.452085e-04,0.03
9.452087e-04,0.03
9.452089e-04,0.01
9.452091e-04,0.03
9.452093e-04,0.01
9.452095e-04,0.01
9.452097e-04,0.01
9.452099e-04,0.01
9.452101e-04,0.01
9.452103e-04,0.01
9.452105e-04,0.01
9.452107e-04,0.01
9.452109e-04,0.01
9.452111e-04,0.03
9.452113e-04,0.01
9.452115e-04,0.03
9.452117e-04,0.01
9.452119e-04,0.03
9.452121e-04,0.01
9.452123e-04,0.03
9.452125e-04,0.03
9.452127e-04,0.03
9.452129e-04,0.03
9.452131e-04,0.03
9.452133e-04,0.01
9.452135e-04,0.01
9.452137e-04,0.01
9.452139e-04,0.03
9.452141e-04,0.03
9.452143e-04,0.05
9.452145e-04,0.03
9.452147e-04,0.01
9.452149e-04,0.01
9.452151e-04,0.03
9.452153e-04,0.03
9.452155e-04,-0.01
9.452157e-04,0.01
9.452159e-04,0.05
9.452161e-04,0.03
9.452163e-04,0.01
9.452165e-04,0.01
9.452167e-04,0.01
9.452169e-04,0.01
9.452171e-04,0.03
9.452173e-04,-0.01
9.452175e-04,0.03
9.452177e-04,0.03
9.452179e-04,0.05
9.452181e-04,0.05
9.452183e-04,0.03
9.452185e-04,-0.01
9.452187e-04,0.01
9.452189e-04,0.03
9.452191e-04,0.03
9.452193e-04,0.03
9.452195e-04,0.03
9.452197e-04,0.01
9.452199e-04,0.03
9.452201e-04,0.01
9.452203e-04,0.03
9.452205e-04,0.01
9.452207e-04,0.03
9.452209e-04,0.01
9.452211e-04,0.01
9.452213e-04,0.01
9.452215e-04,0.03
9.452217e-04,0.03
9.452219e-04,-0.01
9.452221e-04,0.01
9.452223e-04,0.03
9.452225e-04,0.03
9.452227e-04,0.01
9.452229e-04,0.01
9.452231e-04,0.03
9.452233e-04,0.01
9.452235e-04,0.01
9.452237e-04,0.03
9.452239e-04,0.03
9.452241e-04,0.01
9.452243e-04,0.03
9.452245e-04,0.01
9.452247e-04,0.03
9.452249e-04,0.01
9.452251e-04,0.01
9.452253e-04,0.03
9.452255e-04,0.03
9.452257e-04,0.05
9.452259e-04,0.03
9.452261e-04,0.01
9.452263e-04,-0.01
9.452265e-04,0.01
9.452267e-04,0.05
9.452269e-04,0.03
9.452271e-04,0.03
9.452273e-04,0.01
9.452275e-04,0.01
9.452277e-04,0.03
9.452279e-04,0.01
9.452281e-04,-0.01
9.452283e-04,0.01
9.452285e-04,0.01
9.452287e-04,0.05
9.452289e-04,0.03
9.452291e-04,0.03
9.452293e-04,0.01
9.452295e-04,0.05
9.452297e-04,0.03
9.452299e-04,0.03
9.452301e-04,0.03
9.452303e-04,0.01
9.452305e-04,0.01
9.452307e-04,0.01
9.452309e-04,0.03
9.452311e-04,0.03
9.452313e-04,0.01
9.452315e-04,0.03
9.452317e-04,0.03
9.452319e-04,0.01
9.452321e-04,-0.01
9.452323e-04,0.01
9.452325e-04,0.01
9.452327e-04,0.01
9.452329e-04,0.05
9.452331e-04,0.01
9.452333e-04,0.03
9.452335e-04,0.03
9.452337e-04,0.05
9.452339e-04,0.05
9.452341e-04,0.01
9.452343e-04,0.01
9.452345e-04,0.01
9.452347e-04,-0.01
9.452349e-04,0.01
9.452351e-04,0.01
9.452353e-04,0.01
9.452355e-04,0.01
9.452357e-04,0.05
9.452359e-04,0.03
9.452361e-04,0.03
9.452363e-04,0.01
9.452365e-04,0.01
9.452367e-04,0.01
9.452369e-04,0.03
9.452371e-04,0.03
9.452373e-04,0.01
9.452375e-04,0.01
9.452377e-04,-0.01
9.452379e-04,0.01
9.452381e-04,0.05
9.452383e-04,0.03
9.452385e-04,0.03
9.452387e-04,0.01
9.452389e-04,0.03
9.452391e-04,0.03
9.452393e-04,0.01
9.452395e-04,0.03
9.452397e-04,0.01
9.452399e-04,0.01
9.452401e-04,0.03
9.452403e-04,0.03
9.452405e-04,-0.01
9.452407e-04,0.03
9.452409e-04,0.03
9.452411e-04,0.01
9.452413e-04,0.01
9.452415e-04,0.03
9.452417e-04,0.01
9.452419e-04,0.01
9.452421e-04,0.01
9.452423e-04,0.03
9.452425e-04,0.03
9.452427e-04,0.01
9.452429e-04,0.03
9.452431e-04,0.01
9.452433e-04,0.01
9.452435e-04,0.03
9.452437e-04,0.01
9.452439e-04,-0.01
9.452441e-04,0.01
9.452443e-04,0.05
9.452445e-04,0.03
9.452447e-04,0.03
9.452449e-04,0.03
9.452451e-04,0.05
9.452453e-04,0.01
9.452455e-04,0.03
9.452457e-04,0.01
9.452459e-04,0.03
9.452461e-04,0.03
9.452463e-04,0.03
9.452465e-04,-0.01
9.452467e-04,0.03
9.452469e-04,0.03
9.452471e-04,0.03
9.452473e-04,0.01
9.452475e-04,0.03
9.452477e-04,0.01
9.452479e-04,0.01
9.452481e-04,0.03
9.452483e-04,0.01
9.452485e-04,-0.01
9.452487e-04,0.03
9.452489e-04,0.03
9.452491e-04,0.01
9.452493e-04,0.03
9.452495e-04,0.01
9.452497e-04,-0.01
9.452499e-04,0.01
9.452501e-04,0.01
9.452503e-04,0.01
9.452505e-04,-0.01
9.452507e-04,0.01
9.452509e-04,0.01
9.452511e-04,0.01
9.452513e-04,0.01
9.452515e-04,0.01
9.452517e-04,0.01
9.452519e-04,0.01
9.452521e-04,-0.01
9.452523e-04,-0.01
9.452525e-04,0.01
9.452527e-04,0.03
9.452529e-04,0.01
9.452531e-04,0.01
9.452533e-04,0.01
9.452535e-04,-0.01
9.452537e-04,-0.01
9.452539e-04,-0.01
9.452541e-04,0.01
9.452543e-04,0.03
9.452545e-04,-0.01
9.452547e-04,-0.01
9.452549e-04,0.01
9.452551e-04,0.01
9.452553e-04,0.01
9.452555e-04,0.03
9.452557e-04,0.03
9.452559e-04,0.01
9.452561e-04,0.03
9.452563e-04,0.03
9.452565e-04,0.05
9.452567e-04,0.01
9.452569e-04,0.01
9.452571e-04,-0.01
9.452573e-04,0.01
9.452575e-04,0.01
9.452577e-04,0.05
9.452579e-04,0.03
9.452581e-04,0.03
9.452583e-04,0.03
9.452585e-04,0.03
9.452587e-04,0.03
9.452589e-04,0.01
9.452591e-04,0.01
9.452593e-04,0.05
9.452595e-04,0.01
9.452597e-04,0.03
9.452599e-04,0.03
9.452601e-04,0.03
9.452603e-04,0.03
9.452605e-04,0.03
9.452607e-04,0.03
9.452609e-04,0.03
9.452611e-04,0.03
9.452613e-04,0.01
9.452615e-04,-0.01
9.452617e-04,0.01
9.452619e-04,0.01
9.452621e-04,0.01
9.452623e-04,0.03
9.452625e-04,0.01
9.452627e-04,0.03
9.452629e-04,0.03
9.452631e-04,0.01
9.452633e-04,0.01
9.452635e-04,0.03
9.452637e-04,0.01
9.452639e-04,0.01
9.452641e-04,0.03
9.452643e-04,0.01
9.452645e-04,0.01
9.452647e-04,0.03
9.452649e-04,0.03
9.452651e-04,0.03
9.452653e-04,0.01
9.452655e-04,0.03
9.452657e-04,0.01
9.452659e-04,0.01
9.452661e-04,0.01
9.452663e-04,0.01
9.452665e-04,0.01
9.452667e-04,0.01
9.452669e-04,0.01
9.452671e-04,0.01
9.452673e-04,0.01
9.452675e-04,0.03
9.452677e-04,0.01
9.452679e-04,0.05
9.452681e-04,0.01
9.452683e-04,-0.01
9.452685e-04,0.01
9.452687e-04,0.01
9.452689e-04,0.01
9.452691e-04,0.03
9.452693e-04,0.01
9.452695e-04,0.01
9.452697e-04,0.01
9.452699e-04,0.05
9.452701e-04,0.03
9.452703e-04,0.01
9.452705e-04,-0.01
9.452707e-04,-0.01
9.452709e-04,0.01
9.452711e-04,0.03
9.452713e-04,0.03
9.452715e-04,0.03
9.452717e-04,0.03
9.452719e-04,0.05
9.452721e-04,0.05
9.452723e-04,0.05
9.452725e-04,0.03
9.452727e-04,0.03
9.452729e-04,0.01
9.452731e-04,-0.01
9.452733e-04,0.01
9.452735e-04,0.03
9.452737e-04,0.01
9.452739e-04,0.01
9.452741e-04,0.01
9.452743e-04,0.03
9.452745e-04,0.01
9.452747e-04,0.03
9.452749e-04,0.03
9.452751e-04,0.01
9.452753e-04,0.01
9.452755e-04,0.03
9.452757e-04,0.05
9.452759e-04,0.05
9.452761e-04,0.03
9.452763e-04,0.03
9.452765e-04,0.03
9.452767e-04,0.01
9.452769e-04,-0.01
9.452771e-04,0.01
9.452773e-04,0.01
9.452775e-04,0.03
9.452777e-04,0.01
9.452779e-04,0.01
9.452781e-04,-0.01
9.452783e-04,0.01
9.452785e-04,0.03
9.452787e-04,0.05
9.452789e-04,0.03
9.452791e-04,-0.01
9.452793e-04,0.01
9.452795e-04,0.01
9.452797e-04,0.01
9.452799e-04,-0.01
9.452801e-04,-0.01
9.452803e-04,0.01
9.452805e-04,0.01
9.452807e-04,0.01
9.452809e-04,0.01
9.452811e-04,0.01
9.452813e-04,0.03
9.452815e-04,0.05
9.452817e-04,0.01
9.452819e-04,0.03
9.452821e-04,0.03
9.452823e-04,0.03
9.452825e-04,0.01
9.452827e-04,-0.01
9.452829e-04,-0.01
9.452831e-04,0.01
9.452833e-04,0.01
9.452835e-04,0.01
9.452837e-04,0.01
9.452839e-04,0.01
9.452841e-04,0.03
9.452843e-04,0.01
9.452845e-04,0.01
9.452847e-04,0.01
9.452849e-04,0.01
9.452851e-04,0.01
9.452853e-04,0.03
9.452855e-04,0.01
9.452857e-04,0.03
9.452859e-04,0.05
9.452861e-04,0.03
9.452863e-04,0.03
9.452865e-04,0.01
9.452867e-04,0.03
9.452869e-04,0.01
9.452871e-04,0.03
9.452873e-04,-0.01
9.452875e-04,0.01
9.452877e-04,0.01
9.452879e-04,0.03
9.452881e-04,0.01
9.452883e-04,-0.01
9.452885e-04,-0.01
9.452887e-04,-0.01
9.452889e-04,0.03
9.452891e-04,0.01
9.452893e-04,0.01
9.452895e-04,-0.01
9.452897e-04,0.01
9.452899e-04,0.05
9.452901e-04,-0.01
9.452903e-04,-0.01
9.452905e-04,-0.01
9.452907e-04,0.01
9.452909e-04,0.01
9.452911e-04,0.01
9.452913e-04,0.03
9.452915e-04,0.03
9.452917e-04,0.03
9.452919e-04,0.03
9.452921e-04,0.03
9.452923e-04,0.01
9.452925e-04,-0.01
9.452927e-04,0.03
9.452929e-04,0.01
9.452931e-04,0.03
9.452933e-04,0.03
9.452935e-04,0.03
9.452937e-04,0.01
9.452939e-04,-0.01
9.452941e-04,0.03
9.452943e-04,0.01
9.452945e-04,0.03
9.452947e-04,0.03
9.452949e-04,0.05
9.452951e-04,0.01
9.452953e-04,0.01
9.452955e-04,0.05
9.452957e-04,0.01
9.452959e-04,0.01
9.452961e-04,0.03
9.452963e-04,0.01
9.452965e-04,0.01
9.452967e-04,0.03
9.452969e-04,0.01
9.452971e-04,-0.01
9.452973e-04,0.01
9.452975e-04,0.03
9.452977e-04,0.05
9.452979e-04,0.03
9.452981e-04,0.01
9.452983e-04,0.01
9.452985e-04,0.01
9.452987e-04,-0.01
9.452989e-04,0.01
9.452991e-04,0.01
9.452993e-04,0.01
9.452995e-04,-0.01
9.452997e-04,-0.01
9.452999e-04,-0.01
9.453001e-04,-0.01
9.453003e-04,0.01
9.453005e-04,0.01
9.453007e-04,0.01
9.453009e-04,0.01
9.453011e-04,0.01
9.453013e-04,0.03
9.453015e-04,0.03
9.453017e-04,0.03
9.453019e-04,0.01
9.453021e-04,0.01
9.453023e-04,0.05
9.453025e-04,0.03
9.453027e-04,-0.01
9.453029e-04,0.01
9.453031e-04,0.01
9.453033e-04,0.03
9.453035e-04,0.03
9.453037e-04,0.03
9.453039e-04,0.01
9.453041e-04,0.03
9.453043e-04,0.03
9.453045e-04,0.03
9.453047e-04,0.03
9.453049e-04,0.01
9.453051e-04,0.01
9.453053e-04,0.01
9.453055e-04,0.01
9.453057e-04,0.05
9.453059e-04,0.01
9.453061e-04,0.01
9.453063e-04,0.01
9.453065e-04,0.05
9.453067e-04,0.01
9.453069e-04,0.01
9.453071e-04,0.01
9.453073e-04,0.05
9.453075e-04,0.03
9.453077e-04,-0.01
9.453079e-04,0.01
9.453081e-04,-0.01
9.453083e-04,0.01
9.453085e-04,0.01
9.453087e-04,0.03
9.453089e-04,0.01
9.453091e-04,0.03
9.453093e-04,0.01
9.453095e-04,0.03
9.453097e-04,0.01
9.453099e-04,0.03
9.453101e-04,0.01
9.453103e-04,0.01
9.453105e-04,0.01
9.453107e-04,0.01
9.453109e-04,-0.01
9.453111e-04,0.01
9.453113e-04,0.01
9.453115e-04,0.01
9.453117e-04,0.01
9.453119e-04,0.01
9.453121e-04,0.03
9.453123e-04,0.01
9.453125e-04,-0.03
9.453127e-04,0.01
9.453129e-04,0.03
9.453131e-04,-0.01
9.453133e-04,0.01
9.453135e-04,0.01
9.453137e-04,0.03
9.453139e-04,0.03
9.453141e-04,0.03
9.453143e-04,0.01
9.453145e-04,0.03
9.453147e-04,0.01
9.453149e-04,0.01
9.453151e-04,0.01
9.453153e-04,0.03
9.453155e-04,0.03
9.453157e-04,0.03
9.453159e-04,-0.01
9.453161e-04,-0.01
9.453163e-04,0.03
9.453165e-04,0.03
9.453167e-04,0.01
9.453169e-04,0.01
9.453171e-04,0.01
9.453173e-04,0.01
9.453175e-04,0.01
9.453177e-04,0.01
9.453179e-04,0.03
9.453181e-04,0.03
9.453183e-04,0.03
9.453185e-04,0.03
9.453187e-04,0.03
9.453189e-04,0.05
9.453191e-04,0.03
9.453193e-04,0.03
9.453195e-04,0.05
9.453197e-04,0.03
9.453199e-04,0.05
9.453201e-04,0.01
9.453203e-04,0.03
9.453205e-04,0.03
9.453207e-04,0.03
9.453209e-04,0.03
9.453211e-04,0.01
9.453213e-04,0.01
9.453215e-04,0.01
9.453217e-04,0.03
9.453219e-04,0.01
9.453221e-04,0.03
9.453223e-04,0.03
9.453225e-04,0.01
9.453227e-04,0.01
9.453229e-04,0.01
9.453231e-04,0.01
9.453233e-04,0.03
9.453235e-04,0.01
9.453237e-04,0.03
9.453239e-04,0.03
9.453241e-04,0.03
9.453243e-04,-0.01
9.453245e-04,-0.01
9.453247e-04,0.03
9.453249e-04,0.03
9.453251e-04,0.01
9.453253e-04,-0.01
9.453255e-04,-0.01
9.453257e-04,0.01
9.453259e-04,-0.01
9.453261e-04,-0.01
9.453263e-04,0.01
9.453265e-04,0.03
9.453267e-04,0.01
9.453269e-04,0.01
9.453271e-04,0.01
9.453273e-04,0.01
9.453275e-04,0.03
9.453277e-04,0.01
9.453279e-04,-0.01
9.453281e-04,0.01
9.453283e-04,0.03
9.453285e-04,0.03
9.453287e-04,0.03
9.453289e-04,0.03
9.453291e-04,0.01
9.453293e-04,-0.01
9.453295e-04,0.01
9.453297e-04,0.01
9.453299e-04,0.01
9.453301e-04,0.01
9.453303e-04,0.01
9.453305e-04,0.01
9.453307e-04,0.01
9.453309e-04,0.03
9.453311e-04,0.03
9.453313e-04,-0.01
9.453315e-04,0.03
9.453317e-04,0.01
9.453319e-04,0.03
9.453321e-04,0.05
9.453323e-04,0.03
9.453325e-04,0.03
9.453327e-04,0.03
9.453329e-04,0.05
9.453331e-04,0.01
9.453333e-04,0.01
9.453335e-04,0.03
9.453337e-04,0.03
9.453339e-04,0.03
9.453341e-04,0.03
9.453343e-04,0.01
9.453345e-04,0.03
9.453347e-04,0.03
9.453349e-04,0.03
9.453351e-04,0.01
9.453353e-04,0.01
9.453355e-04,0.03
9.453357e-04,0.01
9.453359e-04,0.03
9.453361e-04,0.03
9.453363e-04,0.05
9.453365e-04,0.03
9.453367e-04,0.03
9.453369e-04,0.03
9.453371e-04,0.01
9.453373e-04,0.01
9.453375e-04,0.03
9.453377e-04,0.01
9.453379e-04,0.03
9.453381e-04,0.05
9.453383e-04,0.03
9.453385e-04,-0.01
9.453387e-04,0.01
9.453389e-04,0.03
9.453391e-04,0.05
9.453393e-04,0.05
9.453395e-04,0.05
9.453397e-04,0.05
9.453399e-04,0.05
9.453401e-04,0.07
9.453403e-04,0.05
9.453405e-04,0.05
9.453407e-04,0.07
9.453409e-04,0.05
9.453411e-04,0.05
9.453413e-04,0.05
9.453415e-04,0.09
9.453417e-04,0.07
9.453419e-04,0.11
9.453421e-04,0.09
9.453423e-04,0.15
9.453425e-04,0.15
9.453427e-04,0.15
9.453429e-04,0.15
9.453431e-04,0.15
9.453433e-04,0.15
9.453435e-04,0.15
9.453437e-04,0.17
9.453439e-04,0.19
9.453441e-04,0.19
9.453443e-04,0.21
9.453445e-04,0.25
9.453447e-04,0.27
9.453449e-04,0.25
9.453451e-04,0.27
9.453453e-04,0.27
9.453455e-04,0.23
9.453457e-04,0.25
9.453459e-04,0.27
9.453461e-04,0.27
9.453463e-04,0.29
9.453465e-04,0.29
9.453467e-04,0.29
9.453469e-04,0.31
9.453471e-04,0.29
9.453473e-04,0.27
9.453475e-04,0.27
9.453477e-04,0.31
9.453479e-04,0.33
9.453481e-04,0.33
9.453483e-04,0.31
9.453485e-04,0.33
9.453487e-04,0.33
9.453489e-04,0.33
9.453491e-04,0.35
9.453493e-04,0.31
9.453495e-04,0.33
9.453497e-04,0.33
9.453499e-04,0.31
9.453501e-04,0.33
9.453503e-04,0.31
9.453505e-04,0.31
9.453507e-04,0.31
9.453509e-04,0.29
9.453511e-04,0.31
9.453513e-04,0.31
9.453515e-04,0.33
9.453517e-04,0.31
9.453519e-04,0.29
9.453521e-04,0.25
9.453523e-04,0.29
9.453525e-04,0.31
9.453527e-04,0.27
9.453529e-04,0.27
9.453531e-04,0.29
9.453533e-04,0.33
9.453535e-04,0.31
9.453537e-04,0.27
9.453539e-04,0.27
9.453541e-04,0.27
9.453543e-04,0.29
9.453545e-04,0.31
9.453547e-04,0.29
9.453549e-04,0.29
9.453551e-04,0.29
9.453553e-04,0.27
9.453555e-04,0.27
9.453557e-04,0.25
9.453559e-04,0.25
9.453561e-04,0.27
9.453563e-04,0.27
9.453565e-04,0.27
9.453567e-04,0.25
9.453569e-04,0.27
9.453571e-04,0.25
9.453573e-04,0.23
9.453575e-04,0.25
9.453577e-04,0.27
9.453579e-04,0.25
9.453581e-04,0.25
9.453583e-04,0.23
9.453585e-04,0.23
9.453587e-04,0.25
9.453589e-04,0.27
9.453591e-04,0.25
9.453593e-04,0.25
9.453595e-04,0.23
9.453597e-04,0.23
9.453599e-04,0.21
9.453601e-04,0.23
9.453603e-04,0.27
9.453605e-04,0.25
9.453607e-04,0.25
9.453609e-04,0.25
9.453611e-04,0.23
9.453613e-04,0.23
9.453615e-04,0.23
9.453617e-04,0.23
9.453619e-04,0.21
9.453621e-04,0.25
9.453623e-04,0.23
9.453625e-04,0.21
9.453627e-04,0.23
9.453629e-04,0.23
9.453631e-04,0.25
9.453633e-04,0.25
9.453635e-04,0.19
9.453637e-04,0.21
9.453639e-04,0.23
9.453641e-04,0.23
9.453643e-04,0.23
9.453645e-04,0.21
9.453647e-04,0.21
9.453649e-04,0.21
9.453651e-04,0.21
9.453653e-04,0.19
9.453655e-04,0.19
9.453657e-04,0.25
9.453659e-04,0.85
9.453661e-04,1.73
9.453663e-04,1.97
9.453665e-04,1.77
9.453667e-04,1.59
9.453669e-04,1.07
9.453671e-04,0.51
9.453673e-04,0.23
9.453675e-04,0.27
9.453677e-04,0.31
9.453679e-04,0.33
9.453681e-04,0.71
9.453683e-04,1.57
9.453685e-04,2.01
9.453687e-04,1.87
9.453689e-04,1.65
9.453691e-04,1.29
9.453693e-04,0.67
9.453695e-04,0.31
9.453697e-04,0.27
9.453699e-04,0.33
9.453701e-04,0.33
9.453703e-04,0.51
9.453705e-04,1.39
9.453707e-04,1.99
9.453709e-04,1.95
9.453711e-04,1.69
9.453713e-04,1.43
9.453715e-04,0.87
9.453717e-04,0.37
9.453719e-04,0.29
9.453721e-04,0.35
9.453723e-04,0.35
9.453725e-04,0.39
9.453727e-04,1.09
9.453729e-04,1.89
9.453731e-04,2.03
9.453733e-04,1.69
9.453735e-04,1.49
9.453737e-04,0.99
9.453739e-04,0.45
9.453741e-04,0.25
9.453743e-04,0.31
9.453745e-04,0.33
9.453747e-04,0.35
9.453749e-04,0.81
9.453751e-04,1.65
9.453753e-04,1.97
9.453755e-04,1.75
9.453757e-04,1.51
9.453759e-04,1.15
9.453761e-04,0.59
9.453763e-04,0.29
9.453765e-04,0.29
9.453767e-04,0.35
9.453769e-04,0.33
9.453771e-04,0.29
9.453773e-04,0.27
9.453775e-04,0.27
9.453777e-04,0.27
9.453779e-04,0.25
9.453781e-04,0.25
9.453783e-04,0.23
9.453785e-04,0.27
9.453787e-04,0.23
9.453789e-04,0.23
9.453791e-04,0.21
9.453793e-04,0.19
9.453795e-04,0.23
9.453797e-04,0.21
9.453799e-04,0.21
9.453801e-04,0.21
9.453803e-04,0.21
9.453805e-04,0.19
9.453807e-04,0.17
9.453809e-04,0.19
9.453811e-04,0.19
9.453813e-04,0.17
9.453815e-04,0.19
9.453817e-04,0.15
9.453819e-04,0.17
9.453821e-04,0.17
9.453823e-04,0.19
9.453825e-04,0.19
9.453827e-04,0.17
9.453829e-04,0.19
9.453831e-04,0.17
9.453833e-04,0.19
9.453835e-04,0.21
9.453837e-04,0.19
9.453839e-04,0.19
9.453841e-04,0.21
9.453843e-04,0.23
9.453845e-04,0.15
9.453847e-04,0.15
9.453849e-04,0.17
9.453851e-04,0.15
9.453853e-04,0.11
9.453855e-04,0.15
9.453857e-04,0.13
9.453859e-04,0.15
9.453861e-04,0.21
9.453863e-04,0.17
9.453865e-04,0.21
9.453867e-04,0.13
9.453869e-04,0.11
9.453871e-04,0.17
9.453873e-04,0.15
9.453875e-04,0.11
9.453877e-04,0.11
9.453879e-04,0.15
9.453881e-04,0.13
9.453883e-04,0.13
9.453885e-04,0.13
9.453887e-04,0.17
9.453889e-04,0.17
9.453891e-04,0.09
9.453893e-04,0.11
9.453895e-04,0.13
9.453897e-04,0.11
9.453899e-04,0.11
9.453901e-04,0.15
9.453903e-04,0.13
9.453905e-04,0.13
9.453907e-04,0.15
9.453909e-04,0.19
9.453911e-04,0.17
9.453913e-04,0.09
9.453915e-04,0.13
9.453917e-04,0.15
9.453919e-04,0.09
9.453921e-04,0.09
9.453923e-04,0.11
9.453925e-04,0.15
9.453927e-04,0.13
9.453929e-04,0.11
9.453931e-04,0.15
9.453933e-04,0.17
9.453935e-04,0.11
9.453937e-04,0.11
9.453939e-04,0.13
9.453941e-04,0.13
9.453943e-04,0.05
9.453945e-04,0.09
9.453947e-04,0.13
9.453949e-04,0.11
9.453951e-04,0.13
9.453953e-04,0.11
9.453955e-04,0.11
9.453957e-04,0.15
9.453959e-04,0.15
9.453961e-04,0.13
9.453963e-04,0.11
9.453965e-04,0.11
9.453967e-04,0.09
9.453969e-04,0.09
9.453971e-04,0.11
9.453973e-04,0.11
9.453975e-04,0.09
9.453977e-04,0.13
9.453979e-04,0.13
9.453981e-04,0.11
9.453983e-04,0.09
9.453985e-04,0.09
9.453987e-04,0.11
9.453989e-04,0.09
9.453991e-04,0.09
9.453993e-04,0.09
9.453995e-04,0.07
9.453997e-04,0.09
9.453999e-04,0.11
9.454001e-04,0.11
9.454003e-04,0.11
9.454005e-04,0.11
9.454007e-04,0.11
9.454009e-04,0.07
9.454011e-04,0.09
9.454013e-04,0.07
9.454015e-04,0.09
9.454017e-04,0.09
9.454019e-04,0.07
9.454021e-04,0.11
9.454023e-04,0.07
9.454025e-04,0.09
9.454027e-04,0.11
9.454029e-04,0.11
9.454031e-04,0.11
9.454033e-04,0.09
9.454035e-04,0.09
9.454037e-04,0.09
9.454039e-04,0.11
9.454041e-04,0.09
9.454043e-04,0.11
9.454045e-04,0.11
9.454047e-04,0.09
9.454049e-04,0.07
9.454051e-04,0.07
9.454053e-04,0.11
9.454055e-04,0.11
9.454057e-04,0.09
9.454059e-04,0.09
9.454061e-04,0.11
9.454063e-04,0.09
9.454065e-04,0.11
9.454067e-04,0.09
9.454069e-04,0.07
9.454071e-04,0.07
9.454073e-04,0.09
9.454075e-04,0.11
9.454077e-04,0.11
9.454079e-04,0.09
9.454081e-04,0.07
9.454083e-04,0.09
9.454085e-04,0.09
9.454087e-04,0.09
9.454089e-04,0.09
9.454091e-04,0.05
9.454093e-04,0.09
9.454095e-04,0.09
9.454097e-04,0.11
9.454099e-04,0.11
9.454101e-04,0.09
9.454103e-04,0.07
9.454105e-04,0.09
9.454107e-04,0.09
9.454109e-04,0.11
9.454111e-04,0.07
9.454113e-04,0.07
9.454115e-04,0.09
9.454117e-04,0.11
9.454119e-04,0.07
9.454121e-04,0.09
9.454123e-04,0.09
9.454125e-04,0.09
9.454127e-04,0.09
9.454129e-04,0.11
9.454131e-04,0.07
9.454133e-04,0.09
9.454135e-04,0.11
9.454137e-04,0.09
9.454139e-04,0.09
9.454141e-04,0.09
9.454143e-04,0.07
9.454145e-04,0.07
9.454147e-04,0.09
9.454149e-04,0.09
9.454151e-04,0.09
9.454153e-04,0.09
9.454155e-04,0.05
9.454157e-04,0.09
9.454159e-04,0.09
9.454161e-04,0.11
9.454163e-04,0.11
9.454165e-04,0.09
9.454167e-04,0.11
9.454169e-04,0.07
9.454171e-04,0.09
9.454173e-04,0.11
9.454175e-04,0.09
9.454177e-04,0.09
9.454179e-04,0.09
9.454181e-04,0.07
9.454183e-04,0.09
9.454185e-04,0.07
9.454187e-04,0.09
9.454189e-04,0.07
9.454191e-04,0.05
9.454193e-04,0.07
9.454195e-04,0.07
9.454197e-04,0.09
9.454199e-04,0.09
9.454201e-04,0.07
9.454203e-04,0.09
9.454205e-04,0.09
9.454207e-04,0.05
9.454209e-04,0.07
9.454211e-04,0.09
9.454213e-04,0.09
9.454215e-04,0.07
9.454217e-04,0.07
9.454219e-04,0.09
9.454221e-04,0.05
9.454223e-04,0.09
9.454225e-04,0.11
9.454227e-04,0.11
9.454229e-04,0.11
9.454231e-04,0.11
9.454233e-04,0.09
9.454235e-04,0.11
9.454237e-04,0.09
9.454239e-04,0.09
9.454241e-04,0.09
9.454243e-04,0.11
9.454245e-04,0.05
9.454247e-04,0.07
9.454249e-04,0.05
9.454251e-04,0.07
9.454253e-04,0.11
9.454255e-04,0.09
9.454257e-04,0.07
9.454259e-04,0.05
9.454261e-04,0.07
9.454263e-04,0.09
9.454265e-04,0.09
9.454267e-04,0.07
9.454269e-04,0.09
9.454271e-04,0.07
9.454273e-04,0.05
9.454275e-04,0.09
9.454277e-04,0.07
9.454279e-04,0.05
9.454281e-04,0.07
9.454283e-04,0.05
9.454285e-04,0.05
9.454287e-04,0.07
9.454289e-04,0.09
9.454291e-04,0.09
9.454293e-04,0.05
9.454295e-04,0.07
9.454297e-04,0.05
9.454299e-04,0.07
9.454301e-04,0.09
9.454303e-04,0.09
9.454305e-04,0.05
9.454307e-04,0.07
9.454309e-04,0.07
9.454311e-04,0.07
9.454313e-04,0.07
9.454315e-04,0.05
9.454317e-04,0.07
9.454319e-04,0.05
9.454321e-04,0.07
9.454323e-04,0.05
9.454325e-04,0.07
9.454327e-04,0.09
9.454329e-04,0.11
9.454331e-04,0.09
9.454333e-04,0.09
9.454335e-04,0.07
9.454337e-04,0.07
9.454339e-04,0.07
9.454341e-04,0.09
9.454343e-04,0.09
9.454345e-04,0.09
9.454347e-04,0.11
9.454349e-04,0.11
9.454351e-04,0.09
9.454353e-04,0.07
9.454355e-04,0.05
9.454357e-04,0.05
9.454359e-04,0.07
9.454361e-04,0.05
9.454363e-04,0.09
9.454365e-04,0.07
9.454367e-04,0.07
9.454369e-04,0.05
9.454371e-04,0.07
9.454373e-04,0.09
9.454375e-04,0.07
9.454377e-04,0.07
9.454379e-04,0.05
9.454381e-04,0.07
9.454383e-04,0.09
9.454385e-04,0.07
9.454387e-04,0.09
9.454389e-04,0.09
9.454391e-04,0.07
9.454393e-04,0.07
9.454395e-04,0.07
9.454397e-04,0.09
9.454399e-04,0.05
9.454401e-04,0.07
9.454403e-04,0.09
9.454405e-04,0.07
9.454407e-04,0.07
9.454409e-04,0.05
9.454411e-04,0.07
9.454413e-04,0.09
9.454415e-04,0.11
9.454417e-04,0.09
9.454419e-04,0.05
9.454421e-04,0.07
9.454423e-04,0.07
9.454425e-04,0.05
9.454427e-04,0.09
9.454429e-04,0.07
9.454431e-04,0.05
9.454433e-04,0.05
9.454435e-04,0.07
9.454437e-04,0.05
9.454439e-04,0.07
9.454441e-04,0.09
9.454443e-04,0.07
9.454445e-04,0.05
9.454447e-04,0.09
9.454449e-04,0.05
9.454451e-04,0.07
9.454453e-04,0.05
9.454455e-04,0.05
9.454457e-04,0.05
9.454459e-04,0.05
9.454461e-04,0.05
9.454463e-04,0.07
9.454465e-04,0.07
9.454467e-04,0.07
9.454469e-04,0.05
9.454471e-04,0.05
9.454473e-04,0.05
9.454475e-04,0.05
9.454477e-04,0.07
9.454479e-04,0.05
9.454481e-04,0.07
9.454483e-04,0.05
9.454485e-04,0.07
9.454487e-04,0.05
9.454489e-04,0.05
9.454491e-04,0.07
9.454493e-04,0.03
9.454495e-04,0.07
9.454497e-04,0.07
9.454499e-04,0.09
9.454501e-04,0.09
9.454503e-04,0.05
9.454505e-04,0.05
9.454507e-04,0.07
9.454509e-04,0.05
9.454511e-04,0.07
9.454513e-04,0.05
9.454515e-04,0.07
9.454517e-04,0.05
9.454519e-04,0.07
9.454521e-04,0.07
9.454523e-04,0.09
9.454525e-04,0.07
9.454527e-04,0.09
9.454529e-04,0.07
9.454531e-04,0.07
9.454533e-04,0.05
9.454535e-04,0.09
9.454537e-04,0.09
9.454539e-04,0.09
9.454541e-04,0.09
9.454543e-04,0.07
9.454545e-04,0.07
9.454547e-04,0.11
9.454549e-04,0.09
9.454551e-04,0.09
9.454553e-04,0.07
9.454555e-04,0.05
9.454557e-04,0.07
9.454559e-04,0.07
9.454561e-04,0.07
9.454563e-04,0.09
9.454565e-04,0.05
9.454567e-04,0.05
9.454569e-04,0.07
9.454571e-04,0.09
9.454573e-04,0.07
9.454575e-04,0.05
9.454577e-04,0.05
9.454579e-04,0.07
9.454581e-04,0.05
9.454583e-04,0.07
9.454585e-04,0.07
9.454587e-04,0.05
9.454589e-04,0.09
9.454591e-04,0.07
9.454593e-04,0.05
9.454595e-04,0.05
9.454597e-04,0.07
9.454599e-04,0.05
9.454601e-04,0.09
9.454603e-04,0.07
9.454605e-04,0.07
9.454607e-04,0.05
9.454609e-04,0.05
9.454611e-04,0.05
9.454613e-04,0.03
9.454615e-04,0.05
9.454617e-04,0.09
9.454619e-04,0.05
9.454621e-04,0.05
9.454623e-04,0.05
9.454625e-04,0.07
9.454627e-04,0.07
9.454629e-04,0.03
9.454631e-04,0.07
9.454633e-04,0.07
9.454635e-04,0.05
9.454637e-04,0.05
9.454639e-04,0.03
9.454641e-04,0.07
9.454643e-04,0.07
9.454645e-04,0.09
9.454647e-04,0.05
9.454649e-04,0.07
9.454651e-04,0.05
9.454653e-04,0.05
9.454655e-04,0.05
9.454657e-04,0.05
9.454659e-04,0.05
9.454661e-04,0.05
9.454663e-04,0.05
9.454665e-04,0.05
9.454667e-04,0.05
9.454669e-04,0.05
9.454671e-04,0.05
9.454673e-04,0.05
9.454675e-04,0.05
9.454677e-04,0.07
9.454679e-04,0.07
9.454681e-04,0.05
9.454683e-04,0.07
9.454685e-04,0.07
9.454687e-04,0.07
9.454689e-04,0.07
9.454691e-04,0.05
9.454693e-04,0.05
9.454695e-04,0.11
9.454697e-04,0.09
9.454699e-04,0.07
9.454701e-04,0.07
9.454703e-04,0.05
9.454705e-04,0.05
9.454707e-04,0.05
9.454709e-04,0.05
9.454711e-04,0.05
9.454713e-04,0.05
9.454715e-04,0.05
9.454717e-04,0.03
9.454719e-04,0.05
9.454721e-04,0.05
9.454723e-04,0.05
9.454725e-04,0.05
9.454727e-04,0.07
9.454729e-04,0.05
9.454731e-04,0.05
9.454733e-04,0.05
9.454735e-04,0.05
9.454737e-04,0.05
9.454739e-04,0.05
9.454741e-04,0.07
9.454743e-04,0.07
9.454745e-04,0.05
9.454747e-04,0.05
9.454749e-04,0.05
9.454751e-04,0.03
9.454753e-04,0.05
9.454755e-04,0.05
9.454757e-04,0.05
9.454759e-04,0.05
9.454761e-04,0.05
9.454763e-04,0.05
9.454765e-04,0.07
9.454767e-04,0.05
9.454769e-04,0.03
9.454771e-04,0.05
9.454773e-04,0.07
9.454775e-04,0.07
9.454777e-04,0.05
9.454779e-04,0.05
9.454781e-04,0.05
9.454783e-04,0.05
9.454785e-04,0.03
9.454787e-04,0.03
9.454789e-04,0.05
9.454791e-04,0.05
9.454793e-04,0.07
9.454795e-04,0.03
9.454797e-04,0.05
9.454799e-04,0.03
9.454801e-04,0.05
9.454803e-04,0.03
9.454805e-04,0.05
9.454807e-04,0.07
9.454809e-04,0.05
9.454811e-04,0.07
9.454813e-04,0.05
9.454815e-04,0.07
9.454817e-04,0.05
9.454819e-04,0.07
9.454821e-04,0.09
9.454823e-04,0.09
9.454825e-04,0.09
9.454827e-04,0.05
9.454829e-04,0.05
9.454831e-04,0.07
9.454833e-04,0.07
9.454835e-04,0.07
9.454837e-04,0.05
9.454839e-04,0.07
9.454841e-04,0.05
9.454843e-04,0.07
9.454845e-04,0.07
9.454847e-04,0.07
9.454849e-04,0.05
9.454851e-04,0.07
9.454853e-04,0.07
9.454855e-04,0.05
9.454857e-04,0.07
9.454859e-04,0.07
9.454861e-04,0.05
9.454863e-04,0.05
9.454865e-04,0.05
9.454867e-04,0.05
9.454869e-04,0.07
9.454871e-04,0.07
9.454873e-04,0.03
9.454875e-04,0.05
9.454877e-04,0.05
9.454879e-04,0.09
9.454881e-04,0.07
9.454883e-04,0.07
9.454885e-04,0.07
9.454887e-04,0.05
9.454889e-04,0.03
9.454891e-04,0.05
9.454893e-04,0.07
9.454895e-04,0.03
9.454897e-04,0.05
9.454899e-04,0.07
9.454901e-04,0.09
9.454903e-04,0.05
9.454905e-04,0.07
9.454907e-04,0.05
9.454909e-04,0.05
9.454911e-04,0.05
9.454913e-04,0.07
9.454915e-04,0.05
9.454917e-04,0.05
9.454919e-04,0.05
9.454921e-04,0.07
9.454923e-04,0.07
9.454925e-04,0.07
9.454927e-04,0.05
9.454929e-04,0.07
9.454931e-04,0.05
9.454933e-04,0.03
9.454935e-04,0.05
9.454937e-04,0.03
9.454939e-04,0.05
9.454941e-04,0.05
9.454943e-04,0.05
9.454945e-04,0.05
9.454947e-04,0.05
9.454949e-04,0.05
9.454951e-04,0.07
9.454953e-04,0.05
9.454955e-04,0.05
9.454957e-04,0.05
9.454959e-04,0.03
9.454961e-04,0.05
9.454963e-04,0.07
9.454965e-04,0.05
9.454967e-04,0.01
9.454969e-04,0.03
9.454971e-04,0.05
9.454973e-04,0.03
9.454975e-04,0.05
9.454977e-04,0.05
9.454979e-04,0.03
9.454981e-04,0.05
9.454983e-04,0.05
9.454985e-04,0.09
9.454987e-04,0.05
9.454989e-04,0.05
9.454991e-04,0.05
9.454993e-04,0.05
9.454995e-04,0.05
9.454997e-04,0.03
9.454999e-04,0.09
9.455001e-04,0.07
9.455003e-04,0.07
9.455005e-04,0.07
9.455007e-04,0.05
9.455009e-04,0.05
9.455011e-04,0.05
9.455013e-04,0.05
9.455015e-04,0.05
9.455017e-04,0.05
9.455019e-04,0.05
9.455021e-04,0.05
9.455023e-04,0.05
9.455025e-04,0.05
9.455027e-04,0.05
9.455029e-04,0.05
9.455031e-04,0.05
9.455033e-04,0.05
9.455035e-04,0.07
9.455037e-04,0.05
9.455039e-04,0.05
9.455041e-04,0.05
9.455043e-04,0.07
9.455045e-04,0.05
9.455047e-04,0.05
9.455049e-04,0.03
9.455051e-04,0.05
9.455053e-04,0.03
9.455055e-04,0.09
9.455057e-04,0.05
9.455059e-04,0.05
9.455061e-04,0.05
9.455063e-04,0.03
9.455065e-04,0.05
9.455067e-04,0.05
9.455069e-04,0.07
9.455071e-04,0.07
9.455073e-04,0.03
9.455075e-04,0.07
9.455077e-04,0.03
9.455079e-04,0.05
9.455081e-04,0.05
9.455083e-04,0.05
9.455085e-04,0.05
9.455087e-04,0.09
9.455089e-04,0.07
9.455091e-04,0.05
9.455093e-04,0.05
9.455095e-04,0.07
9.455097e-04,0.05
9.455099e-04,0.05
9.455101e-04,0.05
9.455103e-04,0.09
9.455105e-04,0.05
9.455107e-04,0.05
9.455109e-04,0.01
9.455111e-04,0.07
9.455113e-04,0.07
9.455115e-04,0.07
9.455117e-04,0.05
9.455119e-04,0.05
9.455121e-04,0.03
9.455123e-04,0.05
9.455125e-04,0.05
9.455127e-04,0.07
9.455129e-04,0.03
9.455131e-04,0.05
9.455133e-04,0.07
9.455135e-04,0.05
9.455137e-04,0.05
9.455139e-04,0.07
9.455141e-04,0.05
9.455143e-04,0.07
9.455145e-04,0.05
9.455147e-04,0.07
9.455149e-04,0.07
9.455151e-04,0.05
9.455153e-04,0.05
9.455155e-04,0.05
9.455157e-04,0.05
9.455159e-04,0.05
9.455161e-04,0.07
9.455163e-04,0.07
9.455165e-04,0.07
9.455167e-04,0.07
9.455169e-04,0.09
9.455171e-04,0.07
9.455173e-04,0.05
9.455175e-04,0.05
9.455177e-04,0.07
9.455179e-04,0.05
9.455181e-04,0.07
9.455183e-04,0.05
9.455185e-04,0.05
9.455187e-04,0.05
9.455189e-04,0.03
9.455191e-04,0.05
9.455193e-04,0.03
9.455195e-04,0.07
9.455197e-04,0.05
9.455199e-04,0.05
9.455201e-04,0.05
9.455203e-04,0.05
9.455205e-04,0.05
9.455207e-04,0.05
9.455209e-04,0.03
9.455211e-04,0.07
9.455213e-04,0.05
9.455215e-04,0.09
9.455217e-04,0.05
9.455219e-04,0.03
9.455221e-04,0.05
9.455223e-04,0.05
9.455225e-04,0.05
9.455227e-04,0.05
9.455229e-04,0.03
9.455231e-04,0.05
9.455233e-04,0.07
9.455235e-04,0.05
9.455237e-04,0.03
9.455239e-04,0.05
9.455241e-04,0.05
9.455243e-04,0.05
9.455245e-04,0.05
9.455247e-04,0.05
9.455249e-04,0.05
9.455251e-04,0.05
9.455253e-04,0.05
9.455255e-04,0.05
9.455257e-04,0.05
9.455259e-04,0.07
9.455261e-04,0.03
9.455263e-04,0.07
9.455265e-04,0.07
9.455267e-04,0.07
9.455269e-04,0.05
9.455271e-04,0.05
9.455273e-04,0.03
9.455275e-04,0.03
9.455277e-04,0.03
9.455279e-04,0.03
9.455281e-04,0.05
9.455283e-04,0.05
9.455285e-04,0.05
9.455287e-04,0.05
9.455289e-04,0.05
9.455291e-04,0.05
9.455293e-04,0.07
9.455295e-04,0.07
9.455297e-04,0.05
9.455299e-04,0.07
9.455301e-04,0.05
9.455303e-04,0.03
9.455305e-04,0.05
9.455307e-04,0.05
9.455309e-04,0.07
9.455311e-04,0.05
9.455313e-04,0.05
9.455315e-04,0.05
9.455317e-04,0.07
9.455319e-04,0.07
9.455321e-04,0.03
9.455323e-04,0.05
9.455325e-04,0.03
9.455327e-04,0.05
9.455329e-04,0.05
9.455331e-04,0.05
9.455333e-04,0.05
9.455335e-04,0.05
9.455337e-04,0.03
9.455339e-04,0.01
9.455341e-04,0.05
9.455343e-04,0.03
9.455345e-04,0.05
9.455347e-04,0.05
9.455349e-04,0.07
9.455351e-04,0.07
9.455353e-04,0.05
9.455355e-04,0.01
9.455357e-04,0.03
9.455359e-04,0.03
9.455361e-04,0.05
9.455363e-04,0.01
9.455365e-04,0.05
9.455367e-04,0.03
9.455369e-04,0.05
9.455371e-04,0.03
9.455373e-04,0.03
9.455375e-04,0.07
9.455377e-04,0.05
9.455379e-04,0.05
9.455381e-04,0.07
9.455383e-04,0.05
9.455385e-04,0.03
9.455387e-04,0.05
9.455389e-04,0.05
9.455391e-04,0.05
9.455393e-04,0.05
9.455395e-04,0.05
9.455397e-04,0.07
9.455399e-04,0.07
9.455401e-04,0.05
9.455403e-04,0.03
9.455405e-04,0.05
9.455407e-04,0.05
9.455409e-04,0.05
9.455411e-04,0.07
9.455413e-04,0.05
9.455415e-04,0.03
9.455417e-04,0.05
9.455419e-04,0.03
9.455421e-04,0.05
9.455423e-04,0.07
9.455425e-04,0.05
9.455427e-04,0.03
9.455429e-04,0.03
9.455431e-04,0.05
9.455433e-04,0.01
9.455435e-04,0.01
9.455437e-04,0.05
9.455439e-04,0.05
9.455441e-04,0.09
9.455443e-04,0.05
9.455445e-04,0.05
9.455447e-04,0.03
9.455449e-04,0.05
9.455451e-04,0.03
9.455453e-04,0.05
9.455455e-04,0.05
9.455457e-04,0.05
9.455459e-04,0.07
9.455461e-04,0.05
9.455463e-04,0.03
9.455465e-04,0.07
9.455467e-04,0.07
9.455469e-04,0.05
9.455471e-04,0.05
9.455473e-04,0.05
9.455475e-04,0.05
9.455477e-04,0.03
9.455479e-04,0.03
9.455481e-04,0.01
9.455483e-04,0.05
9.455485e-04,0.07
9.455487e-04,0.05
9.455489e-04,0.03
9.455491e-04,0.07
9.455493e-04,0.05
9.455495e-04,0.05
9.455497e-04,0.05
9.455499e-04,0.07
9.455501e-04,0.05
9.455503e-04,0.03
9.455505e-04,0.05
9.455507e-04,0.07
9.455509e-04,0.07
9.455511e-04,0.05
9.455513e-04,0.05
9.455515e-04,0.05
9.455517e-04,0.03
9.455519e-04,0.03
9.455521e-04,0.05
9.455523e-04,0.05
9.455525e-04,0.05
9.455527e-04,0.01
9.455529e-04,0.05
9.455531e-04,0.07
9.455533e-04,0.05
9.455535e-04,0.05
9.455537e-04,0.05
9.455539e-04,0.05
9.455541e-04,0.05
9.455543e-04,0.03
9.455545e-04,0.05
9.455547e-04,0.05
9.455549e-04,0.05
9.455551e-04,0.05
9.455553e-04,0.07
9.455555e-04,0.07
9.455557e-04,0.09
9.455559e-04,0.03
9.455561e-04,0.05
9.455563e-04,0.05
9.455565e-04,0.05
9.455567e-04,0.05
9.455569e-04,0.03
9.455571e-04,0.05
9.455573e-04,0.05
9.455575e-04,0.03
9.455577e-04,0.05
9.455579e-04,0.07
9.455581e-04,0.05
9.455583e-04,0.05
9.455585e-04,0.05
9.455587e-04,0.05
9.455589e-04,0.07
9.455591e-04,0.07
9.455593e-04,0.03
9.455595e-04,0.03
9.455597e-04,0.05
9.455599e-04,0.05
9.455601e-04,0.07
9.455603e-04,0.05
9.455605e-04,0.03
9.455607e-04,0.03
9.455609e-04,0.07
9.455611e-04,0.05
9.455613e-04,0.05
9.455615e-04,0.05
9.455617e-04,0.07
9.455619e-04,0.05
9.455621e-04,0.05
9.455623e-04,0.03
9.455625e-04,0.03
9.455627e-04,0.07
9.455629e-04,0.05
9.455631e-04,0.05
9.455633e-04,0.05
9.455635e-04,0.03
9.455637e-04,0.05
9.455639e-04,0.05
9.455641e-04,0.03
9.455643e-04,0.03
9.455645e-04,0.03
9.455647e-04,0.05
9.455649e-04,0.05
9.455651e-04,0.03
9.455653e-04,0.01
9.455655e-04,0.01
9.455657e-04,0.03
9.455659e-04,0.03
9.455661e-04,0.03
9.455663e-04,0.03
9.455665e-04,0.01
9.455667e-04,0.03
9.455669e-04,0.05
9.455671e-04,0.05
9.455673e-04,0.03
9.455675e-04,0.03
9.455677e-04,0.03
9.455679e-04,0.03
9.455681e-04,0.05
9.455683e-04,0.03
9.455685e-04,0.05
9.455687e-04,0.07
9.455689e-04,0.09
9.455691e-04,0.05
9.455693e-04,0.05
9.455695e-04,0.05
9.455697e-04,0.03
9.455699e-04,0.03
9.455701e-04,0.03
9.455703e-04,0.05
9.455705e-04,0.05
9.455707e-04,0.05
9.455709e-04,0.05
9.455711e-04,0.05
9.455713e-04,0.03
9.455715e-04,0.07
9.455717e-04,0.05
9.455719e-04,0.03
9.455721e-04,0.07
9.455723e-04,0.05
9.455725e-04,0.05
9.455727e-04,0.05
9.455729e-04,0.05
9.455731e-04,0.05
9.455733e-04,0.05
9.455735e-04,0.01
9.455737e-04,0.03
9.455739e-04,0.03
9.455741e-04,0.05
9.455743e-04,0.05
9.455745e-04,0.05
9.455747e-04,0.05
9.455749e-04,0.05
9.455751e-04,0.05
9.455753e-04,0.05
9.455755e-04,0.05
9.455757e-04,0.03
9.455759e-04,0.05
9.455761e-04,0.03
9.455763e-04,0.07
9.455765e-04,0.05
9.455767e-04,0.03
9.455769e-04,0.05
9.455771e-04,0.03
9.455773e-04,0.03
9.455775e-04,0.03
9.455777e-04,0.05
9.455779e-04,0.05
9.455781e-04,0.03
9.455783e-04,0.05
9.455785e-04,0.03
9.455787e-04,0.05
9.455789e-04,0.05
9.455791e-04,0.05
9.455793e-04,0.05
9.455795e-04,0.05
9.455797e-04,0.05
9.455799e-04,0.05
9.455801e-04,0.05
9.455803e-04,0.05
9.455805e-04,0.05
9.455807e-04,0.05
9.455809e-04,0.05
9.455811e-04,0.05
9.455813e-04,0.05
9.455815e-04,0.03
9.455817e-04,0.05
9.455819e-04,0.05
9.455821e-04,0.03
9.455823e-04,0.05
9.455825e-04,0.05
9.455827e-04,0.03
9.455829e-04,0.03
9.455831e-04,0.05
9.455833e-04,0.05
9.455835e-04,0.05
9.455837e-04,0.03
9.455839e-04,0.03
9.455841e-04,0.05
9.455843e-04,0.05
9.455845e-04,0.05
9.455847e-04,0.03
9.455849e-04,0.05
9.455851e-04,0.05
9.455853e-04,0.05
9.455855e-04,0.05
9.455857e-04,0.05
9.455859e-04,0.03
9.455861e-04,0.05
9.455863e-04,0.07
9.455865e-04,0.03
9.455867e-04,0.05
9.455869e-04,0.05
9.455871e-04,0.05
9.455873e-04,0.05
9.455875e-04,0.03
9.455877e-04,0.03
9.455879e-04,0.03
9.455881e-04,0.05
9.455883e-04,0.09
9.455885e-04,0.05
9.455887e-04,0.05
9.455889e-04,0.05
9.455891e-04,0.05
9.455893e-04,0.05
9.455895e-04,0.03
9.455897e-04,0.07
9.455899e-04,0.03
9.455901e-04,0.03
9.455903e-04,0.01
9.455905e-04,0.03
9.455907e-04,0.03
9.455909e-04,0.03
9.455911e-04,0.05
9.455913e-04,0.05
9.455915e-04,0.05
9.455917e-04,0.07
9.455919e-04,0.05
9.455921e-04,0.05
9.455923e-04,0.05
9.455925e-04,0.07
9.455927e-04,0.05
9.455929e-04,0.01
9.455931e-04,0.05
9.455933e-04,0.05
9.455935e-04,0.03
9.455937e-04,0.05
9.455939e-04,0.05
9.455941e-04,0.05
9.455943e-04,0.01
9.455945e-04,0.05
9.455947e-04,0.05
9.455949e-04,0.03
9.455951e-04,0.05
9.455953e-04,0.05
9.455955e-04,0.05
9.455957e-04,0.05
9.455959e-04,0.03
9.455961e-04,0.05
9.455963e-04,0.03
9.455965e-04,0.03
9.455967e-04,0.05
9.455969e-04,0.07
9.455971e-04,0.05
9.455973e-04,0.05
9.455975e-04,0.05
9.455977e-04,0.07
9.455979e-04,0.05
9.455981e-04,0.03
9.455983e-04,0.01
9.455985e-04,0.03
9.455987e-04,0.03
9.455989e-04,0.01
9.455991e-04,0.01
9.455993e-04,0.05
9.455995e-04,0.05
9.455997e-04,0.05
9.455999e-04,0.05
9.456001e-04,0.03
9.456003e-04,0.01
9.456005e-04,0.03
9.456007e-04,0.05
9.456009e-04,0.01
9.456011e-04,0.05
9.456013e-04,0.05
9.456015e-04,0.03
9.456017e-04,0.05
9.456019e-04,0.05
9.456021e-04,0.05
9.456023e-04,0.03
9.456025e-04,0.05
9.456027e-04,0.05
9.456029e-04,0.05
9.456031e-04,0.05
9.456033e-04,0.05
9.456035e-04,0.05
9.456037e-04,0.03
9.456039e-04,0.07
9.456041e-04,0.05
9.456043e-04,0.07
9.456045e-04,0.05
9.456047e-04,0.05
9.456049e-04,0.05
9.456051e-04,0.05
9.456053e-04,0.05
9.456055e-04,0.03
9.456057e-04,0.03
9.456059e-04,0.03
9.456061e-04,0.07
9.456063e-04,0.05
9.456065e-04,0.05
9.456067e-04,0.03
9.456069e-04,0.03
9.456071e-04,0.05
9.456073e-04,0.03
9.456075e-04,0.05
9.456077e-04,0.03
9.456079e-04,0.03
9.456081e-04,0.03
9.456083e-04,0.05
9.456085e-04,0.03
9.456087e-04,0.03
9.456089e-04,0.01
9.456091e-04,0.03
9.456093e-04,0.05
9.456095e-04,0.05
9.456097e-04,0.05
9.456099e-04,0.05
9.456101e-04,0.05
9.456103e-04,0.05
9.456105e-04,0.03
9.456107e-04,0.03
9.456109e-04,0.05
9.456111e-04,0.03
9.456113e-04,0.03
9.456115e-04,0.05
9.456117e-04,0.07
9.456119e-04,0.05
9.456121e-04,0.03
9.456123e-04,0.05
9.456125e-04,0.05
9.456127e-04,0.03
9.456129e-04,0.05
9.456131e-04,0.09
9.456133e-04,0.05
9.456135e-04,0.05
9.456137e-04,0.03
9.456139e-04,0.05
9.456141e-04,0.03
9.456143e-04,0.05
9.456145e-04,0.05
9.456147e-04,0.03
9.456149e-04,0.05
9.456151e-04,0.03
9.456153e-04,0.05
9.456155e-04,0.05
9.456157e-04,0.05
9.456159e-04,0.05
9.456161e-04,0.05
9.456163e-04,0.05
9.456165e-04,0.05
9.456167e-04,0.05
9.456169e-04,0.05
9.456171e-04,0.05
9.456173e-04,0.03
9.456175e-04,0.07
9.456177e-04,0.03
9.456179e-04,0.03
9.456181e-04,0.03
9.456183e-04,0.03
9.456185e-04,0.07
9.456187e-04,0.05
9.456189e-04,0.05
9.456191e-04,0.07
9.456193e-04,0.03
9.456195e-04,0.03
9.456197e-04,0.03
9.456199e-04,0.03
9.456201e-04,0.03
9.456203e-04,0.03
9.456205e-04,0.05
9.456207e-04,0.05
9.456209e-04,0.07
9.456211e-04,0.05
9.456213e-04,0.05
9.456215e-04,0.03
9.456217e-04,0.05
9.456219e-04,0.05
9.456221e-04,0.05
9.456223e-04,0.03
9.456225e-04,0.05
9.456227e-04,0.05
9.456229e-04,0.05
9.456231e-04,0.03
9.456233e-04,0.03
9.456235e-04,0.05
9.456237e-04,0.07
9.456239e-04,0.07
9.456241e-04,0.03
9.456243e-04,0.01
9.456245e-04,0.03
9.456247e-04,0.03
9.456249e-04,0.05
9.456251e-04,0.03
9.456253e-04,0.03
9.456255e-04,0.03
9.456257e-04,0.05
9.456259e-04,0.05
9.456261e-04,0.05
9.456263e-04,0.01
9.456265e-04,0.01
9.456267e-04,0.03
9.456269e-04,0.03
9.456271e-04,0.07
9.456273e-04,0.07
9.456275e-04,0.07
9.456277e-04,0.05
9.456279e-04,0.03
9.456281e-04,0.05
9.456283e-04,0.01
9.456285e-04,-0.01
9.456287e-04,0.03
9.456289e-04,0.03
9.456291e-04,0.03
9.456293e-04,0.03
9.456295e-04,0.03
9.456297e-04,0.03
9.456299e-04,0.05
9.456301e-04,0.05
9.456303e-04,0.05
9.456305e-04,0.05
9.456307e-04,0.03
9.456309e-04,0.05
9.456311e-04,0.07
9.456313e-04,0.05
9.456315e-04,0.07
9.456317e-04,0.05
9.456319e-04,0.05
9.456321e-04,0.03
9.456323e-04,0.03
9.456325e-04,0.03
9.456327e-04,0.05
9.456329e-04,0.05
9.456331e-04,0.03
9.456333e-04,0.01
9.456335e-04,0.03
9.456337e-04,0.05
9.456339e-04,0.05
9.456341e-04,0.05
9.456343e-04,0.01
9.456345e-04,0.05
9.456347e-04,0.03
9.456349e-04,0.05
9.456351e-04,0.03
9.456353e-04,0.05
9.456355e-04,0.03
9.456357e-04,0.03
9.456359e-04,0.03
9.456361e-04,0.03
9.456363e-04,0.03
9.456365e-04,0.03
9.456367e-04,0.01
9.456369e-04,0.01
9.456371e-04,0.03
9.456373e-04,0.03
9.456375e-04,0.05
9.456377e-04,0.05
9.456379e-04,0.03
9.456381e-04,0.05
9.456383e-04,0.03
9.456385e-04,0.03
9.456387e-04,0.01
9.456389e-04,0.03
9.456391e-04,0.05
9.456393e-04,0.05
9.456395e-04,0.05
9.456397e-04,0.05
9.456399e-04,0.05
9.456401e-04,0.05
9.456403e-04,0.05
9.456405e-04,0.05
9.456407e-04,0.03
9.456409e-04,0.03
9.456411e-04,0.03
9.456413e-04,0.03
9.456415e-04,0.07
9.456417e-04,0.03
9.456419e-04,0.03
9.456421e-04,0.03
9.456423e-04,0.05
9.456425e-04,0.03
9.456427e-04,0.03
9.456429e-04,0.05
9.456431e-04,0.05
9.456433e-04,0.07
9.456435e-04,0.01
9.456437e-04,0.05
9.456439e-04,0.03
9.456441e-04,0.03
9.456443e-04,0.01
9.456445e-04,0.03
9.456447e-04,0.05
9.456449e-04,0.03
9.456451e-04,0.05
9.456453e-04,0.05
9.456455e-04,0.05
9.456457e-04,0.01
9.456459e-04,0.03
9.456461e-04,0.01
9.456463e-04,0.03
9.456465e-04,0.07
9.456467e-04,0.05
9.456469e-04,0.05
9.456471e-04,0.05
9.456473e-04,0.03
9.456475e-04,0.03
9.456477e-04,0.03
9.456479e-04,0.03
9.456481e-04,0.05
9.456483e-04,0.05
9.456485e-04,0.03
9.456487e-04,0.03
9.456489e-04,0.05
9.456491e-04,0.03
9.456493e-04,0.03
9.456495e-04,0.05
9.456497e-04,0.05
9.456499e-04,0.03
9.456501e-04,0.05
9.456503e-04,0.03
9.456505e-04,0.03
9.456507e-04,0.03
9.456509e-04,0.05
9.456511e-04,0.03
9.456513e-04,0.03
9.456515e-04,0.01
9.456517e-04,0.03
9.456519e-04,0.03
9.456521e-04,0.03
9.456523e-04,0.01
9.456525e-04,0.03
9.456527e-04,0.05
9.456529e-04,0.05
9.456531e-04,0.05
9.456533e-04,0.03
9.456535e-04,0.03
9.456537e-04,0.03
9.456539e-04,0.05
9.456541e-04,0.05
9.456543e-04,0.05
9.456545e-04,0.05
9.456547e-04,0.05
9.456549e-04,0.05
9.456551e-04,0.07
9.456553e-04,0.03
9.456555e-04,0.01
9.456557e-04,0.01
9.456559e-04,0.03
9.456561e-04,0.03
9.456563e-04,0.05
9.456565e-04,0.03
9.456567e-04,0.03
9.456569e-04,0.03
9.456571e-04,0.05
9.456573e-04,0.07
9.456575e-04,0.05
9.456577e-04,0.05
9.456579e-04,0.07
9.456581e-04,0.01
9.456583e-04,0.03
9.456585e-04,0.05
9.456587e-04,0.07
9.456589e-04,0.07
9.456591e-04,0.07
9.456593e-04,0.05
9.456595e-04,0.07
9.456597e-04,0.03
9.456599e-04,0.03
9.456601e-04,0.05
9.456603e-04,0.03
9.456605e-04,0.05
9.456607e-04,0.03
9.456609e-04,0.03
9.456611e-04,0.05
9.456613e-04,0.05
9.456615e-04,0.03
9.456617e-04,0.03
9.456619e-04,0.05
9.456621e-04,0.05
9.456623e-04,0.03
9.456625e-04,0.05
9.456627e-04,0.03
9.456629e-04,0.03
9.456631e-04,0.05
9.456633e-04,0.05
9.456635e-04,0.05
9.456637e-04,0.05
9.456639e-04,0.03
9.456641e-04,0.03
9.456643e-04,0.05
9.456645e-04,0.05
9.456647e-04,0.05
9.456649e-04,0.03
9.456651e-04,0.05
9.456653e-04,0.03
9.456655e-04,0.05
9.456657e-04,0.05
9.456659e-04,0.03
9.456661e-04,0.05
9.456663e-04,0.05
9.456665e-04,0.03
9.456667e-04,0.03
9.456669e-04,0.05
9.456671e-04,0.05
9.456673e-04,0.05
9.456675e-04,0.05
9.456677e-04,0.03
9.456679e-04,0.05
9.456681e-04,0.05
9.456683e-04,0.05
9.456685e-04,0.03
9.456687e-04,0.05
9.456689e-04,0.05
9.456691e-04,0.03
9.456693e-04,0.01
9.456695e-04,-0.01
9.456697e-04,0.05
9.456699e-04,0.05
9.456701e-04,0.03
9.456703e-04,0.03
9.456705e-04,0.01
9.456707e-04,0.01
9.456709e-04,0.03
9.456711e-04,0.05
9.456713e-04,0.03
9.456715e-04,0.01
9.456717e-04,0.03
9.456719e-04,0.05
9.456721e-04,0.05
9.456723e-04,0.05
9.456725e-04,0.05
9.456727e-04,0.05
9.456729e-04,0.05
9.456731e-04,0.09
9.456733e-04,0.05
9.456735e-04,0.05
9.456737e-04,0.03
9.456739e-04,0.03
9.456741e-04,0.03
9.456743e-04,0.03
9.456745e-04,0.03
9.456747e-04,0.05
9.456749e-04,0.05
9.456751e-04,0.05
9.456753e-04,0.03
9.456755e-04,0.05
9.456757e-04,0.05
9.456759e-04,0.03
9.456761e-04,0.03
9.456763e-04,0.03
9.456765e-04,0.03
9.456767e-04,0.05
9.456769e-04,0.01
9.456771e-04,0.03
9.456773e-04,0.03
9.456775e-04,0.05
9.456777e-04,0.05
9.456779e-04,0.05
9.456781e-04,0.03
9.456783e-04,0.03
9.456785e-04,0.05
9.456787e-04,0.05
9.456789e-04,0.05
9.456791e-04,0.05
9.456793e-04,0.01
9.456795e-04,0.03
9.456797e-04,0.03
9.456799e-04,0.05
9.456801e-04,0.07
9.456803e-04,0.07
9.456805e-04,0.07
9.456807e-04,0.05
9.456809e-04,0.05
9.456811e-04,0.07
9.456813e-04,0.07
9.456815e-04,0.05
9.456817e-04,0.03
9.456819e-04,0.03
9.456821e-04,0.05
9.456823e-04,0.07
9.456825e-04,0.05
9.456827e-04,0.05
9.456829e-04,0.03
9.456831e-04,0.03
9.456833e-04,0.03
9.456835e-04,0.05
9.456837e-04,0.03
9.456839e-04,0.03
9.456841e-04,0.01
9.456843e-04,0.01
9.456845e-04,0.03
9.456847e-04,0.05
9.456849e-04,0.05
9.456851e-04,0.05
9.456853e-04,0.05
9.456855e-04,0.03
9.456857e-04,0.01
9.456859e-04,0.03
9.456861e-04,0.01
9.456863e-04,0.03
9.456865e-04,0.03
9.456867e-04,0.03
9.456869e-04,0.03
9.456871e-04,0.05
9.456873e-04,0.03
9.456875e-04,0.03
9.456877e-04,0.03
9.456879e-04,0.03
9.456881e-04,0.01
9.456883e-04,0.05
9.456885e-04,0.05
9.456887e-04,0.09
9.456889e-04,0.03
9.456891e-04,0.05
9.456893e-04,0.01
9.456895e-04,0.05
9.456897e-04,0.05
9.456899e-04,0.05
9.456901e-04,0.05
9.456903e-04,0.03
9.456905e-04,0.05
9.456907e-04,0.03
9.456909e-04,0.03
9.456911e-04,0.05
9.456913e-04,0.05
9.456915e-04,0.05
9.456917e-04,0.03
9.456919e-04,0.05
9.456921e-04,0.05
9.456923e-04,0.03
9.456925e-04,0.03
9.456927e-04,0.05
9.456929e-04,0.05
9.456931e-04,0.07
9.456933e-04,0.05
9.456935e-04,0.05
9.456937e-04,0.03
9.456939e-04,0.01
9.456941e-04,0.05
9.456943e-04,0.05
9.456945e-04,0.03
9.456947e-04,0.03
9.456949e-04,0.05
9.456951e-04,0.05
9.456953e-04,0.05
9.456955e-04,0.03
9.456957e-04,0.03
9.456959e-04,0.03
9.456961e-04,0.05
9.456963e-04,0.03
9.456965e-04,0.03
9.456967e-04,0.07
9.456969e-04,0.03
9.456971e-04,0.03
9.456973e-04,0.03
9.456975e-04,0.03
9.456977e-04,0.03
9.456979e-04,0.03
9.456981e-04,0.05
9.456983e-04,0.05
9.456985e-04,0.05
9.456987e-04,0.05
9.456989e-04,0.05
9.456991e-04,0.07
9.456993e-04,0.05
9.456995e-04,0.03
9.456997e-04,0.05
9.456999e-04,0.03
9.457001e-04,0.03
9.457003e-04,0.03
9.457005e-04,0.03
9.457007e-04,0.05
9.457009e-04,0.05
9.457011e-04,0.03
9.457013e-04,0.03
9.457015e-04,0.03
9.457017e-04,0.05
9.457019e-04,0.05
9.457021e-04,0.03
9.457023e-04,0.03
9.457025e-04,0.03
9.457027e-04,0.05
9.457029e-04,0.05
9.457031e-04,0.03
9.457033e-04,0.05
9.457035e-04,0.03
9.457037e-04,0.03
9.457039e-04,0.03
9.457041e-04,0.03
9.457043e-04,0.03
9.457045e-04,0.07
9.457047e-04,0.03
9.457049e-04,0.01
9.457051e-04,0.03
9.457053e-04,0.05
9.457055e-04,0.05
9.457057e-04,0.05
9.457059e-04,0.03
9.457061e-04,0.05
9.457063e-04,0.05
9.457065e-04,0.07
9.457067e-04,0.05
9.457069e-04,0.07
9.457071e-04,0.07
9.457073e-04,0.03
9.457075e-04,0.03
9.457077e-04,0.05
9.457079e-04,0.03
9.457081e-04,0.01
9.457083e-04,0.05
9.457085e-04,0.03
9.457087e-04,0.03
9.457089e-04,0.03
9.457091e-04,0.03
9.457093e-04,0.01
9.457095e-04,0.03
9.457097e-04,0.03
9.457099e-04,0.03
9.457101e-04,0.01
9.457103e-04,0.01
9.457105e-04,0.03
9.457107e-04,0.05
9.457109e-04,0.05
9.457111e-04,0.05
9.457113e-04,0.05
9.457115e-04,0.05
9.457117e-04,0.03
9.457119e-04,0.03
9.457121e-04,0.05
9.457123e-04,0.05
9.457125e-04,0.05
9.457127e-04,0.05
9.457129e-04,0.03
9.457131e-04,0.05
9.457133e-04,0.03
9.457135e-04,0.05
9.457137e-04,0.03
9.457139e-04,0.05
9.457141e-04,0.03
9.457143e-04,0.07
9.457145e-04,0.01
9.457147e-04,0.05
9.457149e-04,0.03
9.457151e-04,0.03
9.457153e-04,0.03
9.457155e-04,0.01
9.457157e-04,0.03
9.457159e-04,0.03
9.457161e-04,0.03
9.457163e-04,0.03
9.457165e-04,0.03
9.457167e-04,0.05
9.457169e-04,0.05
9.457171e-04,0.03
9.457173e-04,0.03
9.457175e-04,0.03
9.457177e-04,0.05
9.457179e-04,0.05
9.457181e-04,0.03
9.457183e-04,0.03
9.457185e-04,0.03
9.457187e-04,0.05
9.457189e-04,0.03
9.457191e-04,0.09
9.457193e-04,0.07
9.457195e-04,0.05
9.457197e-04,0.05
9.457199e-04,0.05
9.457201e-04,0.03
9.457203e-04,0.05
9.457205e-04,0.03
9.457207e-04,0.05
9.457209e-04,0.05
9.457211e-04,0.03
9.457213e-04,0.03
9.457215e-04,0.05
9.457217e-04,0.05
9.457219e-04,0.05
9.457221e-04,0.05
9.457223e-04,0.05
9.457225e-04,0.05
9.457227e-04,0.05
9.457229e-04,0.05
9.457231e-04,0.07
9.457233e-04,0.03
9.457235e-04,0.03
9.457237e-04,0.03
9.457239e-04,0.07
9.457241e-04,0.03
9.457243e-04,0.05
9.457245e-04,0.03
9.457247e-04,0.03
9.457249e-04,0.07
9.457251e-04,0.05
9.457253e-04,0.01
9.457255e-04,0.03
9.457257e-04,0.05
9.457259e-04,0.03
9.457261e-04,0.03
9.457263e-04,0.03
9.457265e-04,0.03
9.457267e-04,0.05
9.457269e-04,0.03
9.457271e-04,0.03
9.457273e-04,0.03
9.457275e-04,0.05
9.457277e-04,0.03
9.457279e-04,0.01
9.457281e-04,0.03
9.457283e-04,0.03
9.457285e-04,0.03
9.457287e-04,0.05
9.457289e-04,0.03
9.457291e-04,0.05
9.457293e-04,0.05
9.457295e-04,0.05
9.457297e-04,0.05
9.457299e-04,0.05
9.457301e-04,0.03
9.457303e-04,0.03
9.457305e-04,0.03
9.457307e-04,0.05
9.457309e-04,0.05
9.457311e-04,0.05
9.457313e-04,0.03
9.457315e-04,0.05
9.457317e-04,0.05
9.457319e-04,0.03
9.457321e-04,0.05
9.457323e-04,0.05
9.457325e-04,0.03
9.457327e-04,0.03
9.457329e-04,0.03
9.457331e-04,0.01
9.457333e-04,0.03
9.457335e-04,0.03
9.457337e-04,0.03
9.457339e-04,0.03
9.457341e-04,-0.01
9.457343e-04,0.01
9.457345e-04,0.03
9.457347e-04,0.01
9.457349e-04,0.03
9.457351e-04,0.03
9.457353e-04,0.01
9.457355e-04,0.03
9.457357e-04,0.03
9.457359e-04,0.03
9.457361e-04,0.03
9.457363e-04,0.05
9.457365e-04,0.05
9.457367e-04,0.05
9.457369e-04,0.03
9.457371e-04,0.05
9.457373e-04,0.05
9.457375e-04,0.05
9.457377e-04,0.03
9.457379e-04,0.03
9.457381e-04,0.03
9.457383e-04,0.05
9.457385e-04,0.03
9.457387e-04,0.03
9.457389e-04,0.03
9.457391e-04,0.05
9.457393e-04,0.03
9.457395e-04,0.05
9.457397e-04,0.05
9.457399e-04,0.05
9.457401e-04,0.05
9.457403e-04,0.05
9.457405e-04,0.05
9.457407e-04,0.05
9.457409e-04,0.03
9.457411e-04,0.03
9.457413e-04,0.05
9.457415e-04,0.03
9.457417e-04,0.03
9.457419e-04,0.05
9.457421e-04,0.05
9.457423e-04,0.05
9.457425e-04,0.05
9.457427e-04,0.05
9.457429e-04,0.03
9.457431e-04,0.05
9.457433e-04,0.05
9.457435e-04,0.03
9.457437e-04,0.03
9.457439e-04,0.01
9.457441e-04,0.05
9.457443e-04,0.05
9.457445e-04,0.03
9.457447e-04,0.03
9.457449e-04,0.01
9.457451e-04,0.03
9.457453e-04,0.05
9.457455e-04,0.05
9.457457e-04,0.03
9.457459e-04,0.03
9.457461e-04,0.03
9.457463e-04,0.03
9.457465e-04,0.03
9.457467e-04,0.05
9.457469e-04,0.05
9.457471e-04,0.05
9.457473e-04,0.03
9.457475e-04,0.05
9.457477e-04,0.05
9.457479e-04,0.03
9.457481e-04,0.03
9.457483e-04,0.05
9.457485e-04,0.05
9.457487e-04,0.03
9.457489e-04,0.01
9.457491e-04,0.03
9.457493e-04,0.01
9.457495e-04,0.03
9.457497e-04,0.05
9.457499e-04,-0.01
9.457501e-04,0.01
9.457503e-04,0.03
9.457505e-04,0.03
9.457507e-04,0.03
9.457509e-04,0.05
9.457511e-04,0.03
9.457513e-04,0.05
9.457515e-04,0.07
9.457517e-04,0.05
9.457519e-04,0.05
9.457521e-04,0.03
9.457523e-04,0.03
9.457525e-04,0.03
9.457527e-04,0.03
9.457529e-04,0.05
9.457531e-04,0.03
9.457533e-04,0.05
9.457535e-04,0.05
9.457537e-04,0.07
9.457539e-04,0.05
9.457541e-04,0.05
9.457543e-04,0.07
9.457545e-04,0.07
9.457547e-04,0.03
9.457549e-04,0.03
9.457551e-04,0.03
9.457553e-04,0.01
9.457555e-04,0.03
9.457557e-04,0.05
9.457559e-04,0.05
9.457561e-04,0.05
9.457563e-04,0.01
9.457565e-04,0.03
9.457567e-04,0.03
9.457569e-04,0.03
9.457571e-04,0.03
9.457573e-04,0.03
9.457575e-04,0.03
9.457577e-04,0.03
9.457579e-04,0.05
9.457581e-04,0.05
9.457583e-04,0.03
9.457585e-04,0.03
9.457587e-04,0.01
9.457589e-04,0.05
9.457591e-04,0.05
9.457593e-04,0.05
9.457595e-04,0.03
9.457597e-04,0.05
9.457599e-04,0.05
9.457601e-04,0.03
9.457603e-04,0.03
9.457605e-04,0.03
9.457607e-04,0.03
9.457609e-04,0.05
9.457611e-04,0.03
9.457613e-04,0.05
9.457615e-04,0.03
9.457617e-04,0.05
9.457619e-04,0.05
9.457621e-04,0.03
9.457623e-04,0.03
9.457625e-04,0.03
9.457627e-04,0.03
9.457629e-04,0.05
9.457631e-04,0.05
9.457633e-04,0.05
9.457635e-04,0.03
9.457637e-04,0.05
9.457639e-04,0.03
9.457641e-04,0.03
9.457643e-04,0.03
9.457645e-04,0.07
9.457647e-04,0.05
9.457649e-04,0.03
9.457651e-04,0.01
9.457653e-04,0.05
9.457655e-04,0.05
9.457657e-04,0.03
9.457659e-04,0.03
9.457661e-04,-0.01
9.457663e-04,0.03
9.457665e-04,0.03
9.457667e-04,0.05
9.457669e-04,0.05
9.457671e-04,0.05
9.457673e-04,0.03
9.457675e-04,0.05
9.457677e-04,0.03
9.457679e-04,0.05
9.457681e-04,0.05
9.457683e-04,0.03
9.457685e-04,0.03
9.457687e-04,0.03
9.457689e-04,0.05
9.457691e-04,0.05
9.457693e-04,0.05
9.457695e-04,0.07
9.457697e-04,0.05
9.457699e-04,0.05
9.457701e-04,0.05
9.457703e-04,0.03
9.457705e-04,0.03
9.457707e-04,0.03
9.457709e-04,0.03
9.457711e-04,0.05
9.457713e-04,0.05
9.457715e-04,0.05
9.457717e-04,0.03
9.457719e-04,0.03
9.457721e-04,0.05
9.457723e-04,0.05
9.457725e-04,0.05
9.457727e-04,0.03
9.457729e-04,0.03
9.457731e-04,0.05
9.457733e-04,0.05
9.457735e-04,0.03
9.457737e-04,0.03
9.457739e-04,0.03
9.457741e-04,0.03
9.457743e-04,0.03
9.457745e-04,0.03
9.457747e-04,0.03
9.457749e-04,0.05
9.457751e-04,0.03
9.457753e-04,0.01
9.457755e-04,0.03
9.457757e-04,0.05
9.457759e-04,0.05
9.457761e-04,0.03
9.457763e-04,0.05
9.457765e-04,0.03
9.457767e-04,0.03
9.457769e-04,0.03
9.457771e-04,0.03
9.457773e-04,0.03
9.457775e-04,0.01
9.457777e-04,0.01
9.457779e-04,0.03
9.457781e-04,0.05
9.457783e-04,0.05
9.457785e-04,0.05
9.457787e-04,0.03
9.457789e-04,0.03
9.457791e-04,0.01
9.457793e-04,0.03
9.457795e-04,0.03
9.457797e-04,0.01
9.457799e-04,0.03
9.457801e-04,0.01
9.457803e-04,0.03
9.457805e-04,0.01
9.457807e-04,0.01
9.457809e-04,0.07
9.457811e-04,0.05
9.457813e-04,0.05
9.457815e-04,0.05
9.457817e-04,0.05
9.457819e-04,0.03
9.457821e-04,0.05
9.457823e-04,0.05
9.457825e-04,0.05
9.457827e-04,0.05
9.457829e-04,0.03
9.457831e-04,0.03
9.457833e-04,0.05
9.457835e-04,0.05
9.457837e-04,0.03
9.457839e-04,0.05
9.457841e-04,0.03
9.457843e-04,0.05
9.457845e-04,0.03
9.457847e-04,0.05
9.457849e-04,0.05
9.457851e-04,0.03
9.457853e-04,0.03
9.457855e-04,0.03
9.457857e-04,0.05
9.457859e-04,0.05
9.457861e-04,0.03
9.457863e-04,0.03
9.457865e-04,0.05
9.457867e-04,0.05
9.457869e-04,0.05
9.457871e-04,0.03
9.457873e-04,0.01
9.457875e-04,0.03
9.457877e-04,0.05
9.457879e-04,0.05
9.457881e-04,0.03
9.457883e-04,0.03
9.457885e-04,0.03
9.457887e-04,0.05
9.457889e-04,-0.01
9.457891e-04,0.01
9.457893e-04,0.03
9.457895e-04,0.03
9.457897e-04,0.03
9.457899e-04,0.05
9.457901e-04,0.05
9.457903e-04,0.05
9.457905e-04,0.05
9.457907e-04,0.01
9.457909e-04,0.05
9.457911e-04,0.03
9.457913e-04,0.03
9.457915e-04,0.03
9.457917e-04,0.01
9.457919e-04,0.03
9.457921e-04,0.03
9.457923e-04,0.03
9.457925e-04,0.05
9.457927e-04,0.03
9.457929e-04,0.03
9.457931e-04,0.03
9.457933e-04,0.03
9.457935e-04,0.05
9.457937e-04,0.05
9.457939e-04,0.03
9.457941e-04,-0.01
9.457943e-04,0.03
9.457945e-04,0.03
9.457947e-04,0.03
9.457949e-04,0.03
9.457951e-04,0.05
9.457953e-04,0.05
9.457955e-04,0.05
9.457957e-04,0.03
9.457959e-04,0.05
9.457961e-04,0.03
9.457963e-04,0.03
9.457965e-04,0.01
9.457967e-04,0.03
9.457969e-04,0.03
9.457971e-04,0.03
9.457973e-04,0.03
9.457975e-04,0.05
9.457977e-04,0.03
9.457979e-04,0.05
9.457981e-04,0.05
9.457983e-04,0.01
9.457985e-04,0.05
9.457987e-04,0.03
9.457989e-04,0.05
9.457991e-04,0.05
9.457993e-04,0.05
9.457995e-04,0.05
9.457997e-04,0.03
9.457999e-04,0.05
9.458001e-04,0.05
9.458003e-04,0.05
9.458005e-04,0.03
9.458007e-04,0.03
9.458009e-04,0.05
9.458011e-04,0.05
9.458013e-04,0.05
9.458015e-04,0.05
9.458017e-04,0.05
9.458019e-04,0.03
9.458021e-04,0.05
9.458023e-04,0.05
9.458025e-04,0.03
9.458027e-04,0.03
9.458029e-04,0.03
9.458031e-04,0.03
9.458033e-04,0.05
9.458035e-04,0.03
9.458037e-04,0.03
9.458039e-04,0.05
9.458041e-04,0.05
9.458043e-04,0.05
9.458045e-04,0.03
9.458047e-04,0.01
9.458049e-04,0.03
9.458051e-04,0.03
9.458053e-04,0.03
9.458055e-04,0.03
9.458057e-04,0.01
9.458059e-04,0.03
9.458061e-04,0.01
9.458063e-04,0.01
9.458065e-04,0.01
9.458067e-04,0.03
9.458069e-04,0.03
9.458071e-04,0.03
9.458073e-04,0.03
9.458075e-04,0.01
9.458077e-04,0.03
9.458079e-04,0.01
9.458081e-04,0.01
9.458083e-04,-0.01
9.458085e-04,-0.01
9.458087e-04,0.03
9.458089e-04,0.03
9.458091e-04,0.05
9.458093e-04,0.01
9.458095e-04,0.03
9.458097e-04,0.03
9.458099e-04,0.03
9.458101e-04,0.03
9.458103e-04,0.03
9.458105e-04,0.05
9.458107e-04,0.01
9.458109e-04,0.03
9.458111e-04,0.05
9.458113e-04,0.05
9.458115e-04,0.03
9.458117e-04,0.01
9.458119e-04,0.05
9.458121e-04,0.05
9.458123e-04,0.03
9.458125e-04,0.01
9.458127e-04,0.01
9.458129e-04,0.03
9.458131e-04,0.05
9.458133e-04,0.03
9.458135e-04,0.05
9.458137e-04,0.05
9.458139e-04,0.01
9.458141e-04,0.03
9.458143e-04,0.05
9.458145e-04,0.05
9.458147e-04,0.03
9.458149e-04,0.07
9.458151e-04,0.05
9.458153e-04,0.03
9.458155e-04,0.01
9.458157e-04,0.05
9.458159e-04,0.03
9.458161e-04,0.07
9.458163e-04,0.05
9.458165e-04,0.05
9.458167e-04,0.03
9.458169e-04,0.03
9.458171e-04,0.03
9.458173e-04,0.05
9.458175e-04,0.03
9.458177e-04,0.01
9.458179e-04,0.03
9.458181e-04,0.05
9.458183e-04,0.03
9.458185e-04,0.01
9.458187e-04,0.03
9.458189e-04,0.05
9.458191e-04,0.03
9.458193e-04,0.01
9.458195e-04,0.01
9.458197e-04,0.03
9.458199e-04,0.03
9.458201e-04,0.01
9.458203e-04,0.01
9.458205e-04,0.01
9.458207e-04,0.03
9.458209e-04,0.01
9.458211e-04,0.05
9.458213e-04,0.03
9.458215e-04,0.03
9.458217e-04,0.01
9.458219e-04,0.01
9.458221e-04,0.05
9.458223e-04,0.05
9.458225e-04,0.03
9.458227e-04,0.03
9.458229e-04,0.03
9.458231e-04,0.03
9.458233e-04,0.01
9.458235e-04,0.01
9.458237e-04,0.03
9.458239e-04,0.01
9.458241e-04,0.03
9.458243e-04,0.01
9.458245e-04,0.05
9.458247e-04,0.05
9.458249e-04,0.05
9.458251e-04,0.03
9.458253e-04,-0.01
9.458255e-04,0.05
9.458257e-04,0.05
9.458259e-04,0.05
9.458261e-04,0.05
9.458263e-04,0.03
9.458265e-04,-0.01
9.458267e-04,0.01
9.458269e-04,0.05
9.458271e-04,0.07
9.458273e-04,0.07
9.458275e-04,0.03
9.458277e-04,0.03
9.458279e-04,0.03
9.458281e-04,0.03
9.458283e-04,0.05
9.458285e-04,0.03
9.458287e-04,0.05
9.458289e-04,0.05
9.458291e-04,0.05
9.458293e-04,0.07
9.458295e-04,0.07
9.458297e-04,0.05
9.458299e-04,0.03
9.458301e-04,0.03
9.458303e-04,0.03
9.458305e-04,0.01
9.458307e-04,0.03
9.458309e-04,0.01
9.458311e-04,0.03
9.458313e-04,0.03
9.458315e-04,0.03
9.458317e-04,0.05
9.458319e-04,0.05
9.458321e-04,0.05
9.458323e-04,0.03
9.458325e-04,0.05
9.458327e-04,0.03
9.458329e-04,0.05
9.458331e-04,0.05
9.458333e-04,0.05
9.458335e-04,0.05
9.458337e-04,0.03
9.458339e-04,0.05
9.458341e-04,0.03
9.458343e-04,0.03
9.458345e-04,0.03
9.458347e-04,0.03
9.458349e-04,0.05
9.458351e-04,0.03
9.458353e-04,0.05
9.458355e-04,0.05
9.458357e-04,0.05
9.458359e-04,0.05
9.458361e-04,0.03
9.458363e-04,0.03
9.458365e-04,0.03
9.458367e-04,0.03
9.458369e-04,0.05
9.458371e-04,0.05
9.458373e-04,0.03
9.458375e-04,0.03
9.458377e-04,0.05
9.458379e-04,0.05
9.458381e-04,0.03
9.458383e-04,0.03
9.458385e-04,0.03
9.458387e-04,0.05
9.458389e-04,0.05
9.458391e-04,0.01
9.458393e-04,0.03
9.458395e-04,0.05
9.458397e-04,0.05
9.458399e-04,0.07
9.458401e-04,0.05
9.458403e-04,0.01
9.458405e-04,0.05
9.458407e-04,0.03
9.458409e-04,0.05
9.458411e-04,0.05
9.458413e-04,0.05
9.458415e-04,0.05
9.458417e-04,0.03
9.458419e-04,0.03
9.458421e-04,0.01
9.458423e-04,0.01
9.458425e-04,0.01
9.458427e-04,0.03
9.458429e-04,0.05
9.458431e-04,0.03
9.458433e-04,0.03
9.458435e-04,0.03
9.458437e-04,0.01
9.458439e-04,0.05
9.458441e-04,0.03
9.458443e-04,0.01
9.458445e-04,0.03
9.458447e-04,0.03
9.458449e-04,0.03
9.458451e-04,0.03
9.458453e-04,0.03
9.458455e-04,0.05
9.458457e-04,0.05
9.458459e-04,0.05
9.458461e-04,0.05
9.458463e-04,0.03
9.458465e-04,0.03
9.458467e-04,0.03
9.458469e-04,0.03
9.458471e-04,0.05
9.458473e-04,0.05
9.458475e-04,0.05
9.458477e-04,0.03
9.458479e-04,0.01
9.458481e-04,0.03
9.458483e-04,0.03
9.458485e-04,0.03
9.458487e-04,0.05
9.458489e-04,0.05
9.458491e-04,0.03
9.458493e-04,0.03
9.458495e-04,0.03
9.458497e-04,0.03
9.458499e-04,0.03
9.458501e-04,0.05
9.458503e-04,0.03
9.458505e-04,0.03
9.458507e-04,0.03
9.458509e-04,0.03
9.458511e-04,-0.01
9.458513e-04,0.03
9.458515e-04,0.03
9.458517e-04,0.03
9.458519e-04,0.03
9.458521e-04,0.07
9.458523e-04,0.05
9.458525e-04,0.03
9.458527e-04,0.05
9.458529e-04,0.03
9.458531e-04,0.05
9.458533e-04,0.05
9.458535e-04,0.05
9.458537e-04,0.05
9.458539e-04,0.03
9.458541e-04,0.01
9.458543e-04,0.01
9.458545e-04,0.03
9.458547e-04,0.03
9.458549e-04,0.03
9.458551e-04,0.05
9.458553e-04,0.05
9.458555e-04,0.03
9.458557e-04,0.05
9.458559e-04,0.03
9.458561e-04,0.03
9.458563e-04,0.05
9.458565e-04,0.05
9.458567e-04,0.03
9.458569e-04,0.03
9.458571e-04,0.03
9.458573e-04,0.05
9.458575e-04,0.03
9.458577e-04,0.01
9.458579e-04,0.03
9.458581e-04,0.01
9.458583e-04,0.03
9.458585e-04,0.03
9.458587e-04,0.05
9.458589e-04,-0.01
9.458591e-04,0.03
9.458593e-04,0.05
9.458595e-04,0.05
9.458597e-04,0.05
9.458599e-04,0.03
9.458601e-04,0.05
9.458603e-04,0.03
9.458605e-04,0.05
9.458607e-04,0.01
9.458609e-04,0.03
9.458611e-04,0.01
9.458613e-04,0.01
9.458615e-04,0.03
9.458617e-04,0.05
9.458619e-04,0.01
9.458621e-04,0.01
9.458623e-04,0.01
9.458625e-04,0.03
9.458627e-04,0.05
9.458629e-04,0.05
9.458631e-04,0.03
9.458633e-04,0.05
9.458635e-04,0.01
9.458637e-04,0.03
9.458639e-04,0.01
9.458641e-04,0.03
9.458643e-04,0.03
9.458645e-04,0.03
9.458647e-04,0.01
9.458649e-04,0.05
9.458651e-04,0.03
9.458653e-04,0.01
9.458655e-04,0.01
9.458657e-04,0.05
9.458659e-04,0.01
9.458661e-04,0.05
9.458663e-04,0.03
9.458665e-04,0.03
9.458667e-04,0.03
9.458669e-04,0.03
9.458671e-04,0.03
9.458673e-04,0.03
9.458675e-04,0.03
9.458677e-04,0.03
9.458679e-04,0.01
9.458681e-04,0.03
9.458683e-04,0.03
9.458685e-04,0.05
9.458687e-04,0.03
9.458689e-04,0.05
9.458691e-04,0.05
9.458693e-04,0.01
9.458695e-04,0.03
9.458697e-04,0.01
9.458699e-04,0.03
9.458701e-04,0.03
9.458703e-04,0.01
9.458705e-04,0.03
9.458707e-04,0.05
9.458709e-04,0.03
9.458711e-04,0.03
9.458713e-04,0.03
9.458715e-04,0.03
9.458717e-04,0.03
9.458719e-04,0.05
9.458721e-04,0.03
9.458723e-04,0.05
9.458725e-04,0.05
9.458727e-04,0.03
9.458729e-04,0.03
9.458731e-04,0.05
9.458733e-04,0.01
9.458735e-04,0.01
9.458737e-04,0.03
9.458739e-04,0.01
9.458741e-04,0.03
9.458743e-04,0.05
9.458745e-04,0.05
9.458747e-04,0.01
9.458749e-04,0.05
9.458751e-04,0.05
9.458753e-04,0.07
9.458755e-04,0.01
9.458757e-04,0.05
9.458759e-04,0.03
9.458761e-04,0.03
9.458763e-04,0.03
9.458765e-04,0.03
9.458767e-04,0.03
9.458769e-04,0.05
9.458771e-04,0.05
9.458773e-04,0.05
9.458775e-04,0.05
9.458777e-04,0.01
9.458779e-04,0.01
9.458781e-04,0.03
9.458783e-04,0.05
9.458785e-04,0.01
9.458787e-04,0.01
9.458789e-04,0.03
9.458791e-04,0.05
9.458793e-04,0.03
9.458795e-04,0.03
9.458797e-04,0.03
9.458799e-04,0.03
9.458801e-04,0.01
9.458803e-04,0.01
9.458805e-04,0.03
9.458807e-04,0.05
9.458809e-04,0.03
9.458811e-04,0.05
9.458813e-04,0.03
9.458815e-04,0.03
9.458817e-04,0.01
9.458819e-04,0.01
9.458821e-04,0.03
9.458823e-04,0.05
9.458825e-04,0.05
9.458827e-04,0.03
9.458829e-04,0.03
9.458831e-04,0.05
9.458833e-04,0.09
9.458835e-04,0.07
9.458837e-04,0.03
9.458839e-04,0.03
9.458841e-04,0.03
9.458843e-04,0.01
9.458845e-04,0.03
9.458847e-04,0.01
9.458849e-04,0.05
9.458851e-04,0.03
9.458853e-04,0.03
9.458855e-04,0.05
9.458857e-04,0.05
9.458859e-04,0.05
9.458861e-04,0.03
9.458863e-04,0.03
9.458865e-04,0.03
9.458867e-04,0.01
9.458869e-04,0.05
9.458871e-04,0.01
9.458873e-04,0.01
9.458875e-04,0.03
9.458877e-04,0.09
9.458879e-04,0.05
9.458881e-04,0.05
9.458883e-04,0.05
9.458885e-04,0.03
9.458887e-04,0.03
9.458889e-04,0.03
9.458891e-04,0.05
9.458893e-04,0.03
9.458895e-04,0.03
9.458897e-04,0.03
9.458899e-04,0.03
9.458901e-04,0.05
9.458903e-04,0.03
9.458905e-04,0.03
9.458907e-04,0.05
9.458909e-04,0.03
9.458911e-04,0.05
9.458913e-04,0.03
9.458915e-04,0.03
9.458917e-04,0.03
9.458919e-04,0.03
9.458921e-04,0.03
9.458923e-04,0.03
9.458925e-04,0.03
9.458927e-04,0.01
9.458929e-04,0.05
9.458931e-04,0.03
9.458933e-04,0.01
9.458935e-04,0.05
9.458937e-04,0.05
9.458939e-04,0.03
9.458941e-04,0.05
9.458943e-04,0.03
9.458945e-04,0.03
9.458947e-04,0.01
9.458949e-04,0.03
9.458951e-04,0.03
9.458953e-04,0.01
9.458955e-04,0.03
9.458957e-04,0.05
9.458959e-04,0.03
9.458961e-04,0.01
9.458963e-04,0.03
9.458965e-04,0.03
9.458967e-04,0.05
9.458969e-04,0.01
9.458971e-04,0.01
9.458973e-04,0.05
9.458975e-04,0.03
9.458977e-04,0.05
9.458979e-04,0.05
9.458981e-04,0.03
9.458983e-04,0.01
9.458985e-04,0.01
9.458987e-04,0.03
9.458989e-04,0.03
9.458991e-04,0.05
9.458993e-04,0.01
9.458995e-04,0.03
9.458997e-04,0.03
9.458999e-04,0.05
9.459001e-04,0.01
9.459003e-04,0.05
9.459005e-04,0.07
9.459007e-04,0.05
9.459009e-04,0.05
9.459011e-04,0.03
9.459013e-04,0.01
9.459015e-04,0.01
9.459017e-04,0.01
9.459019e-04,0.03
9.459021e-04,0.03
9.459023e-04,0.03
9.459025e-04,0.03
9.459027e-04,0.05
9.459029e-04,0.05
9.459031e-04,0.01
9.459033e-04,0.05
9.459035e-04,0.03
9.459037e-04,0.03
9.459039e-04,0.03
9.459041e-04,0.03
9.459043e-04,0.03
9.459045e-04,0.01
9.459047e-04,0.05
9.459049e-04,0.05
9.459051e-04,0.05
9.459053e-04,0.01
9.459055e-04,0.03
9.459057e-04,0.03
9.459059e-04,0.03
9.459061e-04,0.03
9.459063e-04,0.05
9.459065e-04,0.05
9.459067e-04,0.03
9.459069e-04,0.03
9.459071e-04,0.03
9.459073e-04,0.03
9.459075e-04,0.01
9.459077e-04,0.03
9.459079e-04,0.03
9.459081e-04,0.03
9.459083e-04,0.05
9.459085e-04,0.05
9.459087e-04,0.01
9.459089e-04,0.01
9.459091e-04,0.03
9.459093e-04,0.01
9.459095e-04,0.01
9.459097e-04,0.03
9.459099e-04,0.03
9.459101e-04,0.03
9.459103e-04,0.03
9.459105e-04,0.01
9.459107e-04,0.03
9.459109e-04,0.05
9.459111e-04,0.05
9.459113e-04,0.03
9.459115e-04,0.03
9.459117e-04,0.05
9.459119e-04,0.03
9.459121e-04,0.01
9.459123e-04,0.03
9.459125e-04,0.03
9.459127e-04,0.03
9.459129e-04,0.05
9.459131e-04,0.03
9.459133e-04,0.03
9.459135e-04,0.03
9.459137e-04,0.03
9.459139e-04,0.03
9.459141e-04,0.03
9.459143e-04,0.05
9.459145e-04,0.03
9.459147e-04,0.01
9.459149e-04,0.05
9.459151e-04,0.05
9.459153e-04,0.05
9.459155e-04,0.01
9.459157e-04,-0.01
9.459159e-04,0.03
9.459161e-04,0.05
9.459163e-04,0.05
9.459165e-04,0.05
9.459167e-04,0.05
9.459169e-04,0.05
9.459171e-04,0.05
9.459173e-04,0.03
9.459175e-04,0.01
9.459177e-04,0.03
9.459179e-04,0.05
9.459181e-04,0.03
9.459183e-04,0.05
9.459185e-04,0.05
9.459187e-04,0.05
9.459189e-04,0.07
9.459191e-04,0.05
9.459193e-04,0.03
9.459195e-04,0.03
9.459197e-04,0.03
9.459199e-04,0.03
9.459201e-04,0.03
9.459203e-04,0.03
9.459205e-04,0.01
9.459207e-04,0.03
9.459209e-04,0.01
9.459211e-04,0.03
9.459213e-04,0.03
9.459215e-04,0.03
9.459217e-04,0.05
9.459219e-04,0.05
9.459221e-04,0.01
9.459223e-04,0.07
9.459225e-04,0.05
9.459227e-04,0.03
9.459229e-04,0.03
9.459231e-04,0.05
9.459233e-04,0.05
9.459235e-04,0.05
9.459237e-04,0.05
9.459239e-04,0.03
9.459241e-04,0.01
9.459243e-04,0.03
9.459245e-04,0.03
9.459247e-04,0.03
9.459249e-04,0.03
9.459251e-04,0.05
9.459253e-04,0.01
9.459255e-04,0.03
9.459257e-04,-0.01
9.459259e-04,0.01
9.459261e-04,0.03
9.459263e-04,0.03
9.459265e-04,0.03
9.459267e-04,0.03
9.459269e-04,-0.01
9.459271e-04,0.03
9.459273e-04,0.01
9.459275e-04,0.01
9.459277e-04,0.05
9.459279e-04,0.05
9.459281e-04,0.03
9.459283e-04,0.05
9.459285e-04,0.05
9.459287e-04,0.03
9.459289e-04,0.01
9.459291e-04,0.03
9.459293e-04,0.03
9.459295e-04,-0.01
9.459297e-04,0.03
9.459299e-04,0.03
9.459301e-04,-0.01
9.459303e-04,0.03
9.459305e-04,0.03
9.459307e-04,0.03
9.459309e-04,0.05
9.459311e-04,0.03
9.459313e-04,0.03
9.459315e-04,0.05
9.459317e-04,0.05
9.459319e-04,0.05
9.459321e-04,0.03
9.459323e-04,0.03
9.459325e-04,0.03
9.459327e-04,0.03
9.459329e-04,0.05
9.459331e-04,0.03
9.459333e-04,0.03
9.459335e-04,0.03
9.459337e-04,0.03
9.459339e-04,0.03
9.459341e-04,0.05
9.459343e-04,0.01
9.459345e-04,0.03
9.459347e-04,0.05
9.459349e-04,0.03
9.459351e-04,0.03
9.459353e-04,0.03
9.459355e-04,0.03
9.459357e-04,0.03
9.459359e-04,0.03
9.459361e-04,0.05
9.459363e-04,0.03
9.459365e-04,0.05
9.459367e-04,-0.01
9.459369e-04,0.01
9.459371e-04,0.03
9.459373e-04,0.03
9.459375e-04,0.03
9.459377e-04,0.05
9.459379e-04,0.03
9.459381e-04,0.05
9.459383e-04,0.05
9.459385e-04,0.03
9.459387e-04,0.03
9.459389e-04,0.03
9.459391e-04,0.05
9.459393e-04,0.01
9.459395e-04,0.03
9.459397e-04,0.03
9.459399e-04,0.03
9.459401e-04,0.01
9.459403e-04,0.01
9.459405e-04,0.05
9.459407e-04,0.03
9.459409e-04,0.05
9.459411e-04,0.03
9.459413e-04,0.05
9.459415e-04,0.05
9.459417e-04,0.03
9.459419e-04,0.01
9.459421e-04,0.01
9.459423e-04,0.03
9.459425e-04,0.01
9.459427e-04,0.05
9.459429e-04,0.03
9.459431e-04,0.03
9.459433e-04,0.03
9.459435e-04,0.03
9.459437e-04,0.05
9.459439e-04,0.03
9.459441e-04,0.01
9.459443e-04,0.03
9.459445e-04,0.05
9.459447e-04,0.03
9.459449e-04,0.03
9.459451e-04,0.03
9.459453e-04,0.03
9.459455e-04,0.03
9.459457e-04,0.03
9.459459e-04,0.03
9.459461e-04,0.03
9.459463e-04,0.03
9.459465e-04,0.03
9.459467e-04,0.03
9.459469e-04,0.01
9.459471e-04,0.03
9.459473e-04,0.03
9.459475e-04,-0.01
9.459477e-04,0.05
9.459479e-04,0.03
9.459481e-04,0.03
9.459483e-04,0.03
9.459485e-04,0.05
9.459487e-04,0.05
9.459489e-04,0.05
9.459491e-04,0.03
9.459493e-04,0.05
9.459495e-04,0.03
9.459497e-04,0.03
9.459499e-04,0.05
9.459501e-04,0.03
9.459503e-04,0.03
9.459505e-04,0.03
9.459507e-04,0.03
9.459509e-04,0.03
9.459511e-04,0.03
9.459513e-04,0.01
9.459515e-04,0.03
9.459517e-04,0.01
9.459519e-04,0.03
9.459521e-04,0.03
9.459523e-04,0.05
9.459525e-04,0.03
9.459527e-04,0.01
9.459529e-04,0.01
9.459531e-04,0.03
9.459533e-04,0.05
9.459535e-04,0.05
9.459537e-04,0.01
9.459539e-04,-0.01
9.459541e-04,0.03
9.459543e-04,0.01
9.459545e-04,0.05
9.459547e-04,0.09
9.459549e-04,0.05
9.459551e-04,0.05
9.459553e-04,0.05
9.459555e-04,0.05
9.459557e-04,0.03
9.459559e-04,0.03
9.459561e-04,0.03
9.459563e-04,0.03
9.459565e-04,0.03
9.459567e-04,0.03
9.459569e-04,0.01
9.459571e-04,0.05
9.459573e-04,0.03
9.459575e-04,0.05
9.459577e-04,0.01
9.459579e-04,0.01
9.459581e-04,0.03
9.459583e-04,0.01
9.459585e-04,0.03
9.459587e-04,0.05
9.459589e-04,0.03
9.459591e-04,0.03
9.459593e-04,0.01
9.459595e-04,0.01
9.459597e-04,0.05
9.459599e-04,0.05
9.459601e-04,0.03
9.459603e-04,0.05
9.459605e-04,0.05
9.459607e-04,0.03
9.459609e-04,0.05
9.459611e-04,0.03
9.459613e-04,0.03
9.459615e-04,0.03
9.459617e-04,0.05
9.459619e-04,0.05
9.459621e-04,0.03
9.459623e-04,0.03
9.459625e-04,0.03
9.459627e-04,0.05
9.459629e-04,0.05
9.459631e-04,0.03
9.459633e-04,0.03
9.459635e-04,0.03
9.459637e-04,0.03
9.459639e-04,0.03
9.459641e-04,0.03
9.459643e-04,0.03
9.459645e-04,0.03
9.459647e-04,0.05
9.459649e-04,0.03
9.459651e-04,0.03
9.459653e-04,0.03
9.459655e-04,0.03
9.459657e-04,0.03
9.459659e-04,0.01
9.459661e-04,0.03
9.459663e-04,0.03
9.459665e-04,0.03
9.459667e-04,0.05
9.459669e-04,0.03
9.459671e-04,0.05
9.459673e-04,0.05
9.459675e-04,0.05
9.459677e-04,0.01
9.459679e-04,0.05
9.459681e-04,0.03
9.459683e-04,0.05
9.459685e-04,0.01
9.459687e-04,0.03
9.459689e-04,0.05
9.459691e-04,0.03
9.459693e-04,0.03
9.459695e-04,0.03
9.459697e-04,0.03
9.459699e-04,0.01
9.459701e-04,-0.01
9.459703e-04,0.01
9.459705e-04,0.03
9.459707e-04,0.03
9.459709e-04,0.03
9.459711e-04,0.05
9.459713e-04,0.03
9.459715e-04,0.03
9.459717e-04,0.01
9.459719e-04,0.03
9.459721e-04,0.05
9.459723e-04,0.05
9.459725e-04,-0.01
9.459727e-04,0.03
9.459729e-04,0.01
9.459731e-04,0.03
9.459733e-04,0.05
9.459735e-04,0.05
9.459737e-04,0.03
9.459739e-04,0.01
9.459741e-04,0.03
9.459743e-04,0.03
9.459745e-04,0.01
9.459747e-04,0.03
9.459749e-04,0.05
9.459751e-04,0.05
9.459753e-04,0.03
9.459755e-04,0.03
9.459757e-04,0.03
9.459759e-04,0.03
9.459761e-04,0.03
9.459763e-04,0.05
9.459765e-04,0.05
9.459767e-04,0.03
9.459769e-04,0.03
9.459771e-04,0.05
9.459773e-04,0.05
9.459775e-04,0.05
9.459777e-04,0.01
9.459779e-04,0.03
9.459781e-04,0.03
9.459783e-04,0.03
9.459785e-04,0.03
9.459787e-04,0.05
9.459789e-04,0.05
9.459791e-04,0.03
9.459793e-04,0.07
9.459795e-04,0.05
9.459797e-04,0.03
9.459799e-04,0.05
9.459801e-04,0.05
9.459803e-04,0.03
9.459805e-04,0.05
9.459807e-04,0.05
9.459809e-04,0.03
9.459811e-04,0.03
9.459813e-04,0.03
9.459815e-04,0.03
9.459817e-04,0.01
9.459819e-04,0.01
9.459821e-04,0.01
9.459823e-04,0.03
9.459825e-04,0.03
9.459827e-04,0.03
9.459829e-04,-0.01
9.459831e-04,0.03
9.459833e-04,0.01
9.459835e-04,0.01
9.459837e-04,0.01
9.459839e-04,0.03
9.459841e-04,0.01
9.459843e-04,0.03
9.459845e-04,0.05
9.459847e-04,0.01
9.459849e-04,0.01
9.459851e-04,0.01
9.459853e-04,0.01
9.459855e-04,0.03
9.459857e-04,0.01
9.459859e-04,0.03
9.459861e-04,0.01
9.459863e-04,0.01
9.459865e-04,0.03
9.459867e-04,0.01
9.459869e-04,0.01
9.459871e-04,0.03
9.459873e-04,0.03
9.459875e-04,0.01
9.459877e-04,0.01
9.459879e-04,0.05
9.459881e-04,0.01
9.459883e-04,0.01
9.459885e-04,0.03
9.459887e-04,0.03
9.459889e-04,0.03
9.459891e-04,0.03
9.459893e-04,0.05
9.459895e-04,0.03
9.459897e-04,0.01
9.459899e-04,0.01
9.459901e-04,0.03
9.459903e-04,0.05
9.459905e-04,0.03
9.459907e-04,0.03
9.459909e-04,0.03
9.459911e-04,0.03
9.459913e-04,-0.01
9.459915e-04,0.01
9.459917e-04,0.05
9.459919e-04,0.05
9.459921e-04,0.03
9.459923e-04,0.01
9.459925e-04,0.03
9.459927e-04,0.03
9.459929e-04,0.03
9.459931e-04,0.03
9.459933e-04,0.01
9.459935e-04,0.03
9.459937e-04,0.01
9.459939e-04,0.01
9.459941e-04,0.01
9.459943e-04,0.01
9.459945e-04,0.03
9.459947e-04,0.03
9.459949e-04,0.03
9.459951e-04,0.03
9.459953e-04,0.05
9.459955e-04,0.05
9.459957e-04,0.03
9.459959e-04,0.03
9.459961e-04,0.03
9.459963e-04,0.05
9.459965e-04,0.05
9.459967e-04,0.03
9.459969e-04,0.01
9.459971e-04,0.01
9.459973e-04,0.03
9.459975e-04,0.03
9.459977e-04,0.01
9.459979e-04,0.01
9.459981e-04,0.03
9.459983e-04,0.01
9.459985e-04,0.03
9.459987e-04,0.01
9.459989e-04,0.03
9.459991e-04,0.01
9.459993e-04,0.01
9.459995e-04,0.03
9.459997e-04,0.03
9.459999e-04,0.03
9.460001e-04,0.01
9.460003e-04,0.01
9.460005e-04,0.03
9.460007e-04,0.01
9.460009e-04,0.03
9.460011e-04,0.01
9.460013e-04,0.01
9.460015e-04,0.03
9.460017e-04,0.03
9.460019e-04,0.05
9.460021e-04,0.01
9.460023e-04,0.03
9.460025e-04,0.01
9.460027e-04,0.05
9.460029e-04,0.01
9.460031e-04,0.01
9.460033e-04,0.03
9.460035e-04,0.01
9.460037e-04,0.03
9.460039e-04,0.05
9.460041e-04,0.01
9.460043e-04,0.03
9.460045e-04,0.03
9.460047e-04,0.01
9.460049e-04,0.03
9.460051e-04,0.03
9.460053e-04,0.05
9.460055e-04,0.05
9.460057e-04,0.05
9.460059e-04,0.01
9.460061e-04,0.05
9.460063e-04,0.05
9.460065e-04,0.03
9.460067e-04,0.05
9.460069e-04,0.03
9.460071e-04,0.03
9.460073e-04,0.05
9.460075e-04,0.03
9.460077e-04,0.05
9.460079e-04,0.05
9.460081e-04,0.03
9.460083e-04,0.03
9.460085e-04,0.03
9.460087e-04,0.01
9.460089e-04,0.05
9.460091e-04,0.05
9.460093e-04,0.01
9.460095e-04,0.01
9.460097e-04,0.03
9.460099e-04,0.07
9.460101e-04,0.05
9.460103e-04,0.05
9.460105e-04,0.05
9.460107e-04,0.03
9.460109e-04,0.05
9.460111e-04,0.03
9.460113e-04,0.03
9.460115e-04,0.05
9.460117e-04,0.05
9.460119e-04,0.03
9.460121e-04,0.03
9.460123e-04,0.05
9.460125e-04,0.05
9.460127e-04,0.03
9.460129e-04,0.05
9.460131e-04,0.03
9.460133e-04,-0.01
9.460135e-04,0.01
9.460137e-04,0.03
9.460139e-04,0.03
9.460141e-04,0.03
9.460143e-04,0.03
9.460145e-04,0.03
9.460147e-04,0.05
9.460149e-04,0.03
9.460151e-04,0.01
9.460153e-04,0.01
9.460155e-04,0.01
9.460157e-04,0.03
9.460159e-04,0.01
9.460161e-04,0.03
9.460163e-04,0.01
9.460165e-04,0.05
9.460167e-04,0.01
9.460169e-04,-0.01
9.460171e-04,0.03
9.460173e-04,0.01
9.460175e-04,0.03
9.460177e-04,0.03
9.460179e-04,0.03
9.460181e-04,0.05
9.460183e-04,0.01
9.460185e-04,0.03
9.460187e-04,0.03
9.460189e-04,0.03
9.460191e-04,0.01
9.460193e-04,0.01
9.460195e-04,0.01
9.460197e-04,0.05
9.460199e-04,0.03
9.460201e-04,0.03
9.460203e-04,0.03
9.460205e-04,0.03
9.460207e-04,0.01
9.460209e-04,0.01
9.460211e-04,0.03
9.460213e-04,0.03
9.460215e-04,0.03
9.460217e-04,0.03
9.460219e-04,0.05
9.460221e-04,0.03
9.460223e-04,-0.01
9.460225e-04,0.01
9.460227e-04,0.01
9.460229e-04,0.07
9.460231e-04,0.01
9.460233e-04,0.03
9.460235e-04,0.03
9.460237e-04,0.03
9.460239e-04,0.05
9.460241e-04,0.05
9.460243e-04,0.03
9.460245e-04,0.03
9.460247e-04,0.05
9.460249e-04,0.03
9.460251e-04,0.03
9.460253e-04,0.03
9.460255e-04,0.01
9.460257e-04,0.01
9.460259e-04,0.03
9.460261e-04,0.03
9.460263e-04,0.03
9.460265e-04,-0.01
9.460267e-04,-0.01
9.460269e-04,0.03
9.460271e-04,0.03
9.460273e-04,0.03
9.460275e-04,0.03
9.460277e-04,0.03
9.460279e-04,0.03
9.460281e-04,0.03
9.460283e-04,0.01
9.460285e-04,0.03
9.460287e-04,0.03
9.460289e-04,0.01
9.460291e-04,0.01
9.460293e-04,0.03
9.460295e-04,0.05
9.460297e-04,0.03
9.460299e-04,0.03
9.460301e-04,0.03
9.460303e-04,0.03
9.460305e-04,0.05
9.460307e-04,0.01
9.460309e-04,0.01
9.460311e-04,0.01
9.460313e-04,0.01
9.460315e-04,-0.01
9.460317e-04,0.01
9.460319e-04,0.05
9.460321e-04,0.03
9.460323e-04,0.05
9.460325e-04,0.05
9.460327e-04,0.03
9.460329e-04,0.01
9.460331e-04,0.01
9.460333e-04,0.01
9.460335e-04,0.03
9.460337e-04,0.01
9.460339e-04,0.01
9.460341e-04,0.01
9.460343e-04,0.03
9.460345e-04,0.05
9.460347e-04,0.05
9.460349e-04,0.01
9.460351e-04,0.03
9.460353e-04,0.01
9.460355e-04,0.03
9.460357e-04,0.03
9.460359e-04,0.01
9.460361e-04,0.03
9.460363e-04,0.03
9.460365e-04,0.01
9.460367e-04,0.03
9.460369e-04,0.03
9.460371e-04,0.05
9.460373e-04,0.05
9.460375e-04,0.05
9.460377e-04,0.05
9.460379e-04,0.05
9.460381e-04,0.03
9.460383e-04,0.03
9.460385e-04,0.05
9.460387e-04,0.05
9.460389e-04,0.03
9.460391e-04,0.03
9.460393e-04,0.05
9.460395e-04,0.03
9.460397e-04,0.03
9.460399e-04,0.01
9.460401e-04,0.03
9.460403e-04,0.03
9.460405e-04,0.01
9.460407e-04,0.01
9.460409e-04,0.01
9.460411e-04,0.05
9.460413e-04,0.03
9.460415e-04,0.01
9.460417e-04,0.01
9.460419e-04,0.03
9.460421e-04,0.03
9.460423e-04,0.05
9.460425e-04,0.05
9.460427e-04,0.03
9.460429e-04,0.03
9.460431e-04,0.03
9.460433e-04,-0.01
9.460435e-04,0.01
9.460437e-04,0.03
9.460439e-04,0.01
9.460441e-04,0.03
9.460443e-04,0.05
9.460445e-04,0.01
9.460447e-04,0.01
9.460449e-04,0.03
9.460451e-04,0.05
9.460453e-04,0.03
9.460455e-04,0.05
9.460457e-04,0.03
9.460459e-04,0.01
9.460461e-04,0.03
9.460463e-04,0.01
9.460465e-04,0.03
9.460467e-04,0.05
9.460469e-04,0.05
9.460471e-04,0.05
9.460473e-04,0.05
9.460475e-04,0.05
9.460477e-04,0.03
9.460479e-04,0.03
9.460481e-04,0.03
9.460483e-04,0.01
9.460485e-04,0.01
9.460487e-04,0.01
9.460489e-04,0.03
9.460491e-04,0.03
9.460493e-04,0.01
9.460495e-04,0.01
9.460497e-04,0.01
9.460499e-04,0.03
9.460501e-04,0.03
9.460503e-04,0.05
9.460505e-04,0.05
9.460507e-04,0.05
9.460509e-04,0.03
9.460511e-04,0.03
9.460513e-04,0.03
9.460515e-04,0.05
9.460517e-04,0.05
9.460519e-04,0.05
9.460521e-04,0.05
9.460523e-04,0.05
9.460525e-04,0.05
9.460527e-04,0.05
9.460529e-04,0.03
9.460531e-04,0.03
9.460533e-04,0.01
9.460535e-04,0.01
9.460537e-04,0.03
9.460539e-04,0.01
9.460541e-04,0.03
9.460543e-04,0.01
9.460545e-04,0.01
9.460547e-04,0.03
9.460549e-04,0.03
9.460551e-04,0.03
9.460553e-04,0.01
9.460555e-04,0.03
9.460557e-04,0.05
9.460559e-04,0.05
9.460561e-04,0.03
9.460563e-04,0.03
9.460565e-04,0.01
9.460567e-04,0.05
9.460569e-04,0.03
9.460571e-04,0.05
9.460573e-04,0.03
9.460575e-04,0.03
9.460577e-04,0.03
9.460579e-04,0.01
9.460581e-04,0.03
9.460583e-04,0.03
9.460585e-04,0.01
9.460587e-04,0.03
9.460589e-04,0.03
9.460591e-04,0.05
9.460593e-04,0.03
9.460595e-04,0.03
9.460597e-04,0.03
9.460599e-04,0.03
9.460601e-04,0.05
9.460603e-04,0.01
9.460605e-04,0.03
9.460607e-04,0.01
9.460609e-04,0.03
9.460611e-04,0.05
9.460613e-04,0.03
9.460615e-04,0.03
9.460617e-04,0.01
9.460619e-04,-0.01
9.460621e-04,0.01
9.460623e-04,0.03
9.460625e-04,0.01
9.460627e-04,-0.01
9.460629e-04,0.01
9.460631e-04,0.03
9.460633e-04,0.03
9.460635e-04,0.03
9.460637e-04,0.03
9.460639e-04,0.05
9.460641e-04,0.03
9.460643e-04,0.01
9.460645e-04,0.03
9.460647e-04,0.01
9.460649e-04,0.01
9.460651e-04,0.01
9.460653e-04,0.05
9.460655e-04,0.03
9.460657e-04,0.05
9.460659e-04,0.03
9.460661e-04,-0.01
9.460663e-04,0.01
9.460665e-04,0.01
9.460667e-04,0.05
9.460669e-04,0.05
9.460671e-04,0.05
9.460673e-04,0.03
9.460675e-04,0.01
9.460677e-04,0.03
9.460679e-04,0.05
9.460681e-04,0.03
9.460683e-04,0.03
9.460685e-04,0.03
9.460687e-04,0.05
9.460689e-04,0.03
9.460691e-04,0.01
9.460693e-04,0.01
9.460695e-04,0.05
9.460697e-04,0.03
9.460699e-04,0.03
9.460701e-04,0.01
9.460703e-04,0.03
9.460705e-04,0.05
9.460707e-04,0.03
9.460709e-04,0.03
9.460711e-04,0.03
9.460713e-04,0.01
9.460715e-04,0.01
9.460717e-04,0.03
9.460719e-04,0.05
9.460721e-04,0.01
9.460723e-04,0.01
9.460725e-04,0.03
9.460727e-04,0.05
9.460729e-04,0.05
9.460731e-04,0.03
9.460733e-04,0.03
9.460735e-04,0.03
9.460737e-04,0.03
9.460739e-04,0.01
9.460741e-04,0.03
9.460743e-04,0.01
9.460745e-04,0.03
9.460747e-04,0.05
9.460749e-04,0.05
9.460751e-04,0.01
9.460753e-04,0.03
9.460755e-04,0.03
9.460757e-04,0.03
9.460759e-04,0.01
9.460761e-04,0.03
9.460763e-04,0.03
9.460765e-04,0.01
9.460767e-04,0.01
9.460769e-04,0.03
9.460771e-04,0.03
9.460773e-04,0.03
9.460775e-04,0.05
9.460777e-04,0.01
9.460779e-04,0.03
9.460781e-04,0.05
9.460783e-04,0.01
9.460785e-04,0.01
9.460787e-04,0.01
9.460789e-04,0.01
9.460791e-04,0.03
9.460793e-04,0.03
9.460795e-04,0.03
9.460797e-04,0.03
9.460799e-04,0.03
9.460801e-04,0.05
9.460803e-04,0.05
9.460805e-04,0.05
9.460807e-04,0.05
9.460809e-04,0.03
9.460811e-04,0.01
9.460813e-04,0.01
9.460815e-04,0.03
9.460817e-04,0.01
9.460819e-04,0.03
9.460821e-04,0.03
9.460823e-04,0.03
9.460825e-04,0.03
9.460827e-04,0.03
9.460829e-04,0.05
9.460831e-04,0.07
9.460833e-04,0.05
9.460835e-04,0.03
9.460837e-04,0.01
9.460839e-04,0.01
9.460841e-04,0.03
9.460843e-04,0.03
9.460845e-04,0.03
9.460847e-04,0.03
9.460849e-04,0.03
9.460851e-04,0.03
9.460853e-04,0.03
9.460855e-04,0.05
9.460857e-04,0.03
9.460859e-04,0.03
9.460861e-04,0.03
9.460863e-04,0.03
9.460865e-04,0.03
9.460867e-04,0.01
9.460869e-04,0.03
9.460871e-04,0.03
9.460873e-04,0.05
9.460875e-04,0.05
9.460877e-04,0.05
9.460879e-04,0.05
9.460881e-04,0.03
9.460883e-04,0.01
9.460885e-04,0.03
9.460887e-04,0.01
9.460889e-04,0.03
9.460891e-04,0.03
9.460893e-04,0.05
9.460895e-04,0.03
9.460897e-04,0.03
9.460899e-04,0.03
9.460901e-04,0.03
9.460903e-04,-0.01
9.460905e-04,0.03
9.460907e-04,0.01
9.460909e-04,0.01
9.460911e-04,0.01
9.460913e-04,0.03
9.460915e-04,0.01
9.460917e-04,0.03
9.460919e-04,0.01
9.460921e-04,0.03
9.460923e-04,0.05
9.460925e-04,0.03
9.460927e-04,0.01
9.460929e-04,0.01
9.460931e-04,0.03
9.460933e-04,0.03
9.460935e-04,0.03
9.460937e-04,0.01
9.460939e-04,0.03
9.460941e-04,0.03
9.460943e-04,0.05
9.460945e-04,0.05
9.460947e-04,0.03
9.460949e-04,0.03
9.460951e-04,0.03
9.460953e-04,0.01
9.460955e-04,0.01
9.460957e-04,0.05
9.460959e-04,0.05
9.460961e-04,0.03
9.460963e-04,0.03
9.460965e-04,0.01
9.460967e-04,0.03
9.460969e-04,0.01
9.460971e-04,0.03
9.460973e-04,0.05
9.460975e-04,0.03
9.460977e-04,0.01
9.460979e-04,0.01
9.460981e-04,0.05
9.460983e-04,0.03
9.460985e-04,0.05
9.460987e-04,0.03
9.460989e-04,0.03
9.460991e-04,0.01
9.460993e-04,0.01
9.460995e-04,0.01
9.460997e-04,0.01
9.460999e-04,0.01
9.461001e-04,0.03
9.461003e-04,0.01
9.461005e-04,0.03
9.461007e-04,0.05
9.461009e-04,0.01
9.461011e-04,0.03
9.461013e-04,0.03
9.461015e-04,0.03
9.461017e-04,0.03
9.461019e-04,0.05
9.461021e-04,0.03
9.461023e-04,0.01
9.461025e-04,0.01
9.461027e-04,0.03
9.461029e-04,0.01
9.461031e-04,0.05
9.461033e-04,0.03
9.461035e-04,0.03
9.461037e-04,0.03
9.461039e-04,0.05
9.461041e-04,0.01
9.461043e-04,0.05
9.461045e-04,0.01
9.461047e-04,0.01
9.461049e-04,-0.01
9.461051e-04,0.03
9.461053e-04,0.01
9.461055e-04,0.03
9.461057e-04,0.03
9.461059e-04,0.03
9.461061e-04,0.05
9.461063e-04,0.03
9.461065e-04,0.01
9.461067e-04,0.01
9.461069e-04,0.05
9.461071e-04,0.03
9.461073e-04,0.03
9.461075e-04,0.01
9.461077e-04,0.03
9.461079e-04,0.05
9.461081e-04,0.01
9.461083e-04,-0.01
9.461085e-04,0.01
9.461087e-04,0.03
9.461089e-04,0.01
9.461091e-04,0.03
9.461093e-04,0.03
9.461095e-04,0.01
9.461097e-04,0.01
9.461099e-04,0.03
9.461101e-04,0.03
9.461103e-04,0.05
9.461105e-04,0.03
9.461107e-04,0.03
9.461109e-04,0.03
9.461111e-04,0.05
9.461113e-04,0.01
9.461115e-04,0.03
9.461117e-04,0.03
9.461119e-04,0.05
9.461121e-04,0.05
9.461123e-04,0.03
9.461125e-04,0.03
9.461127e-04,0.03
9.461129e-04,0.03
9.461131e-04,0.03
9.461133e-04,0.03
9.461135e-04,0.01
9.461137e-04,0.03
9.461139e-04,0.03
9.461141e-04,0.03
9.461143e-04,0.03
9.461145e-04,0.03
9.461147e-04,0.03
9.461149e-04,0.03
9.461151e-04,0.03
9.461153e-04,0.03
9.461155e-04,0.01
9.461157e-04,0.03
9.461159e-04,0.05
9.461161e-04,0.01
9.461163e-04,0.05
9.461165e-04,0.03
9.461167e-04,0.01
9.461169e-04,0.01
9.461171e-04,0.03
9.461173e-04,0.03
9.461175e-04,0.05
9.461177e-04,0.03
9.461179e-04,0.03
9.461181e-04,0.03
9.461183e-04,0.01
9.461185e-04,0.03
9.461187e-04,0.05
9.461189e-04,0.03
9.461191e-04,0.03
9.461193e-04,0.03
9.461195e-04,0.05
9.461197e-04,0.03
9.461199e-04,0.03
9.461201e-04,0.05
9.461203e-04,0.07
9.461205e-04,0.03
9.461207e-04,0.01
9.461209e-04,0.05
9.461211e-04,0.03
9.461213e-04,0.05
9.461215e-04,0.03
9.461217e-04,0.05
9.461219e-04,0.05
9.461221e-04,0.03
9.461223e-04,0.03
9.461225e-04,0.01
9.461227e-04,0.05
9.461229e-04,0.05
9.461231e-04,0.05
9.461233e-04,0.03
9.461235e-04,0.03
9.461237e-04,0.03
9.461239e-04,0.03
9.461241e-04,0.01
9.461243e-04,0.03
9.461245e-04,0.03
9.461247e-04,0.03
9.461249e-04,0.05
9.461251e-04,0.05
9.461253e-04,0.05
9.461255e-04,0.01
9.461257e-04,0.05
9.461259e-04,0.03
9.461261e-04,0.03
9.461263e-04,0.03
9.461265e-04,0.03
9.461267e-04,0.03
9.461269e-04,0.05
9.461271e-04,0.01
9.461273e-04,0.03
9.461275e-04,0.03
9.461277e-04,0.01
9.461279e-04,0.01
9.461281e-04,-0.01
9.461283e-04,-0.01
9.461285e-04,0.01
9.461287e-04,0.03
9.461289e-04,0.05
9.461291e-04,0.03
9.461293e-04,0.01
9.461295e-04,0.03
9.461297e-04,0.01
9.461299e-04,0.03
9.461301e-04,0.01
9.461303e-04,0.01
9.461305e-04,0.01
9.461307e-04,0.01
9.461309e-04,0.03
9.461311e-04,0.03
9.461313e-04,0.03
9.461315e-04,0.01
9.461317e-04,0.01
9.461319e-04,0.05
9.461321e-04,0.05
9.461323e-04,0.03
9.461325e-04,0.03
9.461327e-04,0.05
9.461329e-04,0.03
9.461331e-04,0.03
9.461333e-04,0.01
9.461335e-04,-0.01
9.461337e-04,0.03
9.461339e-04,0.03
9.461341e-04,0.03
9.461343e-04,0.03
9.461345e-04,0.03
9.461347e-04,0.01
9.461349e-04,-0.01
9.461351e-04,0.01
9.461353e-04,0.01
9.461355e-04,0.01
9.461357e-04,0.03
9.461359e-04,0.03
9.461361e-04,0.01
9.461363e-04,0.05
9.461365e-04,0.01
9.461367e-04,0.03
9.461369e-04,0.01
9.461371e-04,0.05
9.461373e-04,0.05
9.461375e-04,0.01
9.461377e-04,0.03
9.461379e-04,0.01
9.461381e-04,0.03
9.461383e-04,0.01
9.461385e-04,0.03
9.461387e-04,0.03
9.461389e-04,0.03
9.461391e-04,0.03
9.461393e-04,0.05
9.461395e-04,0.05
9.461397e-04,0.05
9.461399e-04,0.05
9.461401e-04,0.03
9.461403e-04,0.03
9.461405e-04,0.03
9.461407e-04,0.03
9.461409e-04,0.03
9.461411e-04,0.03
9.461413e-04,0.03
9.461415e-04,0.03
9.461417e-04,0.01
9.461419e-04,0.05
9.461421e-04,0.03
9.461423e-04,0.03
9.461425e-04,0.03
9.461427e-04,0.01
9.461429e-04,0.03
9.461431e-04,0.05
9.461433e-04,0.03
9.461435e-04,0.05
9.461437e-04,0.05
9.461439e-04,0.01
9.461441e-04,-0.01
9.461443e-04,0.01
9.461445e-04,0.05
9.461447e-04,0.03
9.461449e-04,0.05
9.461451e-04,0.07
9.461453e-04,0.05
9.461455e-04,0.03
9.461457e-04,0.01
9.461459e-04,0.03
9.461461e-04,0.01
9.461463e-04,0.03
9.461465e-04,0.03
9.461467e-04,0.01
9.461469e-04,0.01
9.461471e-04,0.03
9.461473e-04,0.05
9.461475e-04,0.05
9.461477e-04,0.03
9.461479e-04,0.03
9.461481e-04,0.01
9.461483e-04,0.03
9.461485e-04,0.01
9.461487e-04,0.01
9.461489e-04,0.01
9.461491e-04,0.01
9.461493e-04,0.01
9.461495e-04,0.05
9.461497e-04,0.03
9.461499e-04,0.05
9.461501e-04,0.03
9.461503e-04,0.01
9.461505e-04,0.03
9.461507e-04,0.01
9.461509e-04,0.01
9.461511e-04,0.01
9.461513e-04,0.01
9.461515e-04,0.03
9.461517e-04,0.03
9.461519e-04,0.03
9.461521e-04,0.01
9.461523e-04,0.03
9.461525e-04,0.01
9.461527e-04,0.01
9.461529e-04,0.03
9.461531e-04,0.05
9.461533e-04,0.01
9.461535e-04,0.03
9.461537e-04,0.03
9.461539e-04,0.03
9.461541e-04,0.05
9.461543e-04,0.03
9.461545e-04,-0.01
9.461547e-04,0.01
9.461549e-04,0.03
9.461551e-04,0.03
9.461553e-04,0.03
9.461555e-04,0.01
9.461557e-04,0.03
9.461559e-04,0.03
9.461561e-04,0.05
9.461563e-04,0.03
9.461565e-04,0.03
9.461567e-04,0.03
9.461569e-04,0.03
9.461571e-04,0.03
9.461573e-04,0.03
9.461575e-04,0.05
9.461577e-04,0.03
9.461579e-04,0.03
9.461581e-04,0.03
9.461583e-04,0.03
9.461585e-04,0.03
9.461587e-04,0.03
9.461589e-04,0.05
9.461591e-04,0.03
9.461593e-04,0.03
9.461595e-04,0.01
9.461597e-04,0.03
9.461599e-04,0.01
9.461601e-04,0.05
9.461603e-04,0.05
9.461605e-04,0.01
9.461607e-04,0.01
9.461609e-04,0.03
9.461611e-04,0.01
9.461613e-04,0.03
9.461615e-04,0.03
9.461617e-04,0.03
9.461619e-04,0.05
9.461621e-04,0.05
9.461623e-04,0.03
9.461625e-04,0.05
9.461627e-04,0.03
9.461629e-04,0.01
9.461631e-04,0.03
9.461633e-04,0.03
9.461635e-04,0.03
9.461637e-04,0.03
9.461639e-04,0.01
9.461641e-04,0.05
9.461643e-04,0.03
9.461645e-04,0.03
9.461647e-04,0.01
9.461649e-04,0.03
9.461651e-04,0.01
9.461653e-04,0.01
9.461655e-04,-0.01
9.461657e-04,0.03
9.461659e-04,0.05
9.461661e-04,0.05
9.461663e-04,0.03
9.461665e-04,0.03
9.461667e-04,0.01
9.461669e-04,0.01
9.461671e-04,0.05
9.461673e-04,0.05
9.461675e-04,0.03
9.461677e-04,0.01
9.461679e-04,0.01
9.461681e-04,0.01
9.461683e-04,0.03
9.461685e-04,0.01
9.461687e-04,0.03
9.461689e-04,0.05
9.461691e-04,0.03
9.461693e-04,0.03
9.461695e-04,0.03
9.461697e-04,0.03
9.461699e-04,0.01
9.461701e-04,0.01
9.461703e-04,0.01
9.461705e-04,0.05
9.461707e-04,0.05
9.461709e-04,0.03
9.461711e-04,-0.01
9.461713e-04,0.03
9.461715e-04,0.01
9.461717e-04,0.03
9.461719e-04,0.05
9.461721e-04,0.05
9.461723e-04,0.05
9.461725e-04,0.03
9.461727e-04,0.01
9.461729e-04,0.03
9.461731e-04,0.05
9.461733e-04,0.03
9.461735e-04,0.03
9.461737e-04,0.03
9.461739e-04,0.01
9.461741e-04,0.03
9.461743e-04,0.03
9.461745e-04,0.01
9.461747e-04,0.05
9.461749e-04,-0.01
9.461751e-04,0.03
9.461753e-04,0.03
9.461755e-04,0.01
9.461757e-04,0.01
9.461759e-04,0.03
9.461761e-04,0.05
9.461763e-04,0.05
9.461765e-04,0.05
9.461767e-04,0.05
9.461769e-04,0.03
9.461771e-04,0.05
9.461773e-04,0.05
9.461775e-04,0.05
9.461777e-04,0.05
9.461779e-04,0.03
9.461781e-04,0.01
9.461783e-04,-0.01
9.461785e-04,0.05
9.461787e-04,0.03
9.461789e-04,0.05
9.461791e-04,0.07
9.461793e-04,0.03
9.461795e-04,0.03
9.461797e-04,-0.01
9.461799e-04,0.03
9.461801e-04,0.03
9.461803e-04,-0.01
9.461805e-04,0.01
9.461807e-04,0.03
9.461809e-04,0.03
9.461811e-04,0.05
9.461813e-04,0.01
9.461815e-04,0.03
9.461817e-04,0.03
9.461819e-04,0.03
9.461821e-04,0.01
9.461823e-04,0.03
9.461825e-04,0.01
9.461827e-04,0.01
9.461829e-04,0.01
9.461831e-04,-0.01
9.461833e-04,0.05
9.461835e-04,0.05
9.461837e-04,0.01
9.461839e-04,0.03
9.461841e-04,0.01
9.461843e-04,0.03
9.461845e-04,-0.01
9.461847e-04,0.01
9.461849e-04,0.03
9.461851e-04,0.03
9.461853e-04,0.03
9.461855e-04,0.01
9.461857e-04,0.03
9.461859e-04,0.05
9.461861e-04,0.03
9.461863e-04,0.03
9.461865e-04,0.05
9.461867e-04,0.03
9.461869e-04,0.01
9.461871e-04,0.03
9.461873e-04,0.01
9.461875e-04,0.03
9.461877e-04,0.03
9.461879e-04,0.03
9.461881e-04,0.05
9.461883e-04,0.01
9.461885e-04,0.03
9.461887e-04,0.05
9.461889e-04,0.03
9.461891e-04,0.03
9.461893e-04,0.03
9.461895e-04,0.01
9.461897e-04,0.01
9.461899e-04,0.03
9.461901e-04,0.03
9.461903e-04,0.03
9.461905e-04,0.01
9.461907e-04,0.03
9.461909e-04,-0.01
9.461911e-04,0.03
9.461913e-04,0.05
9.461915e-04,0.03
9.461917e-04,0.03
9.461919e-04,0.05
9.461921e-04,0.01
9.461923e-04,0.05
9.461925e-04,0.01
9.461927e-04,0.03
9.461929e-04,0.03
9.461931e-04,0.05
9.461933e-04,0.03
9.461935e-04,0.03
9.461937e-04,0.05
9.461939e-04,0.03
9.461941e-04,-0.01
9.461943e-04,0.01
9.461945e-04,0.01
9.461947e-04,-0.01
9.461949e-04,0.05
9.461951e-04,0.03
9.461953e-04,0.01
9.461955e-04,0.03
9.461957e-04,0.03
9.461959e-04,0.01
9.461961e-04,0.03
9.461963e-04,0.03
9.461965e-04,0.01
9.461967e-04,0.03
9.461969e-04,0.03
9.461971e-04,0.03
9.461973e-04,0.01
9.461975e-04,0.03
9.461977e-04,0.01
9.461979e-04,0.03
9.461981e-04,0.01
9.461983e-04,0.01
9.461985e-04,0.03
9.461987e-04,0.05
9.461989e-04,0.03
9.461991e-04,0.01
9.461993e-04,0.03
9.461995e-04,0.01
9.461997e-04,0.01
9.461999e-04,0.01
9.462001e-04,0.03
9.462003e-04,0.03
9.462005e-04,-0.01
9.462007e-04,0.03
9.462009e-04,0.03
9.462011e-04,0.01
9.462013e-04,0.03
9.462015e-04,0.01
9.462017e-04,0.01
9.462019e-04,0.03
9.462021e-04,0.03
9.462023e-04,0.01
9.462025e-04,0.01
9.462027e-04,0.03
9.462029e-04,0.05
9.462031e-04,0.05
9.462033e-04,0.03
9.462035e-04,-0.01
9.462037e-04,0.01
9.462039e-04,0.03
9.462041e-04,0.03
9.462043e-04,0.03
9.462045e-04,0.03
9.462047e-04,0.03
9.462049e-04,0.03
9.462051e-04,0.03
9.462053e-04,0.05
9.462055e-04,0.01
9.462057e-04,0.03
9.462059e-04,0.01
9.462061e-04,0.03
9.462063e-04,-0.01
9.462065e-04,0.03
9.462067e-04,0.05
9.462069e-04,0.03
9.462071e-04,0.01
9.462073e-04,-0.01
9.462075e-04,0.01
9.462077e-04,0.01
9.462079e-04,0.03
9.462081e-04,0.03
9.462083e-04,0.01
9.462085e-04,0.01
9.462087e-04,0.01
9.462089e-04,-0.01
9.462091e-04,0.01
9.462093e-04,0.03
9.462095e-04,0.05
9.462097e-04,0.01
9.462099e-04,0.03
9.462101e-04,0.03
9.462103e-04,0.03
9.462105e-04,0.03
9.462107e-04,0.01
9.462109e-04,0.03
9.462111e-04,0.03
9.462113e-04,0.03
9.462115e-04,0.03
9.462117e-04,0.01
9.462119e-04,0.01
9.462121e-04,0.03
9.462123e-04,0.03
9.462125e-04,0.03
9.462127e-04,0.05
9.462129e-04,0.03
9.462131e-04,0.05
9.462133e-04,0.01
9.462135e-04,0.01
9.462137e-04,0.01
9.462139e-04,0.03
9.462141e-04,0.03
9.462143e-04,0.03
9.462145e-04,0.03
9.462147e-04,0.01
9.462149e-04,0.01
9.462151e-04,0.03
9.462153e-04,0.03
9.462155e-04,0.03
9.462157e-04,0.05
9.462159e-04,0.05
9.462161e-04,0.05
9.462163e-04,0.05
9.462165e-04,0.03
9.462167e-04,0.05
9.462169e-04,0.05
9.462171e-04,0.03
9.462173e-04,0.03
9.462175e-04,0.03
9.462177e-04,0.03
9.462179e-04,0.01
9.462181e-04,0.03
9.462183e-04,0.01
9.462185e-04,-0.01
9.462187e-04,0.03
9.462189e-04,0.05
9.462191e-04,0.05
9.462193e-04,0.05
9.462195e-04,0.05
9.462197e-04,0.03
9.462199e-04,0.01
9.462201e-04,0.03
9.462203e-04,0.03
9.462205e-04,0.03
9.462207e-04,0.01
9.462209e-04,0.05
9.462211e-04,0.03
9.462213e-04,0.03
9.462215e-04,0.01
9.462217e-04,0.03
9.462219e-04,0.05
9.462221e-04,0.05
9.462223e-04,0.03
9.462225e-04,0.03
9.462227e-04,0.03
9.462229e-04,0.01
9.462231e-04,0.01
9.462233e-04,0.03
9.462235e-04,0.05
9.462237e-04,0.01
9.462239e-04,0.03
9.462241e-04,0.01
9.462243e-04,0.01
9.462245e-04,0.03
9.462247e-04,0.03
9.462249e-04,0.05
9.462251e-04,0.03
9.462253e-04,0.03
9.462255e-04,0.03
9.462257e-04,0.01
9.462259e-04,0.03
9.462261e-04,0.01
9.462263e-04,0.01
9.462265e-04,0.01
9.462267e-04,0.01
9.462269e-04,0.01
9.462271e-04,0.01
9.462273e-04,0.01
9.462275e-04,0.03
9.462277e-04,0.05
9.462279e-04,0.03
9.462281e-04,0.03
9.462283e-04,0.05
9.462285e-04,0.03
9.462287e-04,0.03
9.462289e-04,0.01
9.462291e-04,0.01
9.462293e-04,0.03
9.462295e-04,0.03
9.462297e-04,0.03
9.462299e-04,0.01
9.462301e-04,0.03
9.462303e-04,0.05
9.462305e-04,0.01
9.462307e-04,0.01
9.462309e-04,0.01
9.462311e-04,0.03
9.462313e-04,0.03
9.462315e-04,0.03
9.462317e-04,0.01
9.462319e-04,0.03
9.462321e-04,0.03
9.462323e-04,0.03
9.462325e-04,0.05
9.462327e-04,0.05
9.462329e-04,0.03
9.462331e-04,0.03
9.462333e-04,0.03
9.462335e-04,0.03
9.462337e-04,0.03
9.462339e-04,0.03
9.462341e-04,0.03
9.462343e-04,0.03
9.462345e-04,0.03
9.462347e-04,0.03
9.462349e-04,0.03
9.462351e-04,0.05
9.462353e-04,0.03
9.462355e-04,0.01
9.462357e-04,0.03
9.462359e-04,0.05
9.462361e-04,0.03
9.462363e-04,0.01
9.462365e-04,0.03
9.462367e-04,0.05
9.462369e-04,0.05
9.462371e-04,0.01
9.462373e-04,0.01
9.462375e-04,0.01
9.462377e-04,0.03
9.462379e-04,0.05
9.462381e-04,0.03
9.462383e-04,0.05
9.462385e-04,0.03
9.462387e-04,0.01
9.462389e-04,0.01
9.462391e-04,-0.01
9.462393e-04,0.01
9.462395e-04,0.03
9.462397e-04,0.05
9.462399e-04,0.01
9.462401e-04,0.03
9.462403e-04,0.03
9.462405e-04,0.01
9.462407e-04,0.01
9.462409e-04,0.03
9.462411e-04,0.03
9.462413e-04,0.03
9.462415e-04,0.05
9.462417e-04,0.01
9.462419e-04,0.01
9.462421e-04,0.01
9.462423e-04,-0.01
9.462425e-04,0.03
9.462427e-04,0.03
9.462429e-04,0.03
9.462431e-04,0.03
9.462433e-04,0.01
9.462435e-04,0.01
9.462437e-04,0.01
9.462439e-04,0.01
9.462441e-04,0.03
9.462443e-04,0.03
9.462445e-04,0.03
9.462447e-04,0.03
9.462449e-04,0.03
9.462451e-04,0.03
9.462453e-04,0.03
9.462455e-04,0.01
9.462457e-04,0.03
9.462459e-04,0.03
9.462461e-04,0.03
9.462463e-04,0.05
9.462465e-04,0.05
9.462467e-04,0.03
9.462469e-04,0.01
9.462471e-04,0.03
9.462473e-04,0.05
9.462475e-04,0.05
9.462477e-04,0.05
9.462479e-04,0.01
9.462481e-04,0.03
9.462483e-04,0.03
9.462485e-04,0.03
9.462487e-04,0.03
9.462489e-04,0.03
9.462491e-04,-0.01
9.462493e-04,-0.01
9.462495e-04,0.03
9.462497e-04,0.05
9.462499e-04,0.03
9.462501e-04,0.01
9.462503e-04,0.01
9.462505e-04,0.03
9.462507e-04,0.01
9.462509e-04,0.03
9.462511e-04,0.03
9.462513e-04,0.03
9.462515e-04,0.01
9.462517e-04,0.03
9.462519e-04,0.03
9.462521e-04,0.01
9.462523e-04,0.03
9.462525e-04,0.05
9.462527e-04,0.01
9.462529e-04,0.01
9.462531e-04,0.01
9.462533e-04,0.05
9.462535e-04,0.03
9.462537e-04,0.05
9.462539e-04,0.03
9.462541e-04,0.01
9.462543e-04,0.03
9.462545e-04,0.03
9.462547e-04,0.05
9.462549e-04,0.03
9.462551e-04,0.03
9.462553e-04,0.01
9.462555e-04,0.03
9.462557e-04,0.03
9.462559e-04,0.01
9.462561e-04,-0.01
9.462563e-04,-0.01
9.462565e-04,0.01
9.462567e-04,0.03
9.462569e-04,0.03
9.462571e-04,0.01
9.462573e-04,0.01
9.462575e-04,0.03
9.462577e-04,0.03
9.462579e-04,0.03
9.462581e-04,0.03
9.462583e-04,0.03
9.462585e-04,0.03
9.462587e-04,0.01
9.462589e-04,0.01
9.462591e-04,0.01
9.462593e-04,0.01
9.462595e-04,0.01
9.462597e-04,0.01
9.462599e-04,0.03
9.462601e-04,0.03
9.462603e-04,0.03
9.462605e-04,0.03
9.462607e-04,0.05
9.462609e-04,0.05
9.462611e-04,0.05
9.462613e-04,0.01
9.462615e-04,0.01
9.462617e-04,-0.01
9.462619e-04,0.03
9.462621e-04,0.05
9.462623e-04,0.01
9.462625e-04,-0.01
9.462627e-04,0.01
9.462629e-04,0.03
9.462631e-04,0.05
9.462633e-04,0.03
9.462635e-04,0.05
9.462637e-04,0.03
9.462639e-04,0.05
9.462641e-04,0.03
9.462643e-04,0.01
9.462645e-04,0.03
9.462647e-04,0.05
9.462649e-04,0.03
9.462651e-04,-0.01
9.462653e-04,0.03
9.462655e-04,0.03
9.462657e-04,0.01
9.462659e-04,0.01
9.462661e-04,0.01
9.462663e-04,0.05
9.462665e-04,0.01
9.462667e-04,0.01
9.462669e-04,0.01
9.462671e-04,0.03
9.462673e-04,0.05
9.462675e-04,0.05
9.462677e-04,0.05
9.462679e-04,0.05
9.462681e-04,0.03
9.462683e-04,0.05
9.462685e-04,0.03
9.462687e-04,0.05
9.462689e-04,0.03
9.462691e-04,0.01
9.462693e-04,0.01
9.462695e-04,0.01
9.462697e-04,0.01
9.462699e-04,0.03
9.462701e-04,0.03
9.462703e-04,0.03
9.462705e-04,0.03
9.462707e-04,0.03
9.462709e-04,-0.01
9.462711e-04,-0.01
9.462713e-04,0.03
9.462715e-04,0.03
9.462717e-04,0.01
9.462719e-04,0.05
9.462721e-04,0.03
9.462723e-04,0.01
9.462725e-04,0.03
9.462727e-04,0.03
9.462729e-04,0.05
9.462731e-04,0.01
9.462733e-04,0.01
9.462735e-04,0.01
9.462737e-04,0.05
9.462739e-04,0.01
9.462741e-04,-0.01
9.462743e-04,0.05
9.462745e-04,0.03
9.462747e-04,-0.01
9.462749e-04,-0.01
9.462751e-04,0.03
9.462753e-04,0.03
9.462755e-04,0.03
9.462757e-04,0.03
9.462759e-04,0.01
9.462761e-04,0.03
9.462763e-04,0.05
9.462765e-04,0.05
9.462767e-04,0.03
9.462769e-04,0.03
9.462771e-04,0.03
9.462773e-04,0.01
9.462775e-04,0.01
9.462777e-04,0.03
9.462779e-04,0.03
9.462781e-04,0.03
9.462783e-04,0.03
9.462785e-04,0.03
9.462787e-04,0.01
9.462789e-04,0.01
9.462791e-04,0.01
9.462793e-04,0.01
9.462795e-04,0.03
9.462797e-04,0.03
9.462799e-04,0.01
9.462801e-04,0.01
9.462803e-04,0.03
9.462805e-04,0.03
9.462807e-04,0.05
9.462809e-04,0.01
9.462811e-04,0.01
9.462813e-04,0.01
9.462815e-04,0.01
9.462817e-04,0.05
9.462819e-04,0.05
9.462821e-04,0.03
9.462823e-04,0.01
9.462825e-04,0.01
9.462827e-04,0.03
9.462829e-04,0.03
9.462831e-04,0.05
9.462833e-04,0.03
9.462835e-04,0.03
9.462837e-04,0.05
9.462839e-04,0.05
9.462841e-04,0.03
9.462843e-04,0.01
9.462845e-04,0.03
9.462847e-04,0.03
9.462849e-04,0.03
9.462851e-04,0.01
9.462853e-04,-0.01
9.462855e-04,0.01
9.462857e-04,0.03
9.462859e-04,0.03
9.462861e-04,0.01
9.462863e-04,0.03
9.462865e-04,-0.01
9.462867e-04,0.01
9.462869e-04,-0.01
9.462871e-04,0.01
9.462873e-04,0.05
9.462875e-04,0.03
9.462877e-04,0.03
9.462879e-04,0.05
9.462881e-04,0.01
9.462883e-04,0.03
9.462885e-04,0.03
9.462887e-04,0.03
9.462889e-04,0.01
9.462891e-04,0.03
9.462893e-04,0.03
9.462895e-04,0.03
9.462897e-04,0.03
9.462899e-04,0.03
9.462901e-04,0.03
9.462903e-04,0.01
9.462905e-04,0.01
9.462907e-04,0.05
9.462909e-04,0.03
9.462911e-04,0.03
9.462913e-04,0.01
9.462915e-04,0.01
9.462917e-04,0.03
9.462919e-04,0.01
9.462921e-04,0.01
9.462923e-04,0.01
9.462925e-04,0.03
9.462927e-04,0.03
9.462929e-04,0.01
9.462931e-04,0.03
9.462933e-04,0.05
9.462935e-04,0.05
9.462937e-04,0.01
9.462939e-04,0.03
9.462941e-04,0.03
9.462943e-04,0.03
9.462945e-04,0.03
9.462947e-04,0.03
9.462949e-04,0.03
9.462951e-04,0.03
9.462953e-04,0.03
9.462955e-04,0.03
9.462957e-04,0.03
9.462959e-04,0.01
9.462961e-04,0.01
9.462963e-04,0.01
9.462965e-04,0.01
9.462967e-04,0.01
9.462969e-04,-0.01
9.462971e-04,0.03
9.462973e-04,0.05
9.462975e-04,0.05
9.462977e-04,0.05
9.462979e-04,0.05
9.462981e-04,0.03
9.462983e-04,0.03
9.462985e-04,0.03
9.462987e-04,0.03
9.462989e-04,0.03
9.462991e-04,0.01
9.462993e-04,0.03
9.462995e-04,0.05
9.462997e-04,0.03
9.462999e-04,0.03
9.463001e-04,0.01
9.463003e-04,0.01
9.463005e-04,0.03
9.463007e-04,0.05
9.463009e-04,0.03
9.463011e-04,0.03
9.463013e-04,0.01
9.463015e-04,0.03
9.463017e-04,0.05
9.463019e-04,0.03
9.463021e-04,0.03
9.463023e-04,0.01
9.463025e-04,0.01
9.463027e-04,0.01
9.463029e-04,0.03
9.463031e-04,0.05
9.463033e-04,0.03
9.463035e-04,0.05
9.463037e-04,0.01
9.463039e-04,0.01
9.463041e-04,0.03
9.463043e-04,0.03
9.463045e-04,0.03
9.463047e-04,0.07
9.463049e-04,0.03
9.463051e-04,0.03
9.463053e-04,0.05
9.463055e-04,0.01
9.463057e-04,-0.01
9.463059e-04,0.03
9.463061e-04,0.01
9.463063e-04,0.01
9.463065e-04,0.05
9.463067e-04,0.01
9.463069e-04,0.03
9.463071e-04,0.03
9.463073e-04,0.03
9.463075e-04,0.01
9.463077e-04,0.01
9.463079e-04,0.03
9.463081e-04,0.01
9.463083e-04,0.03
9.463085e-04,0.03
9.463087e-04,0.01
9.463089e-04,0.03
9.463091e-04,0.03
9.463093e-04,0.05
9.463095e-04,0.05
9.463097e-04,0.03
9.463099e-04,0.03
9.463101e-04,0.03
9.463103e-04,0.05
9.463105e-04,0.03
9.463107e-04,0.03
9.463109e-04,0.05
9.463111e-04,0.05
9.463113e-04,0.05
9.463115e-04,0.01
9.463117e-04,0.01
9.463119e-04,0.03
9.463121e-04,0.03
9.463123e-04,0.05
9.463125e-04,0.03
9.463127e-04,0.03
9.463129e-04,-0.01
9.463131e-04,0.01
9.463133e-04,0.05
9.463135e-04,0.03
9.463137e-04,0.03
9.463139e-04,0.01
9.463141e-04,0.03
9.463143e-04,0.03
9.463145e-04,0.03
9.463147e-04,0.03
9.463149e-04,0.03
9.463151e-04,0.03
9.463153e-04,-0.01
9.463155e-04,0.01
9.463157e-04,0.01
9.463159e-04,0.03
9.463161e-04,0.03
9.463163e-04,0.01
9.463165e-04,-0.03
9.463167e-04,0.01
9.463169e-04,0.03
9.463171e-04,0.01
9.463173e-04,0.01
9.463175e-04,0.01
9.463177e-04,0.01
9.463179e-04,0.03
9.463181e-04,0.03
9.463183e-04,0.05
9.463185e-04,0.01
9.463187e-04,0.01
9.463189e-04,0.01
9.463191e-04,0.03
9.463193e-04,0.01
9.463195e-04,0.03
9.463197e-04,0.03
9.463199e-04,0.01
9.463201e-04,0.01
9.463203e-04,0.03
9.463205e-04,0.05
9.463207e-04,0.03
9.463209e-04,0.05
9.463211e-04,0.03
9.463213e-04,0.03
9.463215e-04,0.01
9.463217e-04,0.03
9.463219e-04,0.03
9.463221e-04,0.05
9.463223e-04,0.03
9.463225e-04,0.03
9.463227e-04,0.01
9.463229e-04,0.01
9.463231e-04,0.01
9.463233e-04,0.01
9.463235e-04,0.03
9.463237e-04,0.03
9.463239e-04,0.03
9.463241e-04,0.03
9.463243e-04,0.03
9.463245e-04,0.03
9.463247e-04,0.01
9.463249e-04,0.03
9.463251e-04,0.03
9.463253e-04,0.05
9.463255e-04,0.05
9.463257e-04,0.03
9.463259e-04,0.03
9.463261e-04,0.03
9.463263e-04,0.01
9.463265e-04,0.01
9.463267e-04,0.03
9.463269e-04,0.03
9.463271e-04,0.03
9.463273e-04,0.05
9.463275e-04,0.03
9.463277e-04,0.05
9.463279e-04,0.05
9.463281e-04,0.01
9.463283e-04,0.01
9.463285e-04,0.03
9.463287e-04,0.03
9.463289e-04,0.01
9.463291e-04,0.01
9.463293e-04,0.03
9.463295e-04,0.01
9.463297e-04,0.01
9.463299e-04,0.05
9.463301e-04,0.01
9.463303e-04,-0.01
9.463305e-04,-0.01
9.463307e-04,0.03
9.463309e-04,0.03
9.463311e-04,0.03
9.463313e-04,0.01
9.463315e-04,0.03
9.463317e-04,0.03
9.463319e-04,0.05
9.463321e-04,0.07
9.463323e-04,0.03
9.463325e-04,0.01
9.463327e-04,0.03
9.463329e-04,0.01
9.463331e-04,0.01
9.463333e-04,0.03
9.463335e-04,0.03
9.463337e-04,0.05
9.463339e-04,0.01
9.463341e-04,0.03
9.463343e-04,0.03
9.463345e-04,0.01
9.463347e-04,0.01
9.463349e-04,-0.01
9.463351e-04,0.05
9.463353e-04,0.03
9.463355e-04,-0.01
9.463357e-04,0.03
9.463359e-04,0.01
9.463361e-04,0.03
9.463363e-04,0.03
9.463365e-04,0.05
9.463367e-04,0.01
9.463369e-04,0.01
9.463371e-04,0.03
9.463373e-04,0.01
9.463375e-04,0.05
9.463377e-04,0.05
9.463379e-04,0.05
9.463381e-04,0.05
9.463383e-04,0.03
9.463385e-04,0.03
9.463387e-04,0.01
9.463389e-04,0.03
9.463391e-04,0.03
9.463393e-04,0.01
9.463395e-04,0.03
9.463397e-04,0.03
9.463399e-04,0.01
9.463401e-04,0.03
9.463403e-04,0.01
9.463405e-04,0.01
9.463407e-04,0.03
9.463409e-04,0.01
9.463411e-04,0.03
9.463413e-04,0.03
9.463415e-04,0.03
9.463417e-04,0.03
9.463419e-04,0.03
9.463421e-04,0.03
9.463423e-04,0.01
9.463425e-04,0.05
9.463427e-04,0.01
9.463429e-04,0.01
9.463431e-04,0.01
9.463433e-04,0.01
9.463435e-04,0.03
9.463437e-04,0.01
9.463439e-04,-0.01
9.463441e-04,0.03
9.463443e-04,0.05
9.463445e-04,0.03
9.463447e-04,0.01
9.463449e-04,0.01
9.463451e-04,0.05
9.463453e-04,0.05
9.463455e-04,0.01
9.463457e-04,0.03
9.463459e-04,0.03
9.463461e-04,0.01
9.463463e-04,0.01
9.463465e-04,0.01
9.463467e-04,0.05
9.463469e-04,0.03
9.463471e-04,0.01
9.463473e-04,-0.01
9.463475e-04,0.01
9.463477e-04,0.01
9.463479e-04,0.01
9.463481e-04,0.01
9.463483e-04,0.01
9.463485e-04,0.01
9.463487e-04,-0.01
9.463489e-04,0.01
9.463491e-04,0.01
9.463493e-04,0.01
9.463495e-04,0.03
9.463497e-04,0.03
9.463499e-04,-0.01
9.463501e-04,0.03
9.463503e-04,0.01
9.463505e-04,0.03
9.463507e-04,0.03
9.463509e-04,0.05
9.463511e-04,0.05
9.463513e-04,0.01
9.463515e-04,0.01
9.463517e-04,0.01
9.463519e-04,0.05
9.463521e-04,0.03
9.463523e-04,0.03
9.463525e-04,0.03
9.463527e-04,0.03
9.463529e-04,0.01
9.463531e-04,0.03
9.463533e-04,0.05
9.463535e-04,0.01
9.463537e-04,0.01
9.463539e-04,0.03
9.463541e-04,0.01
9.463543e-04,0.03
9.463545e-04,0.03
9.463547e-04,0.05
9.463549e-04,0.03
9.463551e-04,0.01
9.463553e-04,0.01
9.463555e-04,0.01
9.463557e-04,0.03
9.463559e-04,0.05
9.463561e-04,0.05
9.463563e-04,0.03
9.463565e-04,0.05
9.463567e-04,0.03
9.463569e-04,0.03
9.463571e-04,0.01
9.463573e-04,0.01
9.463575e-04,0.05
9.463577e-04,0.05
9.463579e-04,0.05
9.463581e-04,0.05
9.463583e-04,0.03
9.463585e-04,0.01
9.463587e-04,-0.01
9.463589e-04,0.03
9.463591e-04,0.01
9.463593e-04,0.03
9.463595e-04,0.03
9.463597e-04,0.01
9.463599e-04,0.01
9.463601e-04,0.03
9.463603e-04,0.03
9.463605e-04,0.03
9.463607e-04,0.01
9.463609e-04,-0.03
9.463611e-04,0.01
9.463613e-04,0.05
9.463615e-04,0.05
9.463617e-04,-0.01
9.463619e-04,0.01
9.463621e-04,0.03
9.463623e-04,0.01
9.463625e-04,0.03
9.463627e-04,-0.03
9.463629e-04,0.03
9.463631e-04,0.03
9.463633e-04,0.05
9.463635e-04,0.05
9.463637e-04,0.03
9.463639e-04,0.03
9.463641e-04,0.01
9.463643e-04,-0.01
9.463645e-04,0.03

